-- phpMyAdmin SQL Dump
-- version 5.2.1
-- https://www.phpmyadmin.net/
--
-- Host: 127.0.0.1:3306
-- Generation Time: Apr 14, 2025 at 07:15 AM
-- Server version: 8.3.0
-- PHP Version: 8.2.18

SET SQL_MODE = "NO_AUTO_VALUE_ON_ZERO";
START TRANSACTION;
SET time_zone = "+00:00";


/*!40101 SET @OLD_CHARACTER_SET_CLIENT=@@CHARACTER_SET_CLIENT */;
/*!40101 SET @OLD_CHARACTER_SET_RESULTS=@@CHARACTER_SET_RESULTS */;
/*!40101 SET @OLD_COLLATION_CONNECTION=@@COLLATION_CONNECTION */;
/*!40101 SET NAMES utf8mb4 */;

--
-- Database: `yotta_db`
--

-- --------------------------------------------------------

--
-- Table structure for table `academic_years`
--

DROP TABLE IF EXISTS `academic_years`;
CREATE TABLE IF NOT EXISTS `academic_years` (
  `id` bigint UNSIGNED NOT NULL AUTO_INCREMENT,
  `start_date` varchar(191) COLLATE utf8mb4_unicode_ci NOT NULL,
  `end_date` varchar(191) COLLATE utf8mb4_unicode_ci NOT NULL,
  `status` tinyint(1) NOT NULL DEFAULT '1',
  `created_at` timestamp NULL DEFAULT NULL,
  `updated_at` timestamp NULL DEFAULT NULL,
  PRIMARY KEY (`id`)
) ENGINE=MyISAM AUTO_INCREMENT=3 DEFAULT CHARSET=utf8mb4 COLLATE=utf8mb4_unicode_ci;

--
-- Dumping data for table `academic_years`
--

INSERT INTO `academic_years` (`id`, `start_date`, `end_date`, `status`, `created_at`, `updated_at`) VALUES
(1, '2024', '2025', 1, '2025-03-07 11:17:02', '2025-03-07 11:17:02'),
(2, '2025', '2026', 0, '2025-03-07 11:17:19', '2025-03-07 11:17:19');

-- --------------------------------------------------------

--
-- Table structure for table `attendances`
--

DROP TABLE IF EXISTS `attendances`;
CREATE TABLE IF NOT EXISTS `attendances` (
  `id` bigint UNSIGNED NOT NULL AUTO_INCREMENT,
  `period` enum('08:00 - 10:00','10:00 - 12:00','12:00 - 02:00') COLLATE utf8mb4_unicode_ci NOT NULL,
  `course_id` bigint UNSIGNED NOT NULL,
  `teacher_id` bigint UNSIGNED NOT NULL,
  `academic_year_id` bigint UNSIGNED NOT NULL,
  `level` enum('المستوى الاول','المستوى الثاني','المستوى الثالث','المستوى الرابع','المستوى الخامس','المستوى السادس','المستوى السابع') COLLATE utf8mb4_unicode_ci DEFAULT NULL,
  `department_id` bigint UNSIGNED NOT NULL,
  `lecture_date` date NOT NULL,
  `lecture_number` int NOT NULL,
  `data` json NOT NULL,
  `created_at` timestamp NULL DEFAULT NULL,
  `updated_at` timestamp NULL DEFAULT NULL,
  PRIMARY KEY (`id`),
  KEY `attendances_course_id_foreign` (`course_id`),
  KEY `attendances_teacher_id_foreign` (`teacher_id`),
  KEY `attendances_academic_year_id_foreign` (`academic_year_id`),
  KEY `attendances_department_id_foreign` (`department_id`)
) ENGINE=MyISAM AUTO_INCREMENT=5 DEFAULT CHARSET=utf8mb4 COLLATE=utf8mb4_unicode_ci;

--
-- Dumping data for table `attendances`
--

INSERT INTO `attendances` (`id`, `period`, `course_id`, `teacher_id`, `academic_year_id`, `level`, `department_id`, `lecture_date`, `lecture_number`, `data`, `created_at`, `updated_at`) VALUES
(1, '10:00 - 12:00', 4, 9, 1, 'المستوى الرابع', 1, '2025-04-12', 1, '[{\"id\": 1, \"name\": \"ابتسام نبيل حسن سلامه\", \"status\": \"0\"}, {\"id\": 2, \"name\": \"ابراهيم عبده محمد علي عيسى\", \"status\": \"1\"}, {\"id\": 3, \"name\": \"احمد زيد علي التام\", \"status\": \"1\"}, {\"id\": 4, \"name\": \"احمد عبدالله عثمان سعيد حيدر\", \"status\": \"1\"}, {\"id\": 5, \"name\": \"احمد عبده محمد المصقري\", \"status\": \"1\"}, {\"id\": 6, \"name\": \"احمد قايد محمد عقيل زياد\", \"status\": \"1\"}, {\"id\": 7, \"name\": \"احمد محمد عبدالله احمد المصنف\", \"status\": \"1\"}, {\"id\": 8, \"name\": \"اسامه اسماعيل عبدالله العزيني\", \"status\": \"1\"}, {\"id\": 9, \"name\": \"اسامه زيد علي محمد الحسني\", \"status\": \"1\"}, {\"id\": 10, \"name\": \"اسامه سعد علي حسين عيسى\", \"status\": \"0\"}, {\"id\": 11, \"name\": \"اسعد محمد حسين القوزعي\", \"status\": \"1\"}, {\"id\": 12, \"name\": \"اسماء عبدالجبار محمد علوان\", \"status\": \"0\"}, {\"id\": 13, \"name\": \"اسماء عبدالقوي محمد الاعرج\", \"status\": \"0\"}, {\"id\": 14, \"name\": \"اشراق عصام توفيق الفحفه\", \"status\": \"0\"}, {\"id\": 15, \"name\": \"اشرف غائم احمد مثنى\", \"status\": \"0\"}, {\"id\": 16, \"name\": \"اصيل توفيق عبده محمد الرضاع\", \"status\": \"0\"}, {\"id\": 17, \"name\": \"اصيل نبيل عبدالقادر صلاح\", \"status\": \"1\"}, {\"id\": 18, \"name\": \"اكرم صالح احمد مثنى\", \"status\": \"1\"}, {\"id\": 19, \"name\": \"الحسين صالح محمد حرام\", \"status\": \"1\"}, {\"id\": 20, \"name\": \"اماني محمد عبدالله الدغار\", \"status\": \"0\"}, {\"id\": 21, \"name\": \"امكالله عزالدين انس العزائي\", \"status\": \"0\"}, {\"id\": 22, \"name\": \"امجد محمد مهدوب حمود\", \"status\": \"0\"}, {\"id\": 23, \"name\": \"انس احمد محمد مرح\", \"status\": \"1\"}, {\"id\": 24, \"name\": \"انور علي يحيى مهدي السناحي\", \"status\": \"1\"}, {\"id\": 25, \"name\": \"اوسان جمال علي تاج الدين\", \"status\": \"1\"}, {\"id\": 26, \"name\": \"ايمان صالح عبدالله حجر\", \"status\": \"1\"}, {\"id\": 27, \"name\": \"ايمن احمد صالح حسن الريمي\", \"status\": \"1\"}, {\"id\": 28, \"name\": \"ايمن فؤاد احمد علي القاسمي\", \"status\": \"1\"}, {\"id\": 29, \"name\": \"ايوب بللا محمد محمد مشرح\", \"status\": \"1\"}, {\"id\": 30, \"name\": \"بازل علي احمد محمد عبدالله\", \"status\": \"1\"}, {\"id\": 31, \"name\": \"بللا ناصر علي ابوعاطف\", \"status\": \"1\"}, {\"id\": 32, \"name\": \"حاتم محمد غالب محمد صالح\", \"status\": \"0\"}, {\"id\": 33, \"name\": \"حزام ابراهيم احمد اليافعي\", \"status\": \"0\"}, {\"id\": 34, \"name\": \"حسن علي صالح دغيش\", \"status\": \"0\"}, {\"id\": 35, \"name\": \"حمزه يوسف منصور غالب\", \"status\": \"0\"}, {\"id\": 36, \"name\": \"حميد عبدالرحمن محمد الفاضلي\", \"status\": \"1\"}, {\"id\": 37, \"name\": \"حميد منصور محمد ناصر المجدوب\", \"status\": \"1\"}, {\"id\": 38, \"name\": \"حنين محمد علي شجاب\", \"status\": \"1\"}, {\"id\": 39, \"name\": \"خالد احمد عبدالله صالح\", \"status\": \"1\"}, {\"id\": 40, \"name\": \"خالد بن الوليد بحبي ناصر البخيتي\", \"status\": \"1\"}, {\"id\": 41, \"name\": \"خالد وليد محمد علوي ربيد\", \"status\": \"1\"}, {\"id\": 42, \"name\": \"رضوان قايد محمد السبعوري\", \"status\": \"1\"}, {\"id\": 43, \"name\": \"رعد صالح احمد القوياتي\", \"status\": \"1\"}, {\"id\": 44, \"name\": \"رفيع محمد مطيع السدعي\", \"status\": \"1\"}, {\"id\": 45, \"name\": \"رقية احمد صالح العستوت\", \"status\": \"1\"}, {\"id\": 46, \"name\": \"رمزي حزام ثابت الطاهوش\", \"status\": \"1\"}, {\"id\": 47, \"name\": \"ريان عبدالولي عبدربه احمد زياد\", \"status\": \"1\"}, {\"id\": 48, \"name\": \"ريم عبده احمد راجح\", \"status\": \"1\"}, {\"id\": 49, \"name\": \"زين الله بحبي عبدالله صالح\", \"status\": \"1\"}, {\"id\": 50, \"name\": \"زين علي عوض علي\", \"status\": \"0\"}, {\"id\": 51, \"name\": \"سارة عبدالكريم بحبي السماوي\", \"status\": \"0\"}, {\"id\": 52, \"name\": \"سامي عبدالحميد صالح المنصوب\", \"status\": \"0\"}, {\"id\": 53, \"name\": \"سرمد احمد عبدالرزاق احمد\", \"status\": \"0\"}, {\"id\": 54, \"name\": \"سفيان محمد محمد احمد الغيسي\", \"status\": \"0\"}, {\"id\": 55, \"name\": \"سلطان محمد صالح عبدالله الخيل\", \"status\": \"0\"}, {\"id\": 56, \"name\": \"سليم احمد سعد احمد المصقري\", \"status\": \"0\"}, {\"id\": 57, \"name\": \"سليم حسين ناصر احمد\", \"status\": \"1\"}, {\"id\": 58, \"name\": \"سيف احمد عزي بركات\", \"status\": \"1\"}, {\"id\": 59, \"name\": \"شرف الدين محمد احمد عقه\", \"status\": \"1\"}, {\"id\": 60, \"name\": \"شهد عتيق علي حيدر\", \"status\": \"1\"}, {\"id\": 61, \"name\": \"صديق فرحان عبدالشكور الشرعبي\", \"status\": \"1\"}, {\"id\": 62, \"name\": \"طه احمد علي المجاهد\", \"status\": \"1\"}, {\"id\": 63, \"name\": \"عاد علي معاذ حسن الكبودي\", \"status\": \"1\"}, {\"id\": 64, \"name\": \"عبداﻻله احمد علي الصهيبي\", \"status\": \"1\"}, {\"id\": 65, \"name\": \"عبداﻻله عبده ثابت احمد الشامي\", \"status\": \"1\"}, {\"id\": 66, \"name\": \"عبدالحفيظ علي احمد مهدي السماوي\", \"status\": \"0\"}, {\"id\": 67, \"name\": \"عبدالرحمن صادق علي محمد ضوره  \", \"status\": \"0\"}, {\"id\": 68, \"name\": \"عبدالرحمن محمد حسن مرعي\", \"status\": \"0\"}, {\"id\": 69, \"name\": \"عبدالرحمن محمد مطهر صالح خالد\", \"status\": \"0\"}, {\"id\": 70, \"name\": \"عبدالرحمن يحيى علي مشرح\", \"status\": \"0\"}, {\"id\": 71, \"name\": \"عبدالرحيم محمد غالب محمد الضيباني\", \"status\": \"0\"}, {\"id\": 72, \"name\": \"عبدالرزاق محمد علي عمران\", \"status\": \"0\"}, {\"id\": 73, \"name\": \"عبدالسلام حاتم علي الكرمدي\", \"status\": \"1\"}, {\"id\": 74, \"name\": \"عبدالكريم احمد محمد صالح القيسي\", \"status\": \"1\"}, {\"id\": 75, \"name\": \"عبدالله احمد عبده قايد\", \"status\": \"1\"}, {\"id\": 76, \"name\": \"عبدالله احمد محمد النشاد\", \"status\": \"1\"}, {\"id\": 77, \"name\": \"عبدالله عبدالكريم عبدالله محمد الديلمي\", \"status\": \"1\"}, {\"id\": 78, \"name\": \"عبدالله عبدالله مهدي حنش\", \"status\": \"1\"}, {\"id\": 79, \"name\": \"عبدالله فتح الدين محمد حاتم\", \"status\": \"1\"}, {\"id\": 80, \"name\": \"عبدالله نشطان خالد عبده الهتاري\", \"status\": \"1\"}, {\"id\": 81, \"name\": \"عبدالمجيد عبدالله احمد صالح النقيب\", \"status\": \"1\"}, {\"id\": 82, \"name\": \"عبدالمجيد عبدالله علي الخولاني\", \"status\": \"0\"}, {\"id\": 83, \"name\": \"عبدالوكيل عباس عبدالله الخضر\", \"status\": \"1\"}, {\"id\": 84, \"name\": \"عبدالوهاب عادل صالح محمد حسان\", \"status\": \"0\"}, {\"id\": 85, \"name\": \"عرفات عارف عبدالله حوشية\", \"status\": \"1\"}, {\"id\": 86, \"name\": \"عزالدين عبده احمد علي البحري\", \"status\": \"1\"}, {\"id\": 87, \"name\": \"عصام محمد احمد محمد القرني\", \"status\": \"1\"}, {\"id\": 88, \"name\": \"علا حسن صالح محمد العبسي\", \"status\": \"1\"}, {\"id\": 89, \"name\": \"علوية حسن صالح العيسي\", \"status\": \"1\"}, {\"id\": 90, \"name\": \"علي خالد علي سالم الربيعان\", \"status\": \"0\"}, {\"id\": 91, \"name\": \"علي صالح محمد القمري\", \"status\": \"0\"}, {\"id\": 92, \"name\": \"علي مجاهد مهدي هادي العفاد\", \"status\": \"0\"}, {\"id\": 93, \"name\": \"علياء احمد عبدالله علي الوشلي\", \"status\": \"1\"}, {\"id\": 94, \"name\": \"عماد عادل علي احمد السنباني\", \"status\": \"1\"}, {\"id\": 95, \"name\": \"عمادالدين رياض صالح مهدي المنصوب\", \"status\": \"1\"}, {\"id\": 96, \"name\": \"عمار علي علي السماوي\", \"status\": \"1\"}, {\"id\": 97, \"name\": \"عمر احمد عثمان علي\", \"status\": \"1\"}, {\"id\": 98, \"name\": \"عمر عبده محمد جارالله العسكري\", \"status\": \"1\"}, {\"id\": 99, \"name\": \"عمرو عايش سعيد عوض\", \"status\": \"1\"}, {\"id\": 100, \"name\": \"عمرو فواز محمد الحبشي\", \"status\": \"1\"}, {\"id\": 101, \"name\": \"عمرو قاسم علي محمد القعاري\", \"status\": \"1\"}, {\"id\": 102, \"name\": \"عهد بشير علي الكولي\", \"status\": \"1\"}, {\"id\": 103, \"name\": \"عبسي احمد حسين الجعدبي\", \"status\": \"1\"}, {\"id\": 104, \"name\": \"عبسي عمران مقرح سعيد\", \"status\": \"1\"}, {\"id\": 105, \"name\": \"فاطمة عبده طاهر عبدالرحمن النهاري\", \"status\": \"1\"}, {\"id\": 106, \"name\": \"فضل حاتم غالب محمد\", \"status\": \"0\"}, {\"id\": 107, \"name\": \"فيصل صالح احمد احمد عيسى\", \"status\": \"1\"}, {\"id\": 108, \"name\": \"قناف احمد عبدالله عبدربه المرامي\", \"status\": \"0\"}, {\"id\": 109, \"name\": \"لؤي عبدالله احمد عبدالله\", \"status\": \"1\"}, {\"id\": 110, \"name\": \"ماجد عبدالله يحيى عبده\", \"status\": \"1\"}, {\"id\": 111, \"name\": \"محمد احمد علي محمد صالح\", \"status\": \"1\"}, {\"id\": 112, \"name\": \"محمد احمد محمد الرشيدي\", \"status\": \"1\"}, {\"id\": 113, \"name\": \"محمد تيسير احمد علي قاسم\", \"status\": \"1\"}, {\"id\": 114, \"name\": \"محمد دحان احمد قاسم محرم\", \"status\": \"1\"}, {\"id\": 115, \"name\": \"محمد عارف محمد المجهلي\", \"status\": \"1\"}, {\"id\": 116, \"name\": \"محمد عبدالرحمن جزام صالح العماري\", \"status\": \"1\"}, {\"id\": 117, \"name\": \"محمد عبدالعزيز صالح محمد مصلح\", \"status\": \"1\"}, {\"id\": 118, \"name\": \"محمد عبدالكريم حسن ناجي السلامي\", \"status\": \"1\"}, {\"id\": 119, \"name\": \"محمد عبدالكريم محمد النهاري\", \"status\": \"1\"}, {\"id\": 120, \"name\": \"محمد علي عبدالله علي القرش\", \"status\": \"1\"}, {\"id\": 121, \"name\": \"محمد مراد يحيى البخيتي\", \"status\": \"1\"}, {\"id\": 122, \"name\": \"محمد منير مقبل عوض العيسى\", \"status\": \"1\"}, {\"id\": 123, \"name\": \"مروان عادل ناصر علي شرھان\", \"status\": \"0\"}, {\"id\": 124, \"name\": \"مسعد علي مسعد محمد العولقي\", \"status\": \"0\"}, {\"id\": 125, \"name\": \"مطرف محمد احمد شقام\", \"status\": \"0\"}, {\"id\": 126, \"name\": \"معاذ عبدالسلام حيدر علي الصالحي\", \"status\": \"1\"}, {\"id\": 127, \"name\": \"معاذ محمد عبده محمد الذيب\", \"status\": \"1\"}, {\"id\": 128, \"name\": \"منال محمد علي الحدي\", \"status\": \"1\"}, {\"id\": 129, \"name\": \"مهند وھيب حسن عبدالرحمن\", \"status\": \"1\"}, {\"id\": 130, \"name\": \"موسى محروز علي صالح الجلال\", \"status\": \"1\"}, {\"id\": 131, \"name\": \"ميس احمد محمد زندال\", \"status\": \"0\"}, {\"id\": 132, \"name\": \"ناظم قيس ناجي قايد الفحفه\", \"status\": \"1\"}, {\"id\": 133, \"name\": \"نايف محمد محمد مصلح منيف\", \"status\": \"0\"}, {\"id\": 134, \"name\": \"نجم الدين احمد حسين يحيى القعافي\", \"status\": \"1\"}, {\"id\": 135, \"name\": \"نصر الدين محمد احمد علي قاسم\", \"status\": \"1\"}, {\"id\": 136, \"name\": \"نوال عبدالواسع عبدالله النهاري\", \"status\": \"1\"}, {\"id\": 137, \"name\": \"نورالعين نبيل مالك العزاني\", \"status\": \"1\"}, {\"id\": 138, \"name\": \"هارون محمد محمد علي محمد الشويخ\", \"status\": \"1\"}, {\"id\": 139, \"name\": \"هديل عبدالسلام مصلح غانم\", \"status\": \"1\"}, {\"id\": 140, \"name\": \"هديل يحبي محمد احمد المجهلي\", \"status\": \"1\"}, {\"id\": 141, \"name\": \"هلا عبده هائل سلام نعمان\", \"status\": \"1\"}, {\"id\": 142, \"name\": \"وجدان بسام عبدالله الهتاري\", \"status\": \"1\"}, {\"id\": 143, \"name\": \"وجدان نجيب مانع المقدشي\", \"status\": \"0\"}, {\"id\": 144, \"name\": \"وهيب علي علي سعيد الضيباني\", \"status\": \"0\"}, {\"id\": 145, \"name\": \"يحيى عبدالله مانع سعد المقدشي\", \"status\": \"0\"}, {\"id\": 146, \"name\": \"يحيى محمد يحبي عباش\", \"status\": \"1\"}]', '2025-04-11 22:18:19', '2025-04-11 22:18:19'),
(2, '10:00 - 12:00', 4, 9, 1, 'المستوى الرابع', 1, '2025-04-12', 2, '[{\"id\": 1, \"name\": \"ابتسام نبيل حسن سلامه\", \"status\": \"0\"}, {\"id\": 2, \"name\": \"ابراهيم عبده محمد علي عيسى\", \"status\": \"0\"}, {\"id\": 3, \"name\": \"احمد زيد علي التام\", \"status\": \"0\"}, {\"id\": 4, \"name\": \"احمد عبدالله عثمان سعيد حيدر\", \"status\": \"0\"}, {\"id\": 5, \"name\": \"احمد عبده محمد المصقري\", \"status\": \"0\"}, {\"id\": 6, \"name\": \"احمد قايد محمد عقيل زياد\", \"status\": \"0\"}, {\"id\": 7, \"name\": \"احمد محمد عبدالله احمد المصنف\", \"status\": \"0\"}, {\"id\": 8, \"name\": \"اسامه اسماعيل عبدالله العزيني\", \"status\": \"0\"}, {\"id\": 9, \"name\": \"اسامه زيد علي محمد الحسني\", \"status\": \"0\"}, {\"id\": 10, \"name\": \"اسامه سعد علي حسين عيسى\", \"status\": \"0\"}, {\"id\": 11, \"name\": \"اسعد محمد حسين القوزعي\", \"status\": \"0\"}, {\"id\": 12, \"name\": \"اسماء عبدالجبار محمد علوان\", \"status\": \"0\"}, {\"id\": 13, \"name\": \"اسماء عبدالقوي محمد الاعرج\", \"status\": \"0\"}, {\"id\": 14, \"name\": \"اشراق عصام توفيق الفحفه\", \"status\": \"0\"}, {\"id\": 15, \"name\": \"اشرف غائم احمد مثنى\", \"status\": \"0\"}, {\"id\": 16, \"name\": \"اصيل توفيق عبده محمد الرضاع\", \"status\": \"0\"}, {\"id\": 17, \"name\": \"اصيل نبيل عبدالقادر صلاح\", \"status\": \"0\"}, {\"id\": 18, \"name\": \"اكرم صالح احمد مثنى\", \"status\": \"0\"}, {\"id\": 19, \"name\": \"الحسين صالح محمد حرام\", \"status\": \"0\"}, {\"id\": 20, \"name\": \"اماني محمد عبدالله الدغار\", \"status\": \"0\"}, {\"id\": 21, \"name\": \"امكالله عزالدين انس العزائي\", \"status\": \"0\"}, {\"id\": 22, \"name\": \"امجد محمد مهدوب حمود\", \"status\": \"0\"}, {\"id\": 23, \"name\": \"انس احمد محمد مرح\", \"status\": \"0\"}, {\"id\": 24, \"name\": \"انور علي يحيى مهدي السناحي\", \"status\": \"0\"}, {\"id\": 25, \"name\": \"اوسان جمال علي تاج الدين\", \"status\": \"0\"}, {\"id\": 26, \"name\": \"ايمان صالح عبدالله حجر\", \"status\": \"0\"}, {\"id\": 27, \"name\": \"ايمن احمد صالح حسن الريمي\", \"status\": \"0\"}, {\"id\": 28, \"name\": \"ايمن فؤاد احمد علي القاسمي\", \"status\": \"0\"}, {\"id\": 29, \"name\": \"ايوب بللا محمد محمد مشرح\", \"status\": \"0\"}, {\"id\": 30, \"name\": \"بازل علي احمد محمد عبدالله\", \"status\": \"0\"}, {\"id\": 31, \"name\": \"بللا ناصر علي ابوعاطف\", \"status\": \"0\"}, {\"id\": 32, \"name\": \"حاتم محمد غالب محمد صالح\", \"status\": \"0\"}, {\"id\": 33, \"name\": \"حزام ابراهيم احمد اليافعي\", \"status\": \"0\"}, {\"id\": 34, \"name\": \"حسن علي صالح دغيش\", \"status\": \"0\"}, {\"id\": 35, \"name\": \"حمزه يوسف منصور غالب\", \"status\": \"0\"}, {\"id\": 36, \"name\": \"حميد عبدالرحمن محمد الفاضلي\", \"status\": \"0\"}, {\"id\": 37, \"name\": \"حميد منصور محمد ناصر المجدوب\", \"status\": \"0\"}, {\"id\": 38, \"name\": \"حنين محمد علي شجاب\", \"status\": \"0\"}, {\"id\": 39, \"name\": \"خالد احمد عبدالله صالح\", \"status\": \"0\"}, {\"id\": 40, \"name\": \"خالد بن الوليد بحبي ناصر البخيتي\", \"status\": \"0\"}, {\"id\": 41, \"name\": \"خالد وليد محمد علوي ربيد\", \"status\": \"0\"}, {\"id\": 42, \"name\": \"رضوان قايد محمد السبعوري\", \"status\": \"0\"}, {\"id\": 43, \"name\": \"رعد صالح احمد القوياتي\", \"status\": \"0\"}, {\"id\": 44, \"name\": \"رفيع محمد مطيع السدعي\", \"status\": \"0\"}, {\"id\": 45, \"name\": \"رقية احمد صالح العستوت\", \"status\": \"0\"}, {\"id\": 46, \"name\": \"رمزي حزام ثابت الطاهوش\", \"status\": \"0\"}, {\"id\": 47, \"name\": \"ريان عبدالولي عبدربه احمد زياد\", \"status\": \"0\"}, {\"id\": 48, \"name\": \"ريم عبده احمد راجح\", \"status\": \"0\"}, {\"id\": 49, \"name\": \"زين الله بحبي عبدالله صالح\", \"status\": \"0\"}, {\"id\": 50, \"name\": \"زين علي عوض علي\", \"status\": \"0\"}, {\"id\": 51, \"name\": \"سارة عبدالكريم بحبي السماوي\", \"status\": \"0\"}, {\"id\": 52, \"name\": \"سامي عبدالحميد صالح المنصوب\", \"status\": \"0\"}, {\"id\": 53, \"name\": \"سرمد احمد عبدالرزاق احمد\", \"status\": \"0\"}, {\"id\": 54, \"name\": \"سفيان محمد محمد احمد الغيسي\", \"status\": \"0\"}, {\"id\": 55, \"name\": \"سلطان محمد صالح عبدالله الخيل\", \"status\": \"0\"}, {\"id\": 56, \"name\": \"سليم احمد سعد احمد المصقري\", \"status\": \"0\"}, {\"id\": 57, \"name\": \"سليم حسين ناصر احمد\", \"status\": \"0\"}, {\"id\": 58, \"name\": \"سيف احمد عزي بركات\", \"status\": \"0\"}, {\"id\": 59, \"name\": \"شرف الدين محمد احمد عقه\", \"status\": \"0\"}, {\"id\": 60, \"name\": \"شهد عتيق علي حيدر\", \"status\": \"0\"}, {\"id\": 61, \"name\": \"صديق فرحان عبدالشكور الشرعبي\", \"status\": \"0\"}, {\"id\": 62, \"name\": \"طه احمد علي المجاهد\", \"status\": \"0\"}, {\"id\": 63, \"name\": \"عاد علي معاذ حسن الكبودي\", \"status\": \"0\"}, {\"id\": 64, \"name\": \"عبداﻻله احمد علي الصهيبي\", \"status\": \"0\"}, {\"id\": 65, \"name\": \"عبداﻻله عبده ثابت احمد الشامي\", \"status\": \"0\"}, {\"id\": 66, \"name\": \"عبدالحفيظ علي احمد مهدي السماوي\", \"status\": \"0\"}, {\"id\": 67, \"name\": \"عبدالرحمن صادق علي محمد ضوره  \", \"status\": \"0\"}, {\"id\": 68, \"name\": \"عبدالرحمن محمد حسن مرعي\", \"status\": \"0\"}, {\"id\": 69, \"name\": \"عبدالرحمن محمد مطهر صالح خالد\", \"status\": \"0\"}, {\"id\": 70, \"name\": \"عبدالرحمن يحيى علي مشرح\", \"status\": \"0\"}, {\"id\": 71, \"name\": \"عبدالرحيم محمد غالب محمد الضيباني\", \"status\": \"0\"}, {\"id\": 72, \"name\": \"عبدالرزاق محمد علي عمران\", \"status\": \"0\"}, {\"id\": 73, \"name\": \"عبدالسلام حاتم علي الكرمدي\", \"status\": \"0\"}, {\"id\": 74, \"name\": \"عبدالكريم احمد محمد صالح القيسي\", \"status\": \"0\"}, {\"id\": 75, \"name\": \"عبدالله احمد عبده قايد\", \"status\": \"0\"}, {\"id\": 76, \"name\": \"عبدالله احمد محمد النشاد\", \"status\": \"0\"}, {\"id\": 77, \"name\": \"عبدالله عبدالكريم عبدالله محمد الديلمي\", \"status\": \"0\"}, {\"id\": 78, \"name\": \"عبدالله عبدالله مهدي حنش\", \"status\": \"0\"}, {\"id\": 79, \"name\": \"عبدالله فتح الدين محمد حاتم\", \"status\": \"0\"}, {\"id\": 80, \"name\": \"عبدالله نشطان خالد عبده الهتاري\", \"status\": \"0\"}, {\"id\": 81, \"name\": \"عبدالمجيد عبدالله احمد صالح النقيب\", \"status\": \"0\"}, {\"id\": 82, \"name\": \"عبدالمجيد عبدالله علي الخولاني\", \"status\": \"0\"}, {\"id\": 83, \"name\": \"عبدالوكيل عباس عبدالله الخضر\", \"status\": \"0\"}, {\"id\": 84, \"name\": \"عبدالوهاب عادل صالح محمد حسان\", \"status\": \"0\"}, {\"id\": 85, \"name\": \"عرفات عارف عبدالله حوشية\", \"status\": \"1\"}, {\"id\": 86, \"name\": \"عزالدين عبده احمد علي البحري\", \"status\": \"0\"}, {\"id\": 87, \"name\": \"عصام محمد احمد محمد القرني\", \"status\": \"0\"}, {\"id\": 88, \"name\": \"علا حسن صالح محمد العبسي\", \"status\": \"0\"}, {\"id\": 89, \"name\": \"علوية حسن صالح العيسي\", \"status\": \"0\"}, {\"id\": 90, \"name\": \"علي خالد علي سالم الربيعان\", \"status\": \"0\"}, {\"id\": 91, \"name\": \"علي صالح محمد القمري\", \"status\": \"0\"}, {\"id\": 92, \"name\": \"علي مجاهد مهدي هادي العفاد\", \"status\": \"0\"}, {\"id\": 93, \"name\": \"علياء احمد عبدالله علي الوشلي\", \"status\": \"0\"}, {\"id\": 94, \"name\": \"عماد عادل علي احمد السنباني\", \"status\": \"0\"}, {\"id\": 95, \"name\": \"عمادالدين رياض صالح مهدي المنصوب\", \"status\": \"0\"}, {\"id\": 96, \"name\": \"عمار علي علي السماوي\", \"status\": \"0\"}, {\"id\": 97, \"name\": \"عمر احمد عثمان علي\", \"status\": \"0\"}, {\"id\": 98, \"name\": \"عمر عبده محمد جارالله العسكري\", \"status\": \"0\"}, {\"id\": 99, \"name\": \"عمرو عايش سعيد عوض\", \"status\": \"0\"}, {\"id\": 100, \"name\": \"عمرو فواز محمد الحبشي\", \"status\": \"0\"}, {\"id\": 101, \"name\": \"عمرو قاسم علي محمد القعاري\", \"status\": \"0\"}, {\"id\": 102, \"name\": \"عهد بشير علي الكولي\", \"status\": \"0\"}, {\"id\": 103, \"name\": \"عبسي احمد حسين الجعدبي\", \"status\": \"0\"}, {\"id\": 104, \"name\": \"عبسي عمران مقرح سعيد\", \"status\": \"0\"}, {\"id\": 105, \"name\": \"فاطمة عبده طاهر عبدالرحمن النهاري\", \"status\": \"0\"}, {\"id\": 106, \"name\": \"فضل حاتم غالب محمد\", \"status\": \"0\"}, {\"id\": 107, \"name\": \"فيصل صالح احمد احمد عيسى\", \"status\": \"0\"}, {\"id\": 108, \"name\": \"قناف احمد عبدالله عبدربه المرامي\", \"status\": \"0\"}, {\"id\": 109, \"name\": \"لؤي عبدالله احمد عبدالله\", \"status\": \"0\"}, {\"id\": 110, \"name\": \"ماجد عبدالله يحيى عبده\", \"status\": \"0\"}, {\"id\": 111, \"name\": \"محمد احمد علي محمد صالح\", \"status\": \"0\"}, {\"id\": 112, \"name\": \"محمد احمد محمد الرشيدي\", \"status\": \"0\"}, {\"id\": 113, \"name\": \"محمد تيسير احمد علي قاسم\", \"status\": \"0\"}, {\"id\": 114, \"name\": \"محمد دحان احمد قاسم محرم\", \"status\": \"0\"}, {\"id\": 115, \"name\": \"محمد عارف محمد المجهلي\", \"status\": \"0\"}, {\"id\": 116, \"name\": \"محمد عبدالرحمن جزام صالح العماري\", \"status\": \"0\"}, {\"id\": 117, \"name\": \"محمد عبدالعزيز صالح محمد مصلح\", \"status\": \"0\"}, {\"id\": 118, \"name\": \"محمد عبدالكريم حسن ناجي السلامي\", \"status\": \"0\"}, {\"id\": 119, \"name\": \"محمد عبدالكريم محمد النهاري\", \"status\": \"0\"}, {\"id\": 120, \"name\": \"محمد علي عبدالله علي القرش\", \"status\": \"0\"}, {\"id\": 121, \"name\": \"محمد مراد يحيى البخيتي\", \"status\": \"0\"}, {\"id\": 122, \"name\": \"محمد منير مقبل عوض العيسى\", \"status\": \"0\"}, {\"id\": 123, \"name\": \"مروان عادل ناصر علي شرھان\", \"status\": \"0\"}, {\"id\": 124, \"name\": \"مسعد علي مسعد محمد العولقي\", \"status\": \"0\"}, {\"id\": 125, \"name\": \"مطرف محمد احمد شقام\", \"status\": \"0\"}, {\"id\": 126, \"name\": \"معاذ عبدالسلام حيدر علي الصالحي\", \"status\": \"0\"}, {\"id\": 127, \"name\": \"معاذ محمد عبده محمد الذيب\", \"status\": \"0\"}, {\"id\": 128, \"name\": \"منال محمد علي الحدي\", \"status\": \"0\"}, {\"id\": 129, \"name\": \"مهند وھيب حسن عبدالرحمن\", \"status\": \"0\"}, {\"id\": 130, \"name\": \"موسى محروز علي صالح الجلال\", \"status\": \"0\"}, {\"id\": 131, \"name\": \"ميس احمد محمد زندال\", \"status\": \"0\"}, {\"id\": 132, \"name\": \"ناظم قيس ناجي قايد الفحفه\", \"status\": \"0\"}, {\"id\": 133, \"name\": \"نايف محمد محمد مصلح منيف\", \"status\": \"0\"}, {\"id\": 134, \"name\": \"نجم الدين احمد حسين يحيى القعافي\", \"status\": \"0\"}, {\"id\": 135, \"name\": \"نصر الدين محمد احمد علي قاسم\", \"status\": \"0\"}, {\"id\": 136, \"name\": \"نوال عبدالواسع عبدالله النهاري\", \"status\": \"0\"}, {\"id\": 137, \"name\": \"نورالعين نبيل مالك العزاني\", \"status\": \"0\"}, {\"id\": 138, \"name\": \"هارون محمد محمد علي محمد الشويخ\", \"status\": \"0\"}, {\"id\": 139, \"name\": \"هديل عبدالسلام مصلح غانم\", \"status\": \"0\"}, {\"id\": 140, \"name\": \"هديل يحبي محمد احمد المجهلي\", \"status\": \"0\"}, {\"id\": 141, \"name\": \"هلا عبده هائل سلام نعمان\", \"status\": \"0\"}, {\"id\": 142, \"name\": \"وجدان بسام عبدالله الهتاري\", \"status\": \"0\"}, {\"id\": 143, \"name\": \"وجدان نجيب مانع المقدشي\", \"status\": \"0\"}, {\"id\": 144, \"name\": \"وهيب علي علي سعيد الضيباني\", \"status\": \"0\"}, {\"id\": 145, \"name\": \"يحيى عبدالله مانع سعد المقدشي\", \"status\": \"0\"}, {\"id\": 146, \"name\": \"يحيى محمد يحبي عباش\", \"status\": \"0\"}]', '2025-04-11 22:18:19', '2025-04-11 22:18:19'),
(3, '08:00 - 10:00', 1, 8, 1, 'المستوى الرابع', 1, '2025-04-13', 1, '[{\"id\": 1, \"name\": \"ابتسام نبيل حسن سلامه\", \"status\": \"0\"}, {\"id\": 2, \"name\": \"ابراهيم عبده محمد علي عيسى\", \"status\": \"0\"}, {\"id\": 3, \"name\": \"احمد زيد علي التام\", \"status\": \"0\"}, {\"id\": 4, \"name\": \"احمد عبدالله عثمان سعيد حيدر\", \"status\": \"0\"}, {\"id\": 5, \"name\": \"احمد عبده محمد المصقري\", \"status\": \"0\"}, {\"id\": 6, \"name\": \"احمد قايد محمد عقيل زياد\", \"status\": \"1\"}, {\"id\": 7, \"name\": \"احمد محمد عبدالله احمد المصنف\", \"status\": \"1\"}, {\"id\": 8, \"name\": \"اسامه اسماعيل عبدالله العزيني\", \"status\": \"1\"}, {\"id\": 9, \"name\": \"اسامه زيد علي محمد الحسني\", \"status\": \"1\"}, {\"id\": 10, \"name\": \"اسامه سعد علي حسين عيسى\", \"status\": \"1\"}, {\"id\": 11, \"name\": \"اسعد محمد حسين القوزعي\", \"status\": \"1\"}, {\"id\": 12, \"name\": \"اسماء عبدالجبار محمد علوان\", \"status\": \"1\"}, {\"id\": 13, \"name\": \"اسماء عبدالقوي محمد الاعرج\", \"status\": \"1\"}, {\"id\": 14, \"name\": \"اشراق عصام توفيق الفحفه\", \"status\": \"1\"}, {\"id\": 15, \"name\": \"اشرف غائم احمد مثنى\", \"status\": \"1\"}, {\"id\": 16, \"name\": \"اصيل توفيق عبده محمد الرضاع\", \"status\": \"1\"}, {\"id\": 17, \"name\": \"اصيل نبيل عبدالقادر صلاح\", \"status\": \"1\"}, {\"id\": 18, \"name\": \"اكرم صالح احمد مثنى\", \"status\": \"1\"}, {\"id\": 19, \"name\": \"الحسين صالح محمد حرام\", \"status\": \"1\"}, {\"id\": 20, \"name\": \"اماني محمد عبدالله الدغار\", \"status\": \"1\"}, {\"id\": 21, \"name\": \"امكالله عزالدين انس العزائي\", \"status\": \"1\"}, {\"id\": 22, \"name\": \"امجد محمد مهدوب حمود\", \"status\": \"1\"}, {\"id\": 23, \"name\": \"انس احمد محمد مرح\", \"status\": \"1\"}, {\"id\": 24, \"name\": \"انور علي يحيى مهدي السناحي\", \"status\": \"1\"}, {\"id\": 25, \"name\": \"اوسان جمال علي تاج الدين\", \"status\": \"1\"}, {\"id\": 26, \"name\": \"ايمان صالح عبدالله حجر\", \"status\": \"1\"}, {\"id\": 27, \"name\": \"ايمن احمد صالح حسن الريمي\", \"status\": \"1\"}, {\"id\": 28, \"name\": \"ايمن فؤاد احمد علي القاسمي\", \"status\": \"1\"}, {\"id\": 29, \"name\": \"ايوب بللا محمد محمد مشرح\", \"status\": \"1\"}, {\"id\": 30, \"name\": \"بازل علي احمد محمد عبدالله\", \"status\": \"1\"}, {\"id\": 31, \"name\": \"بللا ناصر علي ابوعاطف\", \"status\": \"1\"}, {\"id\": 32, \"name\": \"حاتم محمد غالب محمد صالح\", \"status\": \"1\"}, {\"id\": 33, \"name\": \"حزام ابراهيم احمد اليافعي\", \"status\": \"1\"}, {\"id\": 34, \"name\": \"حسن علي صالح دغيش\", \"status\": \"1\"}, {\"id\": 35, \"name\": \"حمزه يوسف منصور غالب\", \"status\": \"1\"}, {\"id\": 36, \"name\": \"حميد عبدالرحمن محمد الفاضلي\", \"status\": \"1\"}, {\"id\": 37, \"name\": \"حميد منصور محمد ناصر المجدوب\", \"status\": \"1\"}, {\"id\": 38, \"name\": \"حنين محمد علي شجاب\", \"status\": \"1\"}, {\"id\": 39, \"name\": \"خالد احمد عبدالله صالح\", \"status\": \"1\"}, {\"id\": 40, \"name\": \"خالد بن الوليد بحبي ناصر البخيتي\", \"status\": \"1\"}, {\"id\": 41, \"name\": \"خالد وليد محمد علوي ربيد\", \"status\": \"1\"}, {\"id\": 42, \"name\": \"رضوان قايد محمد السبعوري\", \"status\": \"1\"}, {\"id\": 43, \"name\": \"رعد صالح احمد القوياتي\", \"status\": \"1\"}, {\"id\": 44, \"name\": \"رفيع محمد مطيع السدعي\", \"status\": \"1\"}, {\"id\": 45, \"name\": \"رقية احمد صالح العستوت\", \"status\": \"1\"}, {\"id\": 46, \"name\": \"رمزي حزام ثابت الطاهوش\", \"status\": \"1\"}, {\"id\": 47, \"name\": \"ريان عبدالولي عبدربه احمد زياد\", \"status\": \"1\"}, {\"id\": 48, \"name\": \"ريم عبده احمد راجح\", \"status\": \"1\"}, {\"id\": 49, \"name\": \"زين الله بحبي عبدالله صالح\", \"status\": \"1\"}, {\"id\": 50, \"name\": \"زين علي عوض علي\", \"status\": \"1\"}, {\"id\": 51, \"name\": \"سارة عبدالكريم بحبي السماوي\", \"status\": \"1\"}, {\"id\": 52, \"name\": \"سامي عبدالحميد صالح المنصوب\", \"status\": \"1\"}, {\"id\": 53, \"name\": \"سرمد احمد عبدالرزاق احمد\", \"status\": \"1\"}, {\"id\": 54, \"name\": \"سفيان محمد محمد احمد الغيسي\", \"status\": \"1\"}, {\"id\": 55, \"name\": \"سلطان محمد صالح عبدالله الخيل\", \"status\": \"1\"}, {\"id\": 56, \"name\": \"سليم احمد سعد احمد المصقري\", \"status\": \"1\"}, {\"id\": 57, \"name\": \"سليم حسين ناصر احمد\", \"status\": \"1\"}, {\"id\": 58, \"name\": \"سيف احمد عزي بركات\", \"status\": \"1\"}, {\"id\": 59, \"name\": \"شرف الدين محمد احمد عقه\", \"status\": \"1\"}, {\"id\": 60, \"name\": \"شهد عتيق علي حيدر\", \"status\": \"1\"}, {\"id\": 61, \"name\": \"صديق فرحان عبدالشكور الشرعبي\", \"status\": \"1\"}, {\"id\": 62, \"name\": \"طه احمد علي المجاهد\", \"status\": \"1\"}, {\"id\": 63, \"name\": \"عاد علي معاذ حسن الكبودي\", \"status\": \"1\"}, {\"id\": 64, \"name\": \"عبداﻻله احمد علي الصهيبي\", \"status\": \"1\"}, {\"id\": 65, \"name\": \"عبداﻻله عبده ثابت احمد الشامي\", \"status\": \"1\"}, {\"id\": 66, \"name\": \"عبدالحفيظ علي احمد مهدي السماوي\", \"status\": \"1\"}, {\"id\": 67, \"name\": \"عبدالرحمن صادق علي محمد ضوره  \", \"status\": \"1\"}, {\"id\": 68, \"name\": \"عبدالرحمن محمد حسن مرعي\", \"status\": \"1\"}, {\"id\": 69, \"name\": \"عبدالرحمن محمد مطهر صالح خالد\", \"status\": \"1\"}, {\"id\": 70, \"name\": \"عبدالرحمن يحيى علي مشرح\", \"status\": \"1\"}, {\"id\": 71, \"name\": \"عبدالرحيم محمد غالب محمد الضيباني\", \"status\": \"1\"}, {\"id\": 72, \"name\": \"عبدالرزاق محمد علي عمران\", \"status\": \"1\"}, {\"id\": 73, \"name\": \"عبدالسلام حاتم علي الكرمدي\", \"status\": \"1\"}, {\"id\": 74, \"name\": \"عبدالكريم احمد محمد صالح القيسي\", \"status\": \"1\"}, {\"id\": 75, \"name\": \"عبدالله احمد عبده قايد\", \"status\": \"1\"}, {\"id\": 76, \"name\": \"عبدالله احمد محمد النشاد\", \"status\": \"1\"}, {\"id\": 77, \"name\": \"عبدالله عبدالكريم عبدالله محمد الديلمي\", \"status\": \"1\"}, {\"id\": 78, \"name\": \"عبدالله عبدالله مهدي حنش\", \"status\": \"1\"}, {\"id\": 79, \"name\": \"عبدالله فتح الدين محمد حاتم\", \"status\": \"1\"}, {\"id\": 80, \"name\": \"عبدالله نشطان خالد عبده الهتاري\", \"status\": \"1\"}, {\"id\": 81, \"name\": \"عبدالمجيد عبدالله احمد صالح النقيب\", \"status\": \"1\"}, {\"id\": 82, \"name\": \"عبدالمجيد عبدالله علي الخولاني\", \"status\": \"1\"}, {\"id\": 83, \"name\": \"عبدالوكيل عباس عبدالله الخضر\", \"status\": \"1\"}, {\"id\": 84, \"name\": \"عبدالوهاب عادل صالح محمد حسان\", \"status\": \"1\"}, {\"id\": 85, \"name\": \"عرفات عارف عبدالله حوشية\", \"status\": \"1\"}, {\"id\": 86, \"name\": \"عزالدين عبده احمد علي البحري\", \"status\": \"1\"}, {\"id\": 87, \"name\": \"عصام محمد احمد محمد القرني\", \"status\": \"1\"}, {\"id\": 88, \"name\": \"علا حسن صالح محمد العبسي\", \"status\": \"1\"}, {\"id\": 89, \"name\": \"علوية حسن صالح العيسي\", \"status\": \"1\"}, {\"id\": 90, \"name\": \"علي خالد علي سالم الربيعان\", \"status\": \"1\"}, {\"id\": 91, \"name\": \"علي صالح محمد القمري\", \"status\": \"1\"}, {\"id\": 92, \"name\": \"علي مجاهد مهدي هادي العفاد\", \"status\": \"1\"}, {\"id\": 93, \"name\": \"علياء احمد عبدالله علي الوشلي\", \"status\": \"1\"}, {\"id\": 94, \"name\": \"عماد عادل علي احمد السنباني\", \"status\": \"1\"}, {\"id\": 95, \"name\": \"عمادالدين رياض صالح مهدي المنصوب\", \"status\": \"1\"}, {\"id\": 96, \"name\": \"عمار علي علي السماوي\", \"status\": \"1\"}, {\"id\": 97, \"name\": \"عمر احمد عثمان علي\", \"status\": \"1\"}, {\"id\": 98, \"name\": \"عمر عبده محمد جارالله العسكري\", \"status\": \"1\"}, {\"id\": 99, \"name\": \"عمرو عايش سعيد عوض\", \"status\": \"1\"}, {\"id\": 100, \"name\": \"عمرو فواز محمد الحبشي\", \"status\": \"1\"}, {\"id\": 101, \"name\": \"عمرو قاسم علي محمد القعاري\", \"status\": \"1\"}, {\"id\": 102, \"name\": \"عهد بشير علي الكولي\", \"status\": \"1\"}, {\"id\": 103, \"name\": \"عبسي احمد حسين الجعدبي\", \"status\": \"1\"}, {\"id\": 104, \"name\": \"عبسي عمران مقرح سعيد\", \"status\": \"1\"}, {\"id\": 105, \"name\": \"فاطمة عبده طاهر عبدالرحمن النهاري\", \"status\": \"1\"}, {\"id\": 106, \"name\": \"فضل حاتم غالب محمد\", \"status\": \"1\"}, {\"id\": 107, \"name\": \"فيصل صالح احمد احمد عيسى\", \"status\": \"1\"}, {\"id\": 108, \"name\": \"قناف احمد عبدالله عبدربه المرامي\", \"status\": \"1\"}, {\"id\": 109, \"name\": \"لؤي عبدالله احمد عبدالله\", \"status\": \"1\"}, {\"id\": 110, \"name\": \"ماجد عبدالله يحيى عبده\", \"status\": \"1\"}, {\"id\": 111, \"name\": \"محمد احمد علي محمد صالح\", \"status\": \"1\"}, {\"id\": 112, \"name\": \"محمد احمد محمد الرشيدي\", \"status\": \"1\"}, {\"id\": 113, \"name\": \"محمد تيسير احمد علي قاسم\", \"status\": \"1\"}, {\"id\": 114, \"name\": \"محمد دحان احمد قاسم محرم\", \"status\": \"1\"}, {\"id\": 115, \"name\": \"محمد عارف محمد المجهلي\", \"status\": \"1\"}, {\"id\": 116, \"name\": \"محمد عبدالرحمن جزام صالح العماري\", \"status\": \"1\"}, {\"id\": 117, \"name\": \"محمد عبدالعزيز صالح محمد مصلح\", \"status\": \"1\"}, {\"id\": 118, \"name\": \"محمد عبدالكريم حسن ناجي السلامي\", \"status\": \"1\"}, {\"id\": 119, \"name\": \"محمد عبدالكريم محمد النهاري\", \"status\": \"1\"}, {\"id\": 120, \"name\": \"محمد علي عبدالله علي القرش\", \"status\": \"1\"}, {\"id\": 121, \"name\": \"محمد مراد يحيى البخيتي\", \"status\": \"1\"}, {\"id\": 122, \"name\": \"محمد منير مقبل عوض العيسى\", \"status\": \"1\"}, {\"id\": 123, \"name\": \"مروان عادل ناصر علي شرھان\", \"status\": \"1\"}, {\"id\": 124, \"name\": \"مسعد علي مسعد محمد العولقي\", \"status\": \"1\"}, {\"id\": 125, \"name\": \"مطرف محمد احمد شقام\", \"status\": \"1\"}, {\"id\": 126, \"name\": \"معاذ عبدالسلام حيدر علي الصالحي\", \"status\": \"1\"}, {\"id\": 127, \"name\": \"معاذ محمد عبده محمد الذيب\", \"status\": \"1\"}, {\"id\": 128, \"name\": \"منال محمد علي الحدي\", \"status\": \"1\"}, {\"id\": 129, \"name\": \"مهند وھيب حسن عبدالرحمن\", \"status\": \"1\"}, {\"id\": 130, \"name\": \"موسى محروز علي صالح الجلال\", \"status\": \"1\"}, {\"id\": 131, \"name\": \"ميس احمد محمد زندال\", \"status\": \"1\"}, {\"id\": 132, \"name\": \"ناظم قيس ناجي قايد الفحفه\", \"status\": \"1\"}, {\"id\": 133, \"name\": \"نايف محمد محمد مصلح منيف\", \"status\": \"1\"}, {\"id\": 134, \"name\": \"نجم الدين احمد حسين يحيى القعافي\", \"status\": \"1\"}, {\"id\": 135, \"name\": \"نصر الدين محمد احمد علي قاسم\", \"status\": \"1\"}, {\"id\": 136, \"name\": \"نوال عبدالواسع عبدالله النهاري\", \"status\": \"1\"}, {\"id\": 137, \"name\": \"نورالعين نبيل مالك العزاني\", \"status\": \"1\"}, {\"id\": 138, \"name\": \"هارون محمد محمد علي محمد الشويخ\", \"status\": \"1\"}, {\"id\": 139, \"name\": \"هديل عبدالسلام مصلح غانم\", \"status\": \"1\"}, {\"id\": 140, \"name\": \"هديل يحبي محمد احمد المجهلي\", \"status\": \"1\"}, {\"id\": 141, \"name\": \"هلا عبده هائل سلام نعمان\", \"status\": \"1\"}, {\"id\": 142, \"name\": \"وجدان بسام عبدالله الهتاري\", \"status\": \"1\"}, {\"id\": 143, \"name\": \"وجدان نجيب مانع المقدشي\", \"status\": \"1\"}, {\"id\": 144, \"name\": \"وهيب علي علي سعيد الضيباني\", \"status\": \"1\"}, {\"id\": 145, \"name\": \"يحيى عبدالله مانع سعد المقدشي\", \"status\": \"1\"}, {\"id\": 146, \"name\": \"يحيى محمد يحبي عباش\", \"status\": \"1\"}]', '2025-04-13 09:29:54', '2025-04-13 09:29:54'),
(4, '10:00 - 12:00', 1, 1, 1, 'المستوى الرابع', 1, '2025-04-14', 1, '[{\"id\": 1, \"name\": \"ابتسام نبيل حسن سلامه\", \"status\": \"0\"}, {\"id\": 2, \"name\": \"ابراهيم عبده محمد علي عيسى\", \"status\": \"0\"}, {\"id\": 3, \"name\": \"احمد زيد علي التام\", \"status\": \"0\"}, {\"id\": 4, \"name\": \"احمد عبدالله عثمان سعيد حيدر\", \"status\": \"0\"}, {\"id\": 5, \"name\": \"احمد عبده محمد المصقري\", \"status\": \"0\"}, {\"id\": 6, \"name\": \"احمد قايد محمد عقيل زياد\", \"status\": \"0\"}, {\"id\": 7, \"name\": \"احمد محمد عبدالله احمد المصنف\", \"status\": \"0\"}, {\"id\": 8, \"name\": \"اسامه اسماعيل عبدالله العزيني\", \"status\": \"0\"}, {\"id\": 9, \"name\": \"اسامه زيد علي محمد الحسني\", \"status\": \"0\"}, {\"id\": 10, \"name\": \"اسامه سعد علي حسين عيسى\", \"status\": \"0\"}, {\"id\": 11, \"name\": \"اسعد محمد حسين القوزعي\", \"status\": \"0\"}, {\"id\": 12, \"name\": \"اسماء عبدالجبار محمد علوان\", \"status\": \"0\"}, {\"id\": 13, \"name\": \"اسماء عبدالقوي محمد الاعرج\", \"status\": \"0\"}, {\"id\": 14, \"name\": \"اشراق عصام توفيق الفحفه\", \"status\": \"1\"}, {\"id\": 15, \"name\": \"اشرف غائم احمد مثنى\", \"status\": \"1\"}, {\"id\": 16, \"name\": \"اصيل توفيق عبده محمد الرضاع\", \"status\": \"1\"}, {\"id\": 17, \"name\": \"اصيل نبيل عبدالقادر صلاح\", \"status\": \"1\"}, {\"id\": 18, \"name\": \"اكرم صالح احمد مثنى\", \"status\": \"1\"}, {\"id\": 19, \"name\": \"الحسين صالح محمد حرام\", \"status\": \"1\"}, {\"id\": 20, \"name\": \"اماني محمد عبدالله الدغار\", \"status\": \"1\"}, {\"id\": 21, \"name\": \"امكالله عزالدين انس العزائي\", \"status\": \"1\"}, {\"id\": 22, \"name\": \"امجد محمد مهدوب حمود\", \"status\": \"1\"}, {\"id\": 23, \"name\": \"انس احمد محمد مرح\", \"status\": \"1\"}, {\"id\": 24, \"name\": \"انور علي يحيى مهدي السناحي\", \"status\": \"1\"}, {\"id\": 25, \"name\": \"اوسان جمال علي تاج الدين\", \"status\": \"1\"}, {\"id\": 26, \"name\": \"ايمان صالح عبدالله حجر\", \"status\": \"1\"}, {\"id\": 27, \"name\": \"ايمن احمد صالح حسن الريمي\", \"status\": \"1\"}, {\"id\": 28, \"name\": \"ايمن فؤاد احمد علي القاسمي\", \"status\": \"1\"}, {\"id\": 29, \"name\": \"ايوب بللا محمد محمد مشرح\", \"status\": \"1\"}, {\"id\": 30, \"name\": \"بازل علي احمد محمد عبدالله\", \"status\": \"0\"}, {\"id\": 31, \"name\": \"بللا ناصر علي ابوعاطف\", \"status\": \"0\"}, {\"id\": 32, \"name\": \"حاتم محمد غالب محمد صالح\", \"status\": \"0\"}, {\"id\": 33, \"name\": \"حزام ابراهيم احمد اليافعي\", \"status\": \"1\"}, {\"id\": 34, \"name\": \"حسن علي صالح دغيش\", \"status\": \"1\"}, {\"id\": 35, \"name\": \"حمزه يوسف منصور غالب\", \"status\": \"1\"}, {\"id\": 36, \"name\": \"حميد عبدالرحمن محمد الفاضلي\", \"status\": \"1\"}, {\"id\": 37, \"name\": \"حميد منصور محمد ناصر المجدوب\", \"status\": \"1\"}, {\"id\": 38, \"name\": \"حنين محمد علي شجاب\", \"status\": \"1\"}, {\"id\": 39, \"name\": \"خالد احمد عبدالله صالح\", \"status\": \"1\"}, {\"id\": 40, \"name\": \"خالد بن الوليد بحبي ناصر البخيتي\", \"status\": \"1\"}, {\"id\": 41, \"name\": \"خالد وليد محمد علوي ربيد\", \"status\": \"1\"}, {\"id\": 42, \"name\": \"رضوان قايد محمد السبعوري\", \"status\": \"1\"}, {\"id\": 43, \"name\": \"رعد صالح احمد القوياتي\", \"status\": \"1\"}, {\"id\": 44, \"name\": \"رفيع محمد مطيع السدعي\", \"status\": \"1\"}, {\"id\": 45, \"name\": \"رقية احمد صالح العستوت\", \"status\": \"1\"}, {\"id\": 46, \"name\": \"رمزي حزام ثابت الطاهوش\", \"status\": \"1\"}, {\"id\": 47, \"name\": \"ريان عبدالولي عبدربه احمد زياد\", \"status\": \"1\"}, {\"id\": 48, \"name\": \"ريم عبده احمد راجح\", \"status\": \"1\"}, {\"id\": 49, \"name\": \"زين الله بحبي عبدالله صالح\", \"status\": \"1\"}, {\"id\": 50, \"name\": \"زين علي عوض علي\", \"status\": \"1\"}, {\"id\": 51, \"name\": \"سارة عبدالكريم بحبي السماوي\", \"status\": \"1\"}, {\"id\": 52, \"name\": \"سامي عبدالحميد صالح المنصوب\", \"status\": \"1\"}, {\"id\": 53, \"name\": \"سرمد احمد عبدالرزاق احمد\", \"status\": \"1\"}, {\"id\": 54, \"name\": \"سفيان محمد محمد احمد الغيسي\", \"status\": \"1\"}, {\"id\": 55, \"name\": \"سلطان محمد صالح عبدالله الخيل\", \"status\": \"1\"}, {\"id\": 56, \"name\": \"سليم احمد سعد احمد المصقري\", \"status\": \"1\"}, {\"id\": 57, \"name\": \"سليم حسين ناصر احمد\", \"status\": \"1\"}, {\"id\": 58, \"name\": \"سيف احمد عزي بركات\", \"status\": \"1\"}, {\"id\": 59, \"name\": \"شرف الدين محمد احمد عقه\", \"status\": \"1\"}, {\"id\": 60, \"name\": \"شهد عتيق علي حيدر\", \"status\": \"1\"}, {\"id\": 61, \"name\": \"صديق فرحان عبدالشكور الشرعبي\", \"status\": \"1\"}, {\"id\": 62, \"name\": \"طه احمد علي المجاهد\", \"status\": \"1\"}, {\"id\": 63, \"name\": \"عاد علي معاذ حسن الكبودي\", \"status\": \"1\"}, {\"id\": 64, \"name\": \"عبداﻻله احمد علي الصهيبي\", \"status\": \"1\"}, {\"id\": 65, \"name\": \"عبداﻻله عبده ثابت احمد الشامي\", \"status\": \"1\"}, {\"id\": 66, \"name\": \"عبدالحفيظ علي احمد مهدي السماوي\", \"status\": \"1\"}, {\"id\": 67, \"name\": \"عبدالرحمن صادق علي محمد ضوره  \", \"status\": \"1\"}, {\"id\": 68, \"name\": \"عبدالرحمن محمد حسن مرعي\", \"status\": \"1\"}, {\"id\": 69, \"name\": \"عبدالرحمن محمد مطهر صالح خالد\", \"status\": \"1\"}, {\"id\": 70, \"name\": \"عبدالرحمن يحيى علي مشرح\", \"status\": \"1\"}, {\"id\": 71, \"name\": \"عبدالرحيم محمد غالب محمد الضيباني\", \"status\": \"1\"}, {\"id\": 72, \"name\": \"عبدالرزاق محمد علي عمران\", \"status\": \"1\"}, {\"id\": 73, \"name\": \"عبدالسلام حاتم علي الكرمدي\", \"status\": \"1\"}, {\"id\": 74, \"name\": \"عبدالكريم احمد محمد صالح القيسي\", \"status\": \"1\"}, {\"id\": 75, \"name\": \"عبدالله احمد عبده قايد\", \"status\": \"1\"}, {\"id\": 76, \"name\": \"عبدالله احمد محمد النشاد\", \"status\": \"1\"}, {\"id\": 77, \"name\": \"عبدالله عبدالكريم عبدالله محمد الديلمي\", \"status\": \"1\"}, {\"id\": 78, \"name\": \"عبدالله عبدالله مهدي حنش\", \"status\": \"1\"}, {\"id\": 79, \"name\": \"عبدالله فتح الدين محمد حاتم\", \"status\": \"1\"}, {\"id\": 80, \"name\": \"عبدالله نشطان خالد عبده الهتاري\", \"status\": \"1\"}, {\"id\": 81, \"name\": \"عبدالمجيد عبدالله احمد صالح النقيب\", \"status\": \"1\"}, {\"id\": 82, \"name\": \"عبدالمجيد عبدالله علي الخولاني\", \"status\": \"1\"}, {\"id\": 83, \"name\": \"عبدالوكيل عباس عبدالله الخضر\", \"status\": \"1\"}, {\"id\": 84, \"name\": \"عبدالوهاب عادل صالح محمد حسان\", \"status\": \"1\"}, {\"id\": 85, \"name\": \"عرفات عارف عبدالله حوشية\", \"status\": \"0\"}, {\"id\": 86, \"name\": \"عزالدين عبده احمد علي البحري\", \"status\": \"1\"}, {\"id\": 87, \"name\": \"عصام محمد احمد محمد القرني\", \"status\": \"1\"}, {\"id\": 88, \"name\": \"علا حسن صالح محمد العبسي\", \"status\": \"1\"}, {\"id\": 89, \"name\": \"علوية حسن صالح العيسي\", \"status\": \"1\"}, {\"id\": 90, \"name\": \"علي خالد علي سالم الربيعان\", \"status\": \"1\"}, {\"id\": 91, \"name\": \"علي صالح محمد القمري\", \"status\": \"1\"}, {\"id\": 92, \"name\": \"علي مجاهد مهدي هادي العفاد\", \"status\": \"1\"}, {\"id\": 93, \"name\": \"علياء احمد عبدالله علي الوشلي\", \"status\": \"1\"}, {\"id\": 94, \"name\": \"عماد عادل علي احمد السنباني\", \"status\": \"1\"}, {\"id\": 95, \"name\": \"عمادالدين رياض صالح مهدي المنصوب\", \"status\": \"1\"}, {\"id\": 96, \"name\": \"عمار علي علي السماوي\", \"status\": \"1\"}, {\"id\": 97, \"name\": \"عمر احمد عثمان علي\", \"status\": \"1\"}, {\"id\": 98, \"name\": \"عمر عبده محمد جارالله العسكري\", \"status\": \"1\"}, {\"id\": 99, \"name\": \"عمرو عايش سعيد عوض\", \"status\": \"1\"}, {\"id\": 100, \"name\": \"عمرو فواز محمد الحبشي\", \"status\": \"1\"}, {\"id\": 101, \"name\": \"عمرو قاسم علي محمد القعاري\", \"status\": \"1\"}, {\"id\": 102, \"name\": \"عهد بشير علي الكولي\", \"status\": \"1\"}, {\"id\": 103, \"name\": \"عبسي احمد حسين الجعدبي\", \"status\": \"1\"}, {\"id\": 104, \"name\": \"عبسي عمران مقرح سعيد\", \"status\": \"1\"}, {\"id\": 105, \"name\": \"فاطمة عبده طاهر عبدالرحمن النهاري\", \"status\": \"1\"}, {\"id\": 106, \"name\": \"فضل حاتم غالب محمد\", \"status\": \"1\"}, {\"id\": 107, \"name\": \"فيصل صالح احمد احمد عيسى\", \"status\": \"1\"}, {\"id\": 108, \"name\": \"قناف احمد عبدالله عبدربه المرامي\", \"status\": \"1\"}, {\"id\": 109, \"name\": \"لؤي عبدالله احمد عبدالله\", \"status\": \"1\"}, {\"id\": 110, \"name\": \"ماجد عبدالله يحيى عبده\", \"status\": \"1\"}, {\"id\": 111, \"name\": \"محمد احمد علي محمد صالح\", \"status\": \"1\"}, {\"id\": 112, \"name\": \"محمد احمد محمد الرشيدي\", \"status\": \"1\"}, {\"id\": 113, \"name\": \"محمد تيسير احمد علي قاسم\", \"status\": \"1\"}, {\"id\": 114, \"name\": \"محمد دحان احمد قاسم محرم\", \"status\": \"1\"}, {\"id\": 115, \"name\": \"محمد عارف محمد المجهلي\", \"status\": \"1\"}, {\"id\": 116, \"name\": \"محمد عبدالرحمن جزام صالح العماري\", \"status\": \"1\"}, {\"id\": 117, \"name\": \"محمد عبدالعزيز صالح محمد مصلح\", \"status\": \"1\"}, {\"id\": 118, \"name\": \"محمد عبدالكريم حسن ناجي السلامي\", \"status\": \"1\"}, {\"id\": 119, \"name\": \"محمد عبدالكريم محمد النهاري\", \"status\": \"1\"}, {\"id\": 120, \"name\": \"محمد علي عبدالله علي القرش\", \"status\": \"1\"}, {\"id\": 121, \"name\": \"محمد مراد يحيى البخيتي\", \"status\": \"1\"}, {\"id\": 122, \"name\": \"محمد منير مقبل عوض العيسى\", \"status\": \"1\"}, {\"id\": 123, \"name\": \"مروان عادل ناصر علي شرھان\", \"status\": \"1\"}, {\"id\": 124, \"name\": \"مسعد علي مسعد محمد العولقي\", \"status\": \"1\"}, {\"id\": 125, \"name\": \"مطرف محمد احمد شقام\", \"status\": \"1\"}, {\"id\": 126, \"name\": \"معاذ عبدالسلام حيدر علي الصالحي\", \"status\": \"1\"}, {\"id\": 127, \"name\": \"معاذ محمد عبده محمد الذيب\", \"status\": \"1\"}, {\"id\": 128, \"name\": \"منال محمد علي الحدي\", \"status\": \"1\"}, {\"id\": 129, \"name\": \"مهند وھيب حسن عبدالرحمن\", \"status\": \"1\"}, {\"id\": 130, \"name\": \"موسى محروز علي صالح الجلال\", \"status\": \"1\"}, {\"id\": 131, \"name\": \"ميس احمد محمد زندال\", \"status\": \"1\"}, {\"id\": 132, \"name\": \"ناظم قيس ناجي قايد الفحفه\", \"status\": \"1\"}, {\"id\": 133, \"name\": \"نايف محمد محمد مصلح منيف\", \"status\": \"1\"}, {\"id\": 134, \"name\": \"نجم الدين احمد حسين يحيى القعافي\", \"status\": \"1\"}, {\"id\": 135, \"name\": \"نصر الدين محمد احمد علي قاسم\", \"status\": \"1\"}, {\"id\": 136, \"name\": \"نوال عبدالواسع عبدالله النهاري\", \"status\": \"1\"}, {\"id\": 137, \"name\": \"نورالعين نبيل مالك العزاني\", \"status\": \"1\"}, {\"id\": 138, \"name\": \"هارون محمد محمد علي محمد الشويخ\", \"status\": \"1\"}, {\"id\": 139, \"name\": \"هديل عبدالسلام مصلح غانم\", \"status\": \"1\"}, {\"id\": 140, \"name\": \"هديل يحبي محمد احمد المجهلي\", \"status\": \"1\"}, {\"id\": 141, \"name\": \"هلا عبده هائل سلام نعمان\", \"status\": \"1\"}, {\"id\": 142, \"name\": \"وجدان بسام عبدالله الهتاري\", \"status\": \"1\"}, {\"id\": 143, \"name\": \"وجدان نجيب مانع المقدشي\", \"status\": \"1\"}, {\"id\": 144, \"name\": \"وهيب علي علي سعيد الضيباني\", \"status\": \"1\"}, {\"id\": 145, \"name\": \"يحيى عبدالله مانع سعد المقدشي\", \"status\": \"1\"}, {\"id\": 146, \"name\": \"يحيى محمد يحبي عباش\", \"status\": \"1\"}]', '2025-04-14 07:03:52', '2025-04-14 07:03:52');

-- --------------------------------------------------------

--
-- Table structure for table `books`
--

DROP TABLE IF EXISTS `books`;
CREATE TABLE IF NOT EXISTS `books` (
  `id` bigint UNSIGNED NOT NULL AUTO_INCREMENT,
  `code` varchar(191) COLLATE utf8mb4_unicode_ci NOT NULL,
  `title` varchar(191) COLLATE utf8mb4_unicode_ci NOT NULL,
  `author` varchar(191) COLLATE utf8mb4_unicode_ci DEFAULT NULL,
  `added_by` bigint UNSIGNED NOT NULL,
  `type` enum('عام','خاص','مشترك','محدد') COLLATE utf8mb4_unicode_ci NOT NULL,
  `category_id` bigint UNSIGNED NOT NULL,
  `description` text COLLATE utf8mb4_unicode_ci,
  `file_url` varchar(191) COLLATE utf8mb4_unicode_ci NOT NULL,
  `file_type` enum('PDF','Microsoft Word','Microsoft Excel','PowerPoint','Text Files','Programming Files','Executable Files','Database Files') COLLATE utf8mb4_unicode_ci NOT NULL,
  `file_size` bigint NOT NULL,
  `college_id` bigint UNSIGNED DEFAULT NULL,
  `department_id` bigint UNSIGNED DEFAULT NULL,
  `level` enum('المستوى الاول','المستوى الثاني','المستوى الثالث','المستوى الرابع','المستوى الخامس','المستوى السادس','المستوى السابع') COLLATE utf8mb4_unicode_ci DEFAULT NULL,
  `opens_count` int NOT NULL DEFAULT '0',
  `download_count` int NOT NULL DEFAULT '0',
  `likes_count` int NOT NULL DEFAULT '0',
  `save_count` int NOT NULL DEFAULT '0',
  `is_active` tinyint(1) NOT NULL DEFAULT '1',
  `created_at` timestamp NULL DEFAULT NULL,
  `updated_at` timestamp NULL DEFAULT NULL,
  PRIMARY KEY (`id`),
  UNIQUE KEY `books_code_unique` (`code`),
  KEY `books_added_by_foreign` (`added_by`),
  KEY `books_category_id_foreign` (`category_id`),
  KEY `books_college_id_foreign` (`college_id`),
  KEY `books_department_id_foreign` (`department_id`)
) ENGINE=MyISAM AUTO_INCREMENT=13 DEFAULT CHARSET=utf8mb4 COLLATE=utf8mb4_unicode_ci;

--
-- Dumping data for table `books`
--

INSERT INTO `books` (`id`, `code`, `title`, `author`, `added_by`, `type`, `category_id`, `description`, `file_url`, `file_type`, `file_size`, `college_id`, `department_id`, `level`, `opens_count`, `download_count`, `likes_count`, `save_count`, `is_active`, `created_at`, `updated_at`) VALUES
(1, '7757487397047', 'ID3_lecture4', 'د/ بشير المقالح', 1, 'محدد', 1, 'مقرر تنقيب بيانات', 'uploads/library/7757487397047.ppt', 'PowerPoint', 977408, 1, 1, 'المستوى الرابع', 0, 5, 1, 1, 0, '2025-03-21 22:10:05', '2025-04-04 16:18:13'),
(2, '7858097378764', 'قاعدة البيانات الاولية', 'سلطان محمد', 1, 'عام', 2, 'قاعدة البيانات الاولية\r\nانشاء/ سلطان الخير', 'uploads/library/7858097378764.sql', 'Database Files', 37409, NULL, NULL, NULL, 0, 1, 2, 1, 1, '2025-03-21 22:13:15', '2025-04-03 21:04:34'),
(3, '8736654880377', 'Association Rules + Apriori lecturer 8', 'د/ بشير المقالح', 1, 'خاص', 1, 'Association Rules + Apriori lecturer 8', 'uploads/library/8736654880377.ppt', 'PowerPoint', 1591808, 1, 1, NULL, 0, 2, 3, 2, 1, '2025-03-21 22:21:00', '2025-04-14 06:43:10'),
(4, '4815442290065', 'ادارة نظم المقرر رقم 1', 'د/ افتكار', 1, 'محدد', 1, 'Changelog\nWe believe that providing meaningful updates to our templates are important to keep up with the evolution of the dependencies, libraries, and the new design requirements that the modern day web industry requires.\n\nBelow you can see the timeline of changes for Neumorphism UI PRO since its initial launch 4 years ago.', 'uploads/library/4815442290065.pdf', 'PDF', 519132, 1, 1, 'المستوى الرابع', 2, 1, 2, 1, 0, '2025-03-21 22:22:46', '2025-04-03 20:48:54'),
(5, '4639207431098', 'قوالب مجانية', 'chatgpt', 1, 'عام', 1, 'قوالب مجانية ومدفوعة:\r\nThemeForest – أكبر سوق للقوالب المدفوعة، يحتوي على قوالب HTML، وWordPress، وReact.\r\nTemplateMonster – يوفر قوالب جاهزة لأنظمة متعددة مثل WordPress وShopify.\r\nWrapBootstrap – متخصص في قوالب Bootstrap الاحترافية.', 'uploads/library/4639207431098.txt', 'Text Files', 2531, NULL, NULL, NULL, 0, 3, 2, 4, 0, '2025-03-22 11:19:38', '2025-04-03 20:49:22'),
(6, '7182872290713', 'اختبار', 'عرفات حوشبة', 1, 'عام', 1, NULL, 'uploads/library/7182872290713.json', 'Programming Files', 7719, NULL, NULL, NULL, 3, 1, 1, 2, 0, '2025-03-22 11:21:01', '2025-04-03 20:49:27'),
(7, '1035687258797', 'Neumorphism UI', 'عرفات حوشبة', 1, 'عام', 1, 'Neumorphism UI\r\n\r\nNeumorphism inspired User Interface Kit that will help you prototype and design beautiful, creative and modern websites.', 'uploads/library/1035687258797.html', 'Programming Files', 253843, NULL, NULL, NULL, 4, 1, 1, 1, 0, '2025-03-22 11:22:53', '2025-04-03 20:48:23'),
(8, '6904779279612', 'بيانات الطلاب', 'النظام', 1, 'عام', 1, 'بيانات الطلاب لجامعة ذمار', 'uploads/library/6904779279612.json', 'Programming Files', 59397, NULL, NULL, NULL, 3, 6, 1, 2, 1, '2025-03-22 11:43:52', '2025-04-04 16:07:11'),
(9, '8687477002634', 'اختبار', 'د/ بشير المقالح', 1, 'عام', 1, 'اختبار', 'uploads/library/8687477002634.txt', 'Text Files', 358, NULL, NULL, NULL, 0, 2, 1, 0, 0, '2025-03-22 14:35:49', '2025-04-03 20:48:19'),
(10, '3343203007419', 'علم البيانات', 'د/ افتكار', 1, 'مشترك', 1, 'مقرر علم البيانات خاص ب المستوى الرابع قسم:-\r\n1- تكنولوجيا المعلومات\r\n2- علوم الحاسوب', 'uploads/library/3343203007419.pdf', 'PDF', 4347180, 1, NULL, 'المستوى الرابع', 0, 0, 2, 0, 0, '2025-03-23 21:37:59', '2025-04-03 20:48:50'),
(11, '1452983447246', 'Exercisesassocitio_lecture 9', 'د/ بشير المقالح', 8, 'محدد', 1, 'تجربة رفع مرة اخري', 'uploads/library/1452983447246.pdf', 'PDF', 177335, 1, 1, 'المستوى الرابع', 1, 1, 1, 1, 1, '2025-04-03 20:50:36', '2025-04-03 20:51:20'),
(12, '1692230969352', 'System Monitoring & End-to-End Testing', 'د/ افتكار', 22, 'محدد', 1, 'System Monitoring\r\n&\r\nEnd-to-End Testing', 'uploads/library/1692230969352.pdf', 'PDF', 490576, 1, 1, 'المستوى الرابع', 0, 0, 0, 0, 1, '2025-04-07 21:51:31', '2025-04-07 21:51:31');

-- --------------------------------------------------------

--
-- Table structure for table `book_infos`
--

DROP TABLE IF EXISTS `book_infos`;
CREATE TABLE IF NOT EXISTS `book_infos` (
  `id` bigint UNSIGNED NOT NULL AUTO_INCREMENT,
  `book_id` bigint UNSIGNED NOT NULL,
  `user_id` bigint UNSIGNED NOT NULL,
  `save` tinyint(1) NOT NULL DEFAULT '0',
  `opens_count` int NOT NULL DEFAULT '0',
  `likes` tinyint(1) NOT NULL DEFAULT '0',
  `downloads` int NOT NULL DEFAULT '0',
  `created_at` timestamp NULL DEFAULT NULL,
  `updated_at` timestamp NULL DEFAULT NULL,
  PRIMARY KEY (`id`),
  KEY `book_infos_book_id_foreign` (`book_id`),
  KEY `book_infos_user_id_foreign` (`user_id`)
) ENGINE=MyISAM AUTO_INCREMENT=32 DEFAULT CHARSET=utf8mb4 COLLATE=utf8mb4_unicode_ci;

--
-- Dumping data for table `book_infos`
--

INSERT INTO `book_infos` (`id`, `book_id`, `user_id`, `save`, `opens_count`, `likes`, `downloads`, `created_at`, `updated_at`) VALUES
(1, 6, 1, 1, 0, 0, 1, '2025-03-22 12:16:18', '2025-03-23 11:44:33'),
(2, 8, 1, 0, 2, 0, 5, '2025-03-22 12:19:12', '2025-03-22 21:51:27'),
(3, 4, 1, 0, 1, 1, 0, '2025-03-22 12:21:45', '2025-03-22 21:42:51'),
(4, 3, 1, 0, 0, 1, 2, '2025-03-22 12:23:24', '2025-03-23 11:19:55'),
(5, 2, 1, 0, 0, 1, 1, '2025-03-22 12:24:10', '2025-03-23 11:19:59'),
(6, 1, 1, 1, 0, 1, 3, '2025-03-22 12:24:27', '2025-03-23 11:19:49'),
(7, 7, 1, 0, 2, 0, 0, '2025-03-22 14:44:56', '2025-03-22 20:19:04'),
(8, 9, 1, 0, 0, 0, 1, '2025-03-22 14:58:06', '2025-03-22 21:51:26'),
(9, 3, 2, 0, 0, 1, 0, '2025-03-22 15:04:05', '2025-03-22 15:04:05'),
(10, 6, 2, 1, 3, 1, 0, '2025-03-22 15:04:08', '2025-03-24 10:52:01'),
(11, 5, 2, 1, 0, 1, 1, '2025-03-22 15:04:10', '2025-03-22 19:55:03'),
(12, 4, 2, 1, 1, 1, 1, '2025-03-22 15:04:12', '2025-03-24 10:51:48'),
(13, 8, 2, 0, 0, 0, 1, '2025-03-22 15:04:14', '2025-03-23 21:50:44'),
(14, 9, 2, 1, 0, 0, 1, '2025-03-22 15:04:16', '2025-03-23 21:53:31'),
(15, 7, 2, 1, 2, 1, 1, '2025-03-22 15:04:19', '2025-03-22 20:07:52'),
(16, 5, 1, 1, 0, 0, 1, '2025-03-22 15:05:22', '2025-03-23 11:44:32'),
(17, 10, 2, 0, 0, 1, 0, '2025-03-23 21:51:20', '2025-03-23 21:51:20'),
(18, 3, 8, 1, 0, 1, 0, '2025-03-25 14:52:25', '2025-03-25 14:52:27'),
(19, 5, 8, 1, 0, 0, 0, '2025-03-25 14:52:29', '2025-03-25 14:52:29'),
(20, 8, 8, 1, 0, 0, 0, '2025-03-25 14:52:31', '2025-03-25 14:52:31'),
(21, 2, 10, 1, 0, 1, 0, '2025-03-30 19:28:30', '2025-03-30 19:54:49'),
(22, 5, 10, 1, 0, 1, 1, '2025-03-30 19:51:30', '2025-03-30 19:54:51'),
(23, 2, 8, 0, 0, 0, 0, '2025-03-31 13:54:55', '2025-03-31 13:54:57'),
(24, 8, 11, 0, 1, 0, 0, '2025-03-31 14:44:32', '2025-03-31 14:44:32'),
(25, 6, 11, 1, 0, 0, 0, '2025-03-31 14:46:28', '2025-03-31 14:46:28'),
(26, 10, 11, 0, 0, 1, 0, '2025-03-31 16:29:36', '2025-03-31 16:29:36'),
(27, 9, 17, 0, 0, 1, 0, '2025-04-03 15:03:28', '2025-04-03 15:03:28'),
(28, 11, 1, 1, 1, 1, 1, '2025-04-03 20:51:02', '2025-04-03 20:51:20'),
(29, 8, 10, 1, 0, 1, 0, '2025-04-04 16:03:59', '2025-04-04 16:07:11'),
(30, 1, 10, 0, 0, 0, 2, '2025-04-04 16:09:27', '2025-04-04 16:18:06'),
(31, 3, 15, 1, 0, 0, 0, '2025-04-14 06:43:10', '2025-04-14 06:43:10');

-- --------------------------------------------------------

--
-- Table structure for table `buildings`
--

DROP TABLE IF EXISTS `buildings`;
CREATE TABLE IF NOT EXISTS `buildings` (
  `id` bigint UNSIGNED NOT NULL AUTO_INCREMENT,
  `name` varchar(191) COLLATE utf8mb4_unicode_ci NOT NULL,
  `location` varchar(191) COLLATE utf8mb4_unicode_ci DEFAULT NULL,
  `description` text COLLATE utf8mb4_unicode_ci,
  `created_at` timestamp NULL DEFAULT NULL,
  `updated_at` timestamp NULL DEFAULT NULL,
  PRIMARY KEY (`id`)
) ENGINE=MyISAM AUTO_INCREMENT=7 DEFAULT CHARSET=utf8mb4 COLLATE=utf8mb4_unicode_ci;

--
-- Dumping data for table `buildings`
--

INSERT INTO `buildings` (`id`, `name`, `location`, `description`, `created_at`, `updated_at`) VALUES
(1, 'مبنى الحاسبات', 'جوار مبنى العلوم التطبيقية', 'مبنى يضم العديد من القاعات الدرسة', '2025-03-04 05:22:14', '2025-03-04 05:22:14'),
(2, 'مبنى العلوم التطبيقية', 'جوار مبنى الحاسبات', 'مبنى يضم العديد من المعامل و  القاعات الدرسة', '2025-03-04 05:23:17', '2025-03-04 05:23:17'),
(3, 'مبنى الهندسة', 'جوار مبنى رئاسة الجامعة', 'مبنى يضم العديد من المعامل و القاعات الدرسة و يحتوى على العديد من الاقسام', '2025-03-04 05:24:43', '2025-03-04 05:24:43'),
(4, 'مبنى رئاسة الجامعة', 'جوار مبنى الهندسة', 'يحتوى على القاعات الاكاديمية', '2025-03-04 08:34:44', '2025-03-04 08:34:44'),
(5, 'مبنى المكتبة', 'جوار مبنى الهندسة', 'يضم المعمل قفط', '2025-03-05 08:33:14', '2025-03-05 08:33:14'),
(6, 'مبنى الاداب', 'عند البوابة الشرقية', 'يحتوى على القاعات الاكاديمية', '2025-03-09 04:56:35', '2025-03-09 04:56:35');

-- --------------------------------------------------------

--
-- Table structure for table `cache`
--

DROP TABLE IF EXISTS `cache`;
CREATE TABLE IF NOT EXISTS `cache` (
  `key` varchar(191) COLLATE utf8mb4_unicode_ci NOT NULL,
  `value` mediumtext COLLATE utf8mb4_unicode_ci NOT NULL,
  `expiration` int NOT NULL,
  PRIMARY KEY (`key`)
) ENGINE=MyISAM DEFAULT CHARSET=utf8mb4 COLLATE=utf8mb4_unicode_ci;

-- --------------------------------------------------------

--
-- Table structure for table `cache_locks`
--

DROP TABLE IF EXISTS `cache_locks`;
CREATE TABLE IF NOT EXISTS `cache_locks` (
  `key` varchar(191) COLLATE utf8mb4_unicode_ci NOT NULL,
  `owner` varchar(191) COLLATE utf8mb4_unicode_ci NOT NULL,
  `expiration` int NOT NULL,
  PRIMARY KEY (`key`)
) ENGINE=MyISAM DEFAULT CHARSET=utf8mb4 COLLATE=utf8mb4_unicode_ci;

-- --------------------------------------------------------

--
-- Table structure for table `categories`
--

DROP TABLE IF EXISTS `categories`;
CREATE TABLE IF NOT EXISTS `categories` (
  `id` bigint UNSIGNED NOT NULL AUTO_INCREMENT,
  `name` varchar(191) COLLATE utf8mb4_unicode_ci NOT NULL,
  `description` text COLLATE utf8mb4_unicode_ci,
  `created_at` timestamp NULL DEFAULT NULL,
  `updated_at` timestamp NULL DEFAULT NULL,
  PRIMARY KEY (`id`)
) ENGINE=MyISAM AUTO_INCREMENT=3 DEFAULT CHARSET=utf8mb4 COLLATE=utf8mb4_unicode_ci;

--
-- Dumping data for table `categories`
--

INSERT INTO `categories` (`id`, `name`, `description`, `created_at`, `updated_at`) VALUES
(1, 'مقرر', 'كتاب مقرر على قسم محدد', '2025-03-21 22:08:58', '2025-03-21 22:08:58'),
(2, 'ملفات عامة', 'ملفات للاستخدام الدراسي\r\nمثل قواعد البيانات و ملفات احصاء', '2025-03-21 22:11:21', '2025-03-21 22:11:21');

-- --------------------------------------------------------

--
-- Table structure for table `chat_messages`
--

DROP TABLE IF EXISTS `chat_messages`;
CREATE TABLE IF NOT EXISTS `chat_messages` (
  `id` bigint UNSIGNED NOT NULL AUTO_INCREMENT,
  `contact_id` bigint UNSIGNED NOT NULL,
  `sender_id` bigint UNSIGNED NOT NULL,
  `receiver_id` bigint UNSIGNED NOT NULL,
  `message` text COLLATE utf8mb4_unicode_ci NOT NULL,
  `is_read` tinyint(1) NOT NULL DEFAULT '0',
  `is_seen` tinyint(1) NOT NULL DEFAULT '0',
  `is_deleted` tinyint(1) NOT NULL DEFAULT '0',
  `has_media` tinyint(1) NOT NULL DEFAULT '0',
  `read_date` datetime NOT NULL DEFAULT '2025-04-06 00:00:45',
  `file_url` varchar(191) COLLATE utf8mb4_unicode_ci DEFAULT NULL,
  `type` enum('نص','صورة','فيديو','ملف','صوت') COLLATE utf8mb4_unicode_ci NOT NULL DEFAULT 'نص',
  `size` bigint NOT NULL DEFAULT '0',
  `created_at` timestamp NULL DEFAULT NULL,
  `updated_at` timestamp NULL DEFAULT NULL,
  PRIMARY KEY (`id`),
  KEY `chat_messages_contact_id_foreign` (`contact_id`),
  KEY `chat_messages_sender_id_foreign` (`sender_id`),
  KEY `chat_messages_receiver_id_foreign` (`receiver_id`)
) ENGINE=MyISAM AUTO_INCREMENT=130 DEFAULT CHARSET=utf8mb4 COLLATE=utf8mb4_unicode_ci;

--
-- Dumping data for table `chat_messages`
--

INSERT INTO `chat_messages` (`id`, `contact_id`, `sender_id`, `receiver_id`, `message`, `is_read`, `is_seen`, `is_deleted`, `has_media`, `read_date`, `file_url`, `type`, `size`, `created_at`, `updated_at`) VALUES
(1, 1, 1, 2, 'هلا', 1, 0, 1, 0, '2025-03-19 17:02:41', NULL, 'نص', 0, '2025-03-19 11:14:32', '2025-03-20 21:46:04'),
(2, 1, 1, 2, 'كيف الحال', 1, 0, 1, 0, '2025-03-19 17:02:41', NULL, 'نص', 0, '2025-03-19 11:14:38', '2025-03-20 21:47:25'),
(3, 1, 1, 2, 'الحمد لله', 1, 0, 1, 0, '2025-03-19 17:02:41', NULL, 'نص', 0, '2025-03-19 11:15:06', '2025-03-20 21:49:17'),
(4, 1, 1, 2, 'انت بخير\n0', 1, 0, 1, 0, '2025-03-19 17:02:41', NULL, 'نص', 0, '2025-03-19 11:15:21', '2025-03-20 21:47:29'),
(5, 1, 1, 2, 'فيديو', 1, 0, 1, 1, '2025-03-19 17:02:41', 'uploads/chats/1013653096188.mp4', 'فيديو', 1726867, '2025-03-19 11:15:59', '2025-03-20 21:46:28'),
(6, 2, 3, 1, 'Hello', 1, 0, 0, 0, '2025-03-19 17:02:41', NULL, 'نص', 0, '2025-03-19 11:16:44', '2025-03-19 11:17:52'),
(7, 2, 3, 1, 'Are you Ok', 1, 0, 0, 0, '2025-03-19 17:02:41', NULL, 'نص', 0, '2025-03-19 11:16:51', '2025-03-19 11:17:53'),
(8, 2, 3, 1, 'That\'s Nice', 1, 0, 0, 0, '2025-03-19 17:02:41', NULL, 'نص', 0, '2025-03-19 11:17:00', '2025-03-19 11:17:53'),
(9, 2, 3, 1, 'Good morning', 1, 0, 0, 1, '2025-03-19 17:02:41', 'uploads/chats/8220169079612.jpg', 'صورة', 191139, '2025-03-19 11:17:50', '2025-03-19 11:17:53'),
(10, 2, 1, 3, 'https://quotesmoon.com/wp-content/uploads/2023/03/New-Good-Morning-Images-Quotesmoon-93.jpg', 1, 0, 0, 0, '2025-03-19 17:02:41', NULL, 'نص', 0, '2025-03-19 11:19:34', '2025-03-19 11:19:59'),
(11, 2, 1, 3, 'good', 1, 0, 0, 1, '2025-03-19 17:02:41', 'uploads/chats/4940876993097.webp', 'صورة', 251322, '2025-03-19 11:19:55', '2025-03-19 11:19:59'),
(12, 2, 3, 1, 'Vue.js\r\n\r\n\r\nالدرس 01', 1, 0, 0, 1, '2025-03-19 17:02:41', 'uploads/chats/9356453861020.mp4', 'فيديو', 7535373, '2025-03-19 11:28:51', '2025-03-19 11:29:01'),
(13, 3, 1, 4, 'السلام عليكم', 1, 0, 1, 0, '2025-03-19 17:02:41', NULL, 'نص', 0, '2025-03-19 11:31:27', '2025-03-20 21:50:47'),
(14, 4, 3, 6, 'هههههه', 1, 0, 0, 0, '2025-03-19 17:02:41', NULL, 'نص', 0, '2025-03-19 11:40:16', '2025-03-19 11:45:08'),
(15, 4, 3, 6, '٩٠', 1, 0, 0, 1, '2025-03-19 17:02:41', 'uploads/chats/6491290223668.mp4', 'فيديو', 9368074, '2025-03-19 11:43:33', '2025-03-19 11:45:08'),
(16, 4, 3, 6, 'زامل', 1, 0, 0, 1, '2025-03-19 17:02:41', 'uploads/chats/2043395122691.mp3', 'صوت', 2941093, '2025-03-19 11:54:27', '2025-03-19 11:54:36'),
(17, 4, 3, 6, 'ملف', 1, 0, 0, 1, '2025-03-19 17:02:41', 'uploads/chats/4855308777320.txt', 'ملف', 302, '2025-03-19 11:57:23', '2025-03-19 11:57:26'),
(18, 4, 3, 6, 'ملف', 1, 0, 0, 1, '2025-03-19 17:02:41', 'uploads/chats/8252762433487.txt', 'ملف', 302, '2025-03-19 11:57:43', '2025-03-19 11:57:50'),
(19, 4, 3, 6, 'خلفية', 1, 0, 0, 1, '2025-03-19 17:02:41', 'uploads/chats/5594562431497.jpeg', 'صورة', 1398598, '2025-03-19 11:58:15', '2025-03-19 11:58:18'),
(20, 4, 3, 6, 'السماوي', 1, 0, 0, 1, '2025-03-19 17:02:41', 'uploads/chats/8005088114967.jpg', 'صورة', 18150672, '2025-03-19 11:58:56', '2025-03-19 11:58:58'),
(21, 4, 3, 6, 'لعبة', 1, 0, 0, 1, '2025-03-19 17:02:41', 'uploads/chats/6950998521340.apk', 'نص', 7348803, '2025-03-19 11:59:49', '2025-03-19 11:59:52'),
(47, 1, 2, 1, '✨ فعالية سين_الجامعات – حيث المعرفة تلتقي بالحظ! ✨\n\nشارك في التحدي.. أجب بذكاء.. واربح بتميز!\n\nندعوكم لاختبار معرفتكم في سين_الجامعات، حيث تُفتح أبواب التحدي يوميًا في رحلة عبر الجامعات اليمنية. كل يوم نطرح عليكم سؤالًا جديدًا من جامعة مختلفة، في تمام الساعة 10 مساءً – فهل أنتم على استعداد لخوض التحدي؟ \n\n الجوائز اليومية:\nحزم نجوم تيلغرام –\n تصميم قوالب تخصصية بأسماء الفائزين – لأن نجاحكم يستحق التقدير\n🎯 فرصة للدخول في السحب الأكبر على جائزة الصناديق القيمة من دولاب الحظ، في أول أيام عيد الفطر المبارك – لأن التميز يستحق مكافأة استثنائية\n\nخطوات بسيطة.. ومكافآت ثمينة!\nتابعونا حصريًا على قناة الترند الجامعي على تيلغرام، وكن على موعد مع التألق!\n\n#سين_الجامعات\n#الترند_الجامعيTU \n\nقناة الترند الجامعي 📌\nhttps://t.me/+ms1uBXYpZxo5ZGY0', 1, 0, 0, 0, '2025-03-19 17:02:41', NULL, 'نص', 0, '2025-03-19 21:44:36', '2025-03-19 21:44:47'),
(24, 4, 3, 6, 'ههه', 1, 0, 0, 0, '2025-03-19 17:02:41', NULL, 'نص', 0, '2025-03-19 12:03:32', '2025-03-19 12:03:58'),
(26, 4, 6, 3, '0', 1, 0, 0, 0, '2025-03-19 17:02:41', NULL, 'نص', 0, '2025-03-19 12:03:57', '2025-03-19 12:04:56'),
(27, 4, 6, 3, '0', 1, 0, 0, 0, '2025-03-19 17:02:41', NULL, 'نص', 0, '2025-03-19 12:04:03', '2025-03-19 21:52:38'),
(28, 4, 6, 3, '0', 1, 0, 0, 0, '2025-03-19 17:02:41', NULL, 'نص', 0, '2025-03-19 12:04:10', '2025-03-19 21:52:38'),
(46, 1, 2, 1, 'ليشش', 1, 0, 0, 0, '2025-03-19 17:02:41', NULL, 'نص', 0, '2025-03-19 21:43:37', '2025-03-19 21:44:47'),
(30, 2, 1, 3, '0', 1, 0, 0, 0, '2025-03-19 17:02:41', NULL, 'نص', 0, '2025-03-19 12:05:29', '2025-03-20 00:12:22'),
(31, 2, 3, 1, 'خخخ', 1, 0, 0, 0, '2025-03-19 17:02:41', NULL, 'نص', 0, '2025-03-19 12:06:06', '2025-03-19 12:19:49'),
(32, 2, 3, 1, 'ححح', 1, 0, 0, 0, '2025-03-19 17:02:41', NULL, 'نص', 0, '2025-03-19 12:06:53', '2025-03-19 12:19:49'),
(33, 1, 2, 1, '2019115', 1, 0, 0, 0, '2025-03-19 17:02:41', NULL, 'نص', 0, '2025-03-19 14:42:49', '2025-03-19 14:42:56'),
(36, 3, 4, 1, 'ليش', 1, 0, 0, 0, '2025-03-19 17:02:41', NULL, 'نص', 0, '2025-03-19 20:50:13', '2025-03-19 20:50:53'),
(37, 3, 4, 1, 'من الموقع', 1, 0, 0, 1, '2025-03-19 17:02:41', 'uploads/chats/9627902783891.jpg', 'صورة', 443915, '2025-03-19 20:50:51', '2025-03-19 20:50:54'),
(38, 3, 4, 1, 'ايش السبب', 1, 0, 0, 0, '2025-03-19 17:02:41', NULL, 'نص', 0, '2025-03-19 20:51:14', '2025-03-19 20:51:28'),
(39, 1, 2, 1, 'ها', 1, 0, 0, 0, '2025-03-19 17:02:41', NULL, 'نص', 0, '2025-03-19 20:55:29', '2025-03-19 20:55:33'),
(40, 5, 2, 6, 'هههه', 0, 0, 0, 0, '2025-03-19 17:02:41', NULL, 'نص', 0, '2025-03-19 21:02:28', '2025-03-19 21:02:28'),
(41, 1, 2, 1, '٥', 1, 0, 0, 0, '2025-03-19 17:02:41', NULL, 'نص', 0, '2025-03-19 21:12:50', '2025-03-19 21:42:07'),
(42, 1, 2, 1, 'ز', 1, 0, 0, 0, '2025-03-19 17:02:41', NULL, 'نص', 0, '2025-03-19 21:12:53', '2025-03-19 21:42:07'),
(43, 1, 2, 1, '٩', 1, 0, 0, 0, '2025-03-19 17:02:41', NULL, 'نص', 0, '2025-03-19 21:42:42', '2025-03-19 21:43:13'),
(44, 1, 2, 1, 'هههه', 1, 0, 0, 0, '2025-03-19 17:02:41', NULL, 'نص', 0, '2025-03-19 21:42:47', '2025-03-19 21:43:13'),
(45, 1, 2, 1, 'لا', 1, 0, 0, 0, '2025-03-19 17:02:41', NULL, 'نص', 0, '2025-03-19 21:43:29', '2025-03-19 21:44:47'),
(35, 1, 2, 1, 'اين الرسالة', 1, 0, 0, 0, '2025-03-19 17:02:41', NULL, 'نص', 0, '2025-03-19 14:54:07', '2025-03-19 20:25:35'),
(48, 6, 2, 3, 'هلا', 1, 0, 0, 0, '2025-03-19 17:02:41', NULL, 'نص', 0, '2025-03-20 00:12:51', '2025-03-20 00:13:25'),
(49, 6, 2, 3, 'كيف الحال', 1, 0, 0, 0, '2025-03-19 17:02:41', NULL, 'نص', 0, '2025-03-20 00:12:56', '2025-03-20 00:13:25'),
(50, 6, 2, 3, 'الحارس', 1, 0, 0, 1, '2025-03-19 17:02:41', 'uploads/chats/3895793820357.jpg', 'صورة', 4918674, '2025-03-20 00:13:18', '2025-03-20 00:13:26'),
(51, 1, 2, 1, 'ليش', 1, 0, 0, 0, '2025-03-19 17:02:41', NULL, 'نص', 0, '2025-03-20 00:18:45', '2025-03-20 00:19:19'),
(52, 1, 2, 1, '٠', 1, 0, 0, 0, '2025-03-19 17:02:41', NULL, 'نص', 0, '2025-03-20 00:18:54', '2025-03-20 00:19:19'),
(53, 1, 2, 1, 'اتت', 1, 0, 0, 0, '2025-03-19 17:02:41', NULL, 'نص', 0, '2025-03-20 00:24:02', '2025-03-20 01:07:14'),
(54, 1, 2, 1, 'ننظ', 1, 0, 0, 0, '2025-03-19 17:02:41', NULL, 'نص', 0, '2025-03-20 00:24:04', '2025-03-20 01:07:14'),
(55, 1, 2, 1, 'من', 1, 0, 0, 0, '2025-03-19 17:02:41', NULL, 'نص', 0, '2025-03-20 00:24:07', '2025-03-20 01:07:14'),
(56, 1, 2, 1, 'عرفات', 1, 0, 0, 0, '2025-03-19 17:02:41', NULL, 'نص', 0, '2025-03-20 00:24:19', '2025-03-20 01:07:15'),
(57, 2, 3, 1, 'hdlk', 1, 0, 0, 0, '2025-03-19 17:02:41', NULL, 'نص', 0, '2025-03-20 00:24:31', '2025-03-20 01:07:26'),
(58, 2, 3, 1, 'hdlk', 1, 0, 0, 0, '2025-03-19 17:02:41', NULL, 'نص', 0, '2025-03-20 00:24:35', '2025-03-20 01:07:27'),
(59, 2, 3, 1, 'ad', 1, 0, 0, 0, '2025-03-19 17:02:41', NULL, 'نص', 0, '2025-03-20 00:24:38', '2025-03-20 01:07:27'),
(60, 2, 3, 1, 'amin', 1, 0, 0, 0, '2025-03-19 17:02:41', NULL, 'نص', 0, '2025-03-20 00:24:45', '2025-03-20 01:07:27'),
(61, 2, 3, 1, 'ayman', 1, 0, 0, 0, '2025-03-19 17:02:41', NULL, 'نص', 0, '2025-03-20 00:24:53', '2025-03-20 01:07:27'),
(62, 2, 3, 1, 'Password  : sp@Vqwab6Q6E8iF\nUser Name : b6_38296396\n\n\nlogo\n\nPlease take a note of the details below these are needed to access your account.\nYour account is now active.\n\nControl panel username:	b6_38296396\nControl panel password:	**********\nControl panel URL:	cpanel.byethost6.com\nMySQL username	b6_38296396\nMySQL password:	**********\nMySQL hostname:	sql207.byethost6.com\nFTP username:	b6_38296396\nFTP password:	**********\nFTP host name:	ftp.byethost6.com\nYour Website URL:	http://yottaiot.byethost6.com\n 	 \n\nThank you for choosing us to host your websites!\n\nbyethost6.com hosting services 2025\n\n\n\n\n\n\n Fatal error: Uncaught TypeError: count(): Argument #1 ($value) must be of type Countable|array, null given in C:\\wamp64\\www\\Yotta-Soft-IOT\\views\\project\\project-control.php on line', 1, 0, 0, 0, '2025-03-19 17:02:41', NULL, 'نص', 0, '2025-03-20 00:25:56', '2025-03-20 01:07:27'),
(63, 1, 2, 1, 'تجربة', 1, 0, 0, 0, '2025-03-19 17:02:41', NULL, 'نص', 0, '2025-03-20 01:06:48', '2025-03-20 01:07:15'),
(64, 1, 2, 1, 'خخخخخ', 1, 0, 0, 0, '2025-03-19 17:02:41', NULL, 'نص', 0, '2025-03-20 01:06:54', '2025-03-20 01:07:16'),
(65, 1, 2, 1, 'تؤتتؤتؤ', 1, 0, 0, 0, '2025-03-19 17:02:41', NULL, 'نص', 0, '2025-03-20 01:07:00', '2025-03-20 01:07:16'),
(66, 2, 1, 3, 'b', 0, 0, 0, 0, '2025-03-19 17:02:41', NULL, 'نص', 0, '2025-03-20 01:07:36', '2025-03-20 01:07:36'),
(67, 1, 1, 2, '@foreach ($users as $i => $user)\n@if ($i == 0)\n    <script>\n        user_id = {{ $user->id }}\n        contact_id = {{ $contact[$user->id] }}\n    </script>\n@endif\n<div class=\"btn d-flex justify-content-between align-items-center py-1 my-1 list-contant\" id=\"contact-{{ $contact[$user->id] }}\" onclick=\"goToChat(<?php echo $user->id; ?>)\">\n    <span class=\"font-small d-flex align-items-center\">\n        <img class=\"avatar-lg img-fluid rounded-circle ml-3 \" src=\"{{ $user->image_url }}\" alt=\"avatar\">\n        <div class=\"contact-menu-info\">\n            <p class=\"mb-0 custom-font text-right\">{{ $user->name }}</p> \n            <small class=\" custom-font text-success\" id=\"last-msg-{{ $user->id }}\">{{ Str::limit(@$lmsg[$user->id], 25, \'...\') }}</small> \n        </div>\n    </span>\n    <div id=\"unread-{{ $user->id }}\">\n        @if ($unread->where(\'sender_id\', $user->id)->count() > 0)\n            <span class=\"avatar-sm img-fluid rounded-circle ml-3 bg-success text-white d-flex align-items-center justify-content-center\">{{ $unread->where(\'sender_id\', $user->id)->count() }}</span>\n        @endif\n    </div>\n</div>  \n@endforeach', 1, 0, 0, 0, '2025-03-19 17:02:41', NULL, 'نص', 0, '2025-03-20 01:09:42', '2025-03-20 01:13:00'),
(68, 1, 1, 2, 'htjp', 1, 0, 0, 0, '2025-03-19 17:02:41', NULL, 'نص', 0, '2025-03-20 01:11:08', '2025-03-20 01:13:00'),
(69, 1, 1, 2, 'ليش', 1, 0, 0, 0, '2025-03-19 17:02:41', NULL, 'نص', 0, '2025-03-20 01:11:29', '2025-03-20 01:13:01'),
(70, 1, 1, 2, '456', 1, 0, 0, 0, '2025-03-19 17:02:41', NULL, 'نص', 0, '2025-03-20 01:11:46', '2025-03-20 01:13:01'),
(71, 1, 1, 2, 'ى', 1, 0, 0, 0, '2025-03-19 17:02:41', NULL, 'نص', 0, '2025-03-20 01:11:56', '2025-03-20 01:13:01'),
(72, 1, 1, 2, '1234567', 1, 0, 0, 0, '2025-03-19 17:02:41', NULL, 'نص', 0, '2025-03-20 01:12:10', '2025-03-20 01:13:01'),
(73, 1, 1, 2, '7845612358/978456132587456', 1, 0, 0, 0, '2025-03-19 17:02:41', NULL, 'نص', 0, '2025-03-20 01:12:22', '2025-03-20 01:13:01'),
(74, 1, 1, 2, '11111', 1, 0, 0, 0, '2025-03-19 17:02:41', NULL, 'نص', 0, '2025-03-20 01:12:30', '2025-03-20 01:13:01'),
(75, 1, 1, 2, 'احصاء', 1, 0, 1, 1, '2025-03-19 17:02:41', 'uploads/chats/3696198149231.jpeg', 'صورة', 476723, '2025-03-20 01:12:44', '2025-03-20 22:55:04'),
(76, 1, 2, 1, 'http://192.168.0.199:8000/chat', 1, 0, 0, 0, '2025-03-19 17:02:41', NULL, 'نص', 0, '2025-03-20 01:13:13', '2025-03-20 01:18:46'),
(77, 1, 2, 1, 'وَيَقَوْمٍ لَا يَجْرِ مَنْكُمْ شِقَافِي أَن يُصِيبَكُم مِثْلُ مَا أَصَابَ قَوْمَ نُوحٍ أَوْ قَوْمَ هُودِ أَوْقَوْمَ صَلِحُ وَمَاقَوْمُ لوط منكم بعيد وَاسْتَغْفِرُوا ربك ثُمَّ تُونُوا إِلَيْهِ إِنْ رَبِّي رَحِيمٌ وَدُودُ قَالُوا يَشْعَيْبُ مَا نَفْقَهُ كَثِيرًا مِّمَّا تَقُولُ وَإِنَّا لَتَرِيكَ فِينَا ضَعِيفًا وَلَوْلَا رَهْطُكَ لَرَجَمْنَكَ وَمَا أَنت َ عَلَيْنَا بِعَزِيقَالَ يَقَوْمِ أَرَهْلِي أَعَزَّ عَلَيْكُم مِنَ اللَّهِ وَاخَذْ تُمُوهُ وَرَاءَ كُمْ ظِهْرِنَا إِنَّ رَنِي بِمَا تَعْمَلُونَ يُحِيطُوَيَقَوْمٍ أَعْمَلُوا عَلَى مَكَانَيْكُمْ إِنِّي عَمِل سَوْفَ تَعْلَمُونَ مَن يَأْتِبِهِ عَذَابٌ يُخْزِيهِ وَمَنْ هُوَ كَذِبٌ وَارْتَقِبُوا إِنِّي مَعَكُمْ رَقِيبُ وَلَمَّا جَاءَ أَمْ نَا نَعْنَا تُعيبًا وَالَّذِينَ آمَنُوا مَعَهُ بِرَحْمَةِ مِنَا وَأَخْذَتِ الَّذِينَ ظَلَمُوا الشَّيْحَةُ فَأَصْبَحُوا فِي دِيرِهِمْ جَمِينَ كَانَ أَمْ يَعْنوا فِيهَا الَا يُعد المدين كمَا جِدَتْ تَمُودُ وَلَقَدْ أَمْ سَلْنَا مُوسَى يَتَابَيْنَا وَسُلْطَان مُّبِينَ إِلَى فِرْعَوْن َ وَلَا يُهِ فَالْبَعُوا أَمْ رَعُونَ وَمَا أَمْرُ فِعُونَ بِرَشِيد', 1, 0, 0, 0, '2025-03-19 17:02:41', NULL, 'نص', 0, '2025-03-20 01:13:35', '2025-03-20 01:18:46'),
(78, 1, 2, 1, 'الكمية\nقاروره\n3.00\nجليكومين ، ، ممجم اقراص الدوائية\n3.00|\nجليكومين م م٨مجم اقراص الدوائية\nباكت\n8.00\nيماسيف م٠٧مجم كبسول. الدوائية الحديثة\nباكت\n1.00\nباكت\nماسيف ٠٠٣مجم كبسول الدوائية الحديثة\n0O ٠\nباكت\nيفوزين ممجم اقراص الدائية\n1.00\nباكت\nيكسازول م؛ مجم كبسول الدوائية\n1.00\nباكت\nبيتاسين كريم الدوائية\n4.00)', 1, 0, 0, 0, '2025-03-19 17:02:41', NULL, 'نص', 0, '2025-03-20 01:13:59', '2025-03-20 01:18:46'),
(79, 2, 1, 3, '<video controls>\n  <source src=\"your-video-file.mp4\" type=\"video/mp4\">\n  <source src=\"your-video-file.ogg\" type=\"video/ogg\">\n  <source src=\"your-video-file.webm\" type=\"video/webm\">\n  متصفحك لا يدعم تشغيل الفيديو.\n</video>', 0, 0, 0, 0, '2025-03-19 17:02:41', NULL, 'نص', 0, '2025-03-20 13:16:03', '2025-03-20 13:16:03'),
(80, 3, 1, 4, '<img src=\"\">', 0, 0, 0, 0, '2025-03-19 17:02:41', NULL, 'نص', 0, '2025-03-20 13:17:30', '2025-03-20 13:17:30'),
(81, 3, 1, 4, '<img src=\"https://cdn.mos.cms.futurecdn.net/D5LG7Qw87Q9XbmMBVboXpb-1200-80.png\">', 0, 0, 0, 0, '2025-03-19 17:02:41', NULL, 'نص', 0, '2025-03-20 13:18:25', '2025-03-20 13:18:25'),
(82, 2, 1, 3, '<img src=\"https://cdn.mos.cms.futurecdn.net/D5LG7Qw87Q9XbmMBVboXpb-1200-80.png\">', 0, 0, 0, 0, '2025-03-19 17:02:41', NULL, 'نص', 0, '2025-03-20 13:18:41', '2025-03-20 13:18:41'),
(83, 1, 1, 2, 'c', 0, 0, 1, 1, '2025-03-19 17:02:41', 'uploads/chats/2335687555350.gif', 'صورة', 1078826, '2025-03-20 21:41:45', '2025-03-20 21:49:29'),
(84, 1, 2, 1, 'ههههه', 1, 0, 0, 0, '2025-03-19 17:02:41', NULL, 'نص', 0, '2025-03-21 14:32:13', '2025-03-21 14:33:46'),
(85, 1, 2, 1, 'افتح', 0, 0, 1, 0, '2025-03-19 17:02:41', NULL, 'نص', 0, '2025-03-21 14:32:22', '2025-03-21 14:32:28'),
(86, 1, 2, 1, 'خ', 1, 0, 0, 0, '2025-03-19 17:02:41', NULL, 'نص', 0, '2025-03-21 14:35:06', '2025-03-21 14:37:25'),
(87, 1, 2, 1, 'عرفات حوشبة', 0, 0, 1, 0, '2025-03-19 17:02:41', NULL, 'نص', 0, '2025-03-21 14:35:12', '2025-03-21 14:35:16'),
(88, 1, 2, 1, 'تمام', 1, 0, 0, 0, '2025-03-19 17:02:41', NULL, 'نص', 0, '2025-03-21 14:35:30', '2025-03-21 14:37:25'),
(89, 1, 2, 1, 'الان باقي المكتبة', 1, 0, 0, 0, '2025-03-19 17:02:41', NULL, 'نص', 0, '2025-03-21 14:35:38', '2025-03-21 14:37:25'),
(90, 1, 2, 1, '<img src=\"\">', 1, 0, 0, 0, '2025-03-19 17:02:41', NULL, 'نص', 0, '2025-03-21 14:36:01', '2025-03-21 14:37:25'),
(91, 3, 1, 4, '4', 0, 0, 0, 0, '2025-03-19 17:02:41', NULL, 'نص', 0, '2025-03-21 14:37:43', '2025-03-21 14:37:43'),
(92, 1, 1, 2, '20000000', 1, 0, 0, 0, '2025-03-19 17:02:41', NULL, 'نص', 0, '2025-03-21 16:22:19', '2025-03-26 11:00:57'),
(93, 1, 1, 2, 'Changelog\nWe believe that providing meaningful updates to our templates are important to keep up with the evolution of the dependencies, libraries, and the new design requirements that the modern day web industry requires.\n\nBelow you can see the timeline of changes for Neumorphism UI PRO since its initial launch 4 years ago.', 1, 0, 0, 0, '2025-03-19 17:02:41', NULL, 'نص', 0, '2025-03-21 16:22:37', '2025-03-26 11:00:58'),
(94, 1, 1, 2, 'Exercitation photo booth stumptown tote bag Banksy, elit small batch freegan sed. Craft beer elit seitan exercitation, photo booth et 8-bit kale chips proident chillwave deep v laborum. Aliquip veniam delectus, Marfa eiusmod Pinterest in do umami readymade swag.\n\nDay handsome addition horrible sensible goodness two contempt. Evening for married his account removal. Estimable me disposing of be moonlight cordially curiosity.\n\n\n\nExercitation photo booth stumptown tote bag Banksy, elit small batch freegan sed. Craft beer elit seitan exercitation, photo booth et 8-bit kale chips proident chillwave deep v laborum. Aliquip veniam delectus, Marfa eiusmod Pinterest in do umami readymade swag.\n\nDay handsome addition horrible sensible goodness two contempt. Evening for married his account removal. Estimable me disposing of be moonlight cordially curiosity.\nExercitation photo booth stumptown tote bag Banksy, elit small batch freegan sed. Craft beer elit seitan exercitation, photo booth et 8-bit kale chips proident chillwave deep v laborum. Aliquip veniam delectus, Marfa eiusmod Pinterest in do umami readymade swag.\n\nDay handsome addition horrible sensible goodness two contempt. Evening for married his account removal. Estimable me disposing of be moonlight cordially curiosity.\n\n\n\nExercitation photo booth stumptown tote bag Banksy, elit small batch freegan sed. Craft beer elit seitan exercitation, photo booth et 8-bit kale chips proident chillwave deep v laborum. Aliquip veniam delectus, Marfa eiusmod Pinterest in do umami readymade swag.\n\nDay handsome addition horrible sensible goodness two contempt. Evening for married his account removal. Estimable me disposing of be moonlight cordially curiosity.\nExercitation photo booth stumptown tote bag Banksy, elit small batch freegan sed. Craft beer elit seitan exercitation, photo booth et 8-bit kale chips proident chillwave deep v laborum. Aliquip veniam delectus, Marfa eiusmod Pinterest in do umami readymade swag.\n\nDay handsome addition horrible sensible goodness two contempt. Evening for married his account removal. Estimable me disposing of be moonlight cordially curiosity.\n\n\n\nExercitation photo booth stumptown tote bag Banksy, elit small batch freegan sed. Craft beer elit seitan exercitation, photo booth et 8-bit kale chips proident chillwave deep v laborum. Aliquip veniam delectus, Marfa eiusmod Pinterest in do umami readymade swag.\n\nDay handsome addition horrible sensible goodness two contempt. Evening for married his account removal. Estimable me disposing of be moonlight cordially curiosity.', 1, 0, 0, 0, '2025-03-19 17:02:41', NULL, 'نص', 0, '2025-03-21 16:28:09', '2025-03-26 11:00:58'),
(95, 1, 1, 2, 'Exercitation photo booth stumptown tote bag Banksy, elit small batch freegan sed. Craft beer elit seitan exercitation, photo booth et 8-bit kale chips proident chillwave deep v laborum. Aliquip veniam delectus, Marfa eiusmod Pinterest in do umami readymade swag.\n\nDay handsome addition horrible sensible goodness two contempt. Evening for married his account removal. Estimable me disposing of be moonlight cordially curiosity.\n\n\n\nExercitation photo booth stumptown tote bag Banksy, elit small batch freegan sed. Craft beer elit seitan exercitation, photo booth et 8-bit kale chips proident chillwave deep v laborum. Aliquip veniam delectus, Marfa eiusmod Pinterest in do umami readymade swag.\n\nDay handsome addition horrible sensible goodness two contempt. Evening for married his account removal. Estimable me disposing of be moonlight cordially curiosity.Exercitation photo booth stumptown tote bag Banksy, elit small batch freegan sed. Craft beer elit seitan exercitation, photo booth et 8-bit kale chips proident chillwave deep v laborum. Aliquip veniam delectus, Marfa eiusmod Pinterest in do umami readymade swag.\n\nDay handsome addition horrible sensible goodness two contempt. Evening for married his account removal. Estimable me disposing of be moonlight cordially curiosity.\n\n\n\nExercitation photo booth stumptown tote bag Banksy, elit small batch freegan sed. Craft beer elit seitan exercitation, photo booth et 8-bit kale chips proident chillwave deep v laborum. Aliquip veniam delectus, Marfa eiusmod Pinterest in do umami readymade swag.\n\nDay handsome addition horrible sensible goodness two contempt. Evening for married his account removal. Estimable me disposing of be moonlight cordially curiosity.Exercitation photo booth stumptown tote bag Banksy, elit small batch freegan sed. Craft beer elit seitan exercitation, photo booth et 8-bit kale chips proident chillwave deep v laborum. Aliquip veniam delectus, Marfa eiusmod Pinterest in do umami readymade swag.\n\nDay handsome addition horrible sensible goodness two contempt. Evening for married his account removal. Estimable me disposing of be moonlight cordially curiosity.\n\n\n\nExercitation photo booth stumptown tote bag Banksy, elit small batch freegan sed. Craft beer elit seitan exercitation, photo booth et 8-bit kale chips proident chillwave deep v laborum. Aliquip veniam delectus, Marfa eiusmod Pinterest in do umami readymade swag.\n\nDay handsome addition horrible sensible goodness two contempt. Evening for married his account removal. Estimable me disposing of be moonlight cordially curiosity.Exercitation photo booth stumptown tote bag Banksy, elit small batch freegan sed. Craft beer elit seitan exercitation, photo booth et 8-bit kale chips proident chillwave deep v laborum. Aliquip veniam delectus, Marfa eiusmod Pinterest in do umami readymade swag.\n\nDay handsome addition horrible sensible goodness two contempt. Evening for married his account removal. Estimable me disposing of be moonlight cordially curiosity.\n\n\n\nExercitation photo booth stumptown tote bag Banksy, elit small batch freegan sed. Craft beer elit seitan exercitation, photo booth et 8-bit kale chips proident chillwave deep v laborum. Aliquip veniam delectus, Marfa eiusmod Pinterest in do umami readymade swag.\n\nDay handsome addition horrible sensible goodness two contempt. Evening for married his account removal. Estimable me disposing of be moonlight cordially curiosity. \n\n\n0000', 1, 0, 0, 0, '2025-03-19 17:02:41', NULL, 'نص', 0, '2025-03-21 16:28:29', '2025-03-26 11:00:58'),
(96, 1, 1, 2, 'Exercitation photo booth stumptown tote bag Banksy, elit small batch freegan sed. Craft beer elit seitan exercitation, photo booth et 8-bit kale chips proident chillwave deep v laborum. Aliquip veniam delectus, Marfa eiusmod Pinterest in do umami readymade swag.\n\nDay handsome addition horrible sensible goodness two contempt. Evening for married his account removal. Estimable me disposing of be moonlight cordially curiosity.\n\n\n\nExercitation photo booth stumptown tote bag Banksy, elit small batch freegan sed. Craft beer elit seitan exercitation, photo booth et 8-bit kale chips proident chillwave deep v laborum. Aliquip veniam delectus, Marfa eiusmod Pinterest in do umami readymade swag.\n\nDay handsome addition horrible sensible goodness two contempt. Evening for married his account removal. Estimable me disposing of be moonlight cordially curiosity.\nExercitation photo booth stumptown tote bag Banksy, elit small batch freegan sed. Craft beer elit seitan exercitation, photo booth et 8-bit kale chips proident chillwave deep v laborum. Aliquip veniam delectus, Marfa eiusmod Pinterest in do umami readymade swag.\n\nDay handsome addition horrible sensible goodness two contempt. Evening for married his account removal. Estimable me disposing of be moonlight cordially curiosity.\n\n\n\nExercitation photo booth stumptown tote bag Banksy, elit small batch freegan sed. Craft beer elit seitan exercitation, photo booth et 8-bit kale chips proident chillwave deep v laborum. Aliquip veniam delectus, Marfa eiusmod Pinterest in do umami readymade swag.\n\nDay handsome addition horrible sensible goodness two contempt. Evening for married his account removal. Estimable me disposing of be moonlight cordially curiosity.\nExercitation photo booth stumptown tote bag Banksy, elit small batch freegan sed. Craft beer elit seitan exercitation, photo booth et 8-bit kale chips proident chillwave deep v laborum. Aliquip veniam delectus, Marfa eiusmod Pinterest in do umami readymade swag.\n\nDay handsome addition horrible sensible goodness two contempt. Evening for married his account removal. Estimable me disposing of be moonlight cordially curiosity.\n\n\n\nExercitation photo booth stumptown tote bag Banksy, elit small batch freegan sed. Craft beer elit seitan exercitation, photo booth et 8-bit kale chips proident chillwave deep v laborum. Aliquip veniam delectus, Marfa eiusmod Pinterest in do umami readymade swag.\n\nDay handsome addition horrible sensible goodness two contempt. Evening for married his account removal. Estimable me disposing of be moonlight cordially curiosity.\nExercitation photo booth stumptown tote bag Banksy, elit small batch freegan sed. Craft beer elit seitan exercitation, photo booth et 8-bit kale chips proident chillwave deep v laborum. Aliquip veniam delectus, Marfa eiusmod Pinterest in do umami readymade swag.\n\nDay handsome addition horrible sensible goodness two contempt. Evening for married his account removal. Estimable me disposing of be moonlight cordially curiosity.\n\n\n\nExercitation photo booth stumptown tote bag Banksy, elit small batch freegan sed. Craft beer elit seitan exercitation, photo booth et 8-bit kale chips proident chillwave deep v laborum. Aliquip veniam delectus, Marfa eiusmod Pinterest in do umami readymade swag.\n\nDay handsome addition horrible sensible goodness two contempt. Evening for married his account removal. Estimable me disposing of be moonlight cordially curiosity.\nExercitation photo booth stumptown tote bag Banksy, elit small batch freegan sed. Craft beer elit seitan exercitation, photo booth et 8-bit kale chips proident chillwave deep v laborum. Aliquip veniam delectus, Marfa eiusmod Pinterest in do umami readymade swag.\n\nDay handsome addition horrible sensible goodness two contempt. Evening for married his account removal. Estimable me disposing of be moonlight cordially curiosity.\n\n\n\nExercitation photo booth stumptown tote bag Banksy, elit small batch freegan sed. Craft beer elit seitan exercitation, photo booth et 8-bit kale chips proident chillwave deep v laborum. Aliquip veniam delectus, Marfa eiusmod Pinterest in do umami readymade swag.\n\nDay handsome addition horrible sensible goodness two contempt. Evening for married his account removal. Estimable me disposing of be moonlight cordially curiosity.\n\n\n\n\n\n\n\n\n0.0.0.0.', 1, 0, 0, 0, '2025-03-19 17:02:41', NULL, 'نص', 0, '2025-03-21 16:28:48', '2025-03-26 11:00:58'),
(97, 1, 1, 2, 'الموقع الذي تم الاعتماد عليه : https://themesberg.com/product/ui-kit/neumorphism-ui-kit-bootstrap-pro', 1, 0, 0, 0, '2025-03-19 17:02:41', NULL, 'نص', 0, '2025-03-21 16:48:34', '2025-03-26 11:00:59'),
(98, 1, 1, 2, '7771500086', 1, 0, 0, 0, '2025-03-19 17:02:41', NULL, 'نص', 0, '2025-03-21 16:48:46', '2025-03-26 11:00:59'),
(99, 1, 1, 2, 'http://77150086\n\n\n\n.', 1, 0, 0, 0, '2025-03-19 17:02:41', NULL, 'نص', 0, '2025-03-21 16:49:04', '2025-03-26 11:00:59'),
(100, 1, 1, 2, '+967 777150086', 1, 0, 0, 0, '2025-03-19 17:02:41', NULL, 'نص', 0, '2025-03-23 11:20:28', '2025-03-26 11:00:59'),
(101, 1, 1, 2, 'ابراهيم عيسى\n\nمتصل\navatar\nابراهيم عيسى\n2025-03-19\n2019115\n8:42 PM\navatar\nابراهيم عيسى\n2025-03-19\nاين الرسالة\n8:54 PM\navatar\nابراهيم عيسى\n2025-03-20\nها\n2:55 AM\navatar\nابراهيم عيسى\n2025-03-20\n٥\n3:12 AM\navatar\nابراهيم عيسى\n2025-03-20\nز\n3:12 AM\navatar\nابراهيم عيسى\n2025-03-20\n٩\n3:42 AM\navatar\nابراهيم عيسى\n2025-03-20\nهههه\n3:42 AM\navatar\nابراهيم عيسى\n2025-03-20\nلا\n3:43 AM\navatar\nابراهيم عيسى\n2025-03-20\nليشش\n3:43 AM\navatar\nابراهيم عيسى\n2025-03-20\n✨ فعالية سين_الجامعات – حيث المعرفة تلتقي بالحظ! ✨\n\nشارك في التحدي.. أجب بذكاء.. واربح بتميز!\n\nندعوكم لاختبار معرفتكم في سين_الجامعات، حيث تُفتح أبواب التحدي يوميًا في رحلة عبر الجامعات اليمنية. كل يوم نطرح عليكم سؤالًا جديدًا من جامعة مختلفة، في تمام الساعة 10 مساءً – فهل أنتم على استعداد لخوض التحدي؟\n\nالجوائز اليومية:\nحزم نجوم تيلغرام –\nتصميم قوالب تخصصية بأسماء الفائزين – لأن نجاحكم يستحق التقدير\n🎯 فرصة للدخول في السحب الأكبر على جائزة الصناديق القيمة من دولاب الحظ، في أول أيام عيد الفطر المبارك – لأن التميز يستحق مكافأة استثنائية\n\nخطوات بسيطة.. ومكافآت ثمينة!\nتابعونا حصريًا على قناة الترند الجامعي على تيلغرام، وكن على موعد مع التألق!\n\n#سين_الجامعات\n#الترند_الجامعيTU\n\nقناة الترند الجامعي 📌\nhttps://t.me/+ms1uBXYpZxo5ZGY0\n3:44 AM\navatar\nابراهيم عيسى\n2025-03-20\nليش\n6:18 AM\navatar\nابراهيم عيسى\n2025-03-20\n٠\n6:18 AM\navatar\nابراهيم عيسى\n2025-03-20\nاتت\n6:24 AM\navatar\nابراهيم عيسى\n2025-03-20\nننظ\n6:24 AM\navatar\nابراهيم عيسى\n2025-03-20\nمن\n6:24 AM\navatar\nابراهيم عيسى\n2025-03-20\nعرفات\n6:24 AM\navatar\nابراهيم عيسى\n2025-03-20\nتجربة\n7:06 AM\navatar\nابراهيم عيسى\n2025-03-20\nخخخخخ\n7:06 AM\navatar\nابراهيم عيسى\n2025-03-20\nتؤتتؤتؤ\n7:07 AM\n2025-03-20\nعرفات حوشبة\n@foreach ($users as $i => $user)\n@if ($i == 0)\n<script>\nuser_id = {{ $user->id }}\ncontact_id = {{ $contact[$user->id] }}\n</script>\n@endif\n<div class=\"btn d-flex justify-content-between align-items-center py-1 my-1 list-contant\" id=\"contact-{{ $contact[$user->id] }}\" onclick=\"goToChat(<?php echo $user->id; ?>)\">\n<span class=\"font-small d-flex align-items-center\">\n<img class=\"avatar-lg img-fluid rounded-circle ml-3 \" src=\"{{ $user->image_url }}\" alt=\"avatar\">\n<div class=\"contact-menu-info\">\n<p class=\"mb-0 custom-font text-right\">{{ $user->name }}</p>\n<small class=\" custom-font text-success\" id=\"last-msg-{{ $user->id }}\">{{ Str::limit(@$lmsg[$user->id], 25, \'...\') }}</small>\n</div>\n</span>\n<div id=\"unread-{{ $user->id }}\">\n@if ($unread->where(\'sender_id\', $user->id)->count() > 0)\n<span class=\"avatar-sm img-fluid rounded-circle ml-3 bg-success text-white d-flex align-items-center justify-content-center\">{{ $unread->where(\'sender_id\', $user->id)->count() }}</span>\n@endif\n</div>\n</div>\n@endforeach\n7:09 AM\n2025-03-20\nعرفات حوشبة\nhtjp\n7:11 AM\n2025-03-20\nعرفات حوشبة\nليش\n7:11 AM\n2025-03-20\nعرفات حوشبة\n456\n7:11 AM\n2025-03-20\nعرفات حوشبة\nى\n7:11 AM\n2025-03-20\nعرفات حوشبة\n1234567\n7:12 AM\n2025-03-20\nعرفات حوشبة\n7845612358/978456132587456\n7:12 AM\n2025-03-20\nعرفات حوشبة\n11111\n7:12 AM\navatar\nابراهيم عيسى\n2025-03-20\nhttp://192.168.0.199:8000/chat\n7:13 AM\navatar\nابراهيم عيسى\n2025-03-20\nوَيَقَوْمٍ لَا يَجْرِ مَنْكُمْ شِقَافِي أَن يُصِيبَكُم مِثْلُ مَا أَصَابَ قَوْمَ نُوحٍ أَوْ قَوْمَ هُودِ أَوْقَوْمَ صَلِحُ وَمَاقَوْمُ لوط منكم بعيد وَاسْتَغْفِرُوا ربك ثُمَّ تُونُوا إِلَيْهِ إِنْ رَبِّي رَحِيمٌ وَدُودُ قَالُوا يَشْعَيْبُ مَا نَفْقَهُ كَثِيرًا مِّمَّا تَقُولُ وَإِنَّا لَتَرِيكَ فِينَا ضَعِيفًا وَلَوْلَا رَهْطُكَ لَرَجَمْنَكَ وَمَا أَنت َ عَلَيْنَا بِعَزِيقَالَ يَقَوْمِ أَرَهْلِي أَعَزَّ عَلَيْكُم مِنَ اللَّهِ وَاخَذْ تُمُوهُ وَرَاءَ كُمْ ظِهْرِنَا إِنَّ رَنِي بِمَا تَعْمَلُونَ يُحِيطُوَيَقَوْمٍ أَعْمَلُوا عَلَى مَكَانَيْكُمْ إِنِّي عَمِل سَوْفَ تَعْلَمُونَ مَن يَأْتِبِهِ عَذَابٌ يُخْزِيهِ وَمَنْ هُوَ كَذِبٌ وَارْتَقِبُوا إِنِّي مَعَكُمْ رَقِيبُ وَلَمَّا جَاءَ أَمْ نَا نَعْنَا تُعيبًا وَالَّذِينَ آمَنُوا مَعَهُ بِرَحْمَةِ مِنَا وَأَخْذَتِ الَّذِينَ ظَلَمُوا الشَّيْحَةُ فَأَصْبَحُوا فِي دِيرِهِمْ جَمِينَ كَانَ أَمْ يَعْنوا فِيهَا الَا يُعد المدين كمَا جِدَتْ تَمُودُ وَلَقَدْ أَمْ سَلْنَا مُوسَى يَتَابَيْنَا وَسُلْطَان مُّبِينَ إِلَى فِرْعَوْن َ وَلَا يُهِ فَالْبَعُوا أَمْ رَعُونَ وَمَا أَمْرُ فِعُونَ بِرَشِيد\n7:13 AM\navatar\nابراهيم عيسى\n2025-03-20\nالكمية\nقاروره\n3.00\nجليكومين ، ، ممجم اقراص الدوائية\n3.00|\nجليكومين م م٨مجم اقراص الدوائية\nباكت\n8.00\nيماسيف م٠٧مجم كبسول. الدوائية الحديثة\nباكت\n1.00\nباكت\nماسيف ٠٠٣مجم كبسول الدوائية الحديثة\n0O ٠\nباكت\nيفوزين ممجم اقراص الدائية\n1.00\nباكت\nيكسازول م؛ مجم كبسول الدوائية\n1.00\nباكت\nبيتاسين كريم الدوائية\n4.00)\n7:13 AM\navatar\nابراهيم عيسى\n2025-03-21\nههههه\n8:32 PM\navatar\nابراهيم عيسى\n2025-03-21\nخ\n8:35 PM\navatar\nابراهيم عيسى\n2025-03-21\nتمام\n8:35 PM\navatar\nابراهيم عيسى\n2025-03-21\nالان باقي المكتبة\n8:35 PM\navatar\nابراهيم عيسى\n2025-03-21\n<img src=\"\">\n8:36 PM\n2025-03-21\nعرفات حوشبة\n20000000\n10:22 PM\n2025-03-21\nعرفات حوشبة\nChangelog\nWe believe that providing meaningful updates to our templates are important to keep up with the evolution of the dependencies, libraries, and the new design requirements that the modern day web industry requires.\n\nBelow you can see the timeline of changes for Neumorphism UI PRO since its initial launch 4 years ago.\n10:22 PM\n2025-03-21\nعرفات حوشبة\nExercitation photo booth stumptown tote bag Banksy, elit small batch freegan sed. Craft beer elit seitan exercitation, photo booth et 8-bit kale chips proident chillwave deep v laborum. Aliquip veniam delectus, Marfa eiusmod Pinterest in do umami readymade swag.\n\nDay handsome addition horrible sensible goodness two contempt. Evening for married his account removal. Estimable me disposing of be moonlight cordially curiosity.\n\n\n\nExercitation photo booth stumptown tote bag Banksy, elit small batch freegan sed. Craft beer elit seitan exercitation, photo booth et 8-bit kale chips proident chillwave deep v laborum. Aliquip veniam delectus, Marfa eiusmod Pinterest in do umami readymade swag.\n\nDay handsome addition horrible sensible goodness two contempt. Evening for married his account removal. Estimable me disposing of be moonlight cordially curiosity.\nExercitation photo booth stumptown tote bag Banksy, elit small batch freegan sed. Craft beer elit seitan exercitation, photo booth et 8-bit kale chips proident chillwave deep v laborum. Aliquip veniam delectus, Marfa eiusmod Pinterest in do umami readymade swag.\n\nDay handsome addition horrible sensible goodness two contempt. Evening for married his account removal. Estimable me disposing of be moonlight cordially curiosity.\n\n\n\nExercitation photo booth stumptown tote bag Banksy, elit small batch freegan sed. Craft beer elit seitan exercitation, photo booth et 8-bit kale chips proident chillwave deep v laborum. Aliquip veniam delectus, Marfa eiusmod Pinterest in do umami readymade swag.\n\nDay handsome addition horrible sensible goodness two contempt. Evening for married his account removal. Estimable me disposing of be moonlight cordially curiosity.\nExercitation photo booth stumptown tote bag Banksy, elit small batch freegan sed. Craft beer elit seitan exercitation, photo booth et 8-bit kale chips proident chillwave deep v laborum. Aliquip veniam delectus, Marfa eiusmod Pinterest in do umami readymade swag.\n\nDay handsome addition horrible sensible goodness two contempt. Evening for married his account removal. Estimable me disposing of be moonlight cordially curiosity.\n\n\n\nExercitation photo booth stumptown tote bag Banksy, elit small batch freegan sed. Craft beer elit seitan exercitation, photo booth et 8-bit kale chips proident chillwave deep v laborum. Aliquip veniam delectus, Marfa eiusmod Pinterest in do umami readymade swag.\n\nDay handsome addition horrible sensible goodness two contempt. Evening for married his account removal. Estimable me disposing of be moonlight cordially curiosity.\n10:28 PM\n2025-03-21\nعرفات حوشبة\nExercitation photo booth stumptown tote bag Banksy, elit small batch freegan sed. Craft beer elit seitan exercitation, photo booth et 8-bit kale chips proident chillwave deep v laborum. Aliquip veniam delectus, Marfa eiusmod Pinterest in do umami readymade swag.\n\nDay handsome addition horrible sensible goodness two contempt. Evening for married his account removal. Estimable me disposing of be moonlight cordially curiosity.\n\n\n\nExercitation photo booth stumptown tote bag Banksy, elit small batch freegan sed. Craft beer elit seitan exercitation, photo booth et 8-bit kale chips proident chillwave deep v laborum. Aliquip veniam delectus, Marfa eiusmod Pinterest in do umami readymade swag.\n\nDay handsome addition horrible sensible goodness two contempt. Evening for married his account removal. Estimable me disposing of be moonlight cordially curiosity.Exercitation photo booth stumptown tote bag Banksy, elit small batch freegan sed. Craft beer elit seitan exercitation, photo booth et 8-bit kale chips proident chillwave deep v laborum. Aliquip veniam delectus, Marfa eiusmod Pinterest in do umami readymade swag.\n\nDay handsome addition horrible sensible goodness two contempt. Evening for married his account removal. Estimable me disposing of be moonlight cordially curiosity.\n\n\n\nExercitation photo booth stumptown tote bag Banksy, elit small batch freegan sed. Craft beer elit seitan exercitation, photo booth et 8-bit kale chips proident chillwave deep v laborum. Aliquip veniam delectus, Marfa eiusmod Pinterest in do umami readymade swag.\n\nDay handsome addition horrible sensible goodness two contempt. Evening for married his account removal. Estimable me disposing of be moonlight cordially curiosity.Exercitation photo booth stumptown tote bag Banksy, elit small batch freegan sed. Craft beer elit seitan exercitation, photo booth et 8-bit kale chips proident chillwave deep v laborum. Aliquip veniam delectus, Marfa eiusmod Pinterest in do umami readymade swag.\n\nDay handsome addition horrible sensible goodness two contempt. Evening for married his account removal. Estimable me disposing of be moonlight cordially curiosity.\n\n\n\nExercitation photo booth stumptown tote bag Banksy, elit small batch freegan sed. Craft beer elit seitan exercitation, photo booth et 8-bit kale chips proident chillwave deep v laborum. Aliquip veniam delectus, Marfa eiusmod Pinterest in do umami readymade swag.\n\nDay handsome addition horrible sensible goodness two contempt. Evening for married his account removal. Estimable me disposing of be moonlight cordially curiosity.Exercitation photo booth stumptown tote bag Banksy, elit small batch freegan sed. Craft beer elit seitan exercitation, photo booth et 8-bit kale chips proident chillwave deep v laborum. Aliquip veniam delectus, Marfa eiusmod Pinterest in do umami readymade swag.\n\nDay handsome addition horrible sensible goodness two contempt. Evening for married his account removal. Estimable me disposing of be moonlight cordially curiosity.\n\n\n\nExercitation photo booth stumptown tote bag Banksy, elit small batch freegan sed. Craft beer elit seitan exercitation, photo booth et 8-bit kale chips proident chillwave deep v laborum. Aliquip veniam delectus, Marfa eiusmod Pinterest in do umami readymade swag.\n\nDay handsome addition horrible sensible goodness two contempt. Evening for married his account removal. Estimable me disposing of be moonlight cordially curiosity.\n\n\n0000\n10:28 PM\n2025-03-21\nعرفات حوشبة\nExercitation photo booth stumptown tote bag Banksy, elit small batch freegan sed. Craft beer elit seitan exercitation, photo booth et 8-bit kale chips proident chillwave deep v laborum. Aliquip veniam delectus, Marfa eiusmod Pinterest in do umami readymade swag.\n\nDay handsome addition horrible sensible goodness two contempt. Evening for married his account removal. Estimable me disposing of be moonlight cordially curiosity.\n\n\n\nExercitation photo booth stumptown tote bag Banksy, elit small batch freegan sed. Craft beer elit seitan exercitation, photo booth et 8-bit kale chips proident chillwave deep v laborum. Aliquip veniam delectus, Marfa eiusmod Pinterest in do umami readymade swag.\n\nDay handsome addition horrible sensible goodness two contempt. Evening for married his account removal. Estimable me disposing of be moonlight cordially curiosity.\nExercitation photo booth stumptown tote bag Banksy, elit small batch freegan sed. Craft beer elit seitan exercitation, photo booth et 8-bit kale chips proident chillwave deep v laborum. Aliquip veniam delectus, Marfa eiusmod Pinterest in do umami readymade swag.\n\nDay handsome addition horrible sensible goodness two contempt. Evening for married his account removal. Estimable me disposing of be moonlight cordially curiosity.\n\n\n\nExercitation photo booth stumptown tote bag Banksy, elit small batch freegan sed. Craft beer elit seitan exercitation, photo booth et 8-bit kale chips proident chillwave deep v laborum. Aliquip veniam delectus, Marfa eiusmod Pinterest in do umami readymade swag.\n\nDay handsome addition horrible sensible goodness two contempt. Evening for married his account removal. Estimable me disposing of be moonlight cordially curiosity.\nExercitation photo booth stumptown tote bag Banksy, elit small batch freegan sed. Craft beer elit seitan exercitation, photo booth et 8-bit kale chips proident chillwave deep v laborum. Aliquip veniam delectus, Marfa eiusmod Pinterest in do umami readymade swag.\n\nDay handsome addition horrible sensible goodness two contempt. Evening for married his account removal. Estimable me disposing of be moonlight cordially curiosity.\n\n\n\nExercitation photo booth stumptown tote bag Banksy, elit small batch freegan sed. Craft beer elit seitan exercitation, photo booth et 8-bit kale chips proident chillwave deep v laborum. Aliquip veniam delectus, Marfa eiusmod Pinterest in do umami readymade swag.\n\nDay handsome addition horrible sensible goodness two contempt. Evening for married his account removal. Estimable me disposing of be moonlight cordially curiosity.\nExercitation photo booth stumptown tote bag Banksy, elit small batch freegan sed. Craft beer elit seitan exercitation, photo booth et 8-bit kale chips proident chillwave deep v laborum. Aliquip veniam delectus, Marfa eiusmod Pinterest in do umami readymade swag.\n\nDay handsome addition horrible sensible goodness two contempt. Evening for married his account removal. Estimable me disposing of be moonlight cordially curiosity.\n\n\n\nExercitation photo booth stumptown tote bag Banksy, elit small batch freegan sed. Craft beer elit seitan exercitation, photo booth et 8-bit kale chips proident chillwave deep v laborum. Aliquip veniam delectus, Marfa eiusmod Pinterest in do umami readymade swag.\n\nDay handsome addition horrible sensible goodness two contempt. Evening for married his account removal. Estimable me disposing of be moonlight cordially curiosity.\nExercitation photo booth stumptown tote bag Banksy, elit small batch freegan sed. Craft beer elit seitan exercitation, photo booth et 8-bit kale chips proident chillwave deep v laborum. Aliquip veniam delectus, Marfa eiusmod Pinterest in do umami readymade swag.\n\nDay handsome addition horrible sensible goodness two contempt. Evening for married his account removal. Estimable me disposing of be moonlight cordially curiosity.\n\n\n\nExercitation photo booth stumptown tote bag Banksy, elit small batch freegan sed. Craft beer elit seitan exercitation, photo booth et 8-bit kale chips proident chillwave deep v laborum. Aliquip veniam delectus, Marfa eiusmod Pinterest in do umami readymade swag.\n\nDay handsome addition horrible sensible goodness two contempt. Evening for married his account removal. Estimable me disposing of be moonlight cordially curiosity.\n\n\n\n\n\n\n\n\n0.0.0.0.\n10:28 PM\n2025-03-21\nعرفات حوشبة\nالموقع الذي تم الاعتماد عليه : https://themesberg.com/product/ui-kit/neumorphism-ui-kit-bootstrap-pro\n10:48 PM\n2025-03-21\nعرفات حوشبة\n7771500086\n10:48 PM\n2025-03-21\nعرفات حوشبة\nhttp://77150086\n\n\n\n.\n10:49 PM\n2025-03-23\nعرفات حوشبة\n+967 777150086', 1, 0, 0, 0, '2025-03-19 17:02:41', NULL, 'نص', 0, '2025-03-23 11:20:39', '2025-03-26 11:00:59'),
(102, 7, 8, 1, '👋 \n\n\n\nمرحبا', 1, 0, 0, 0, '2025-03-19 17:02:41', NULL, 'نص', 0, '2025-03-25 11:42:23', '2025-03-25 11:44:47'),
(103, 7, 8, 1, 'كيف الحال', 1, 0, 0, 0, '2025-03-19 17:02:41', NULL, 'نص', 0, '2025-03-25 11:42:35', '2025-03-25 11:44:47'),
(104, 7, 8, 1, 'صباح الخير', 1, 0, 0, 1, '2025-03-19 17:02:41', 'uploads/chats/4213635729907.jpg', 'صورة', 191139, '2025-03-25 11:43:31', '2025-03-25 11:44:47'),
(105, 7, 8, 1, 'It', 1, 0, 1, 1, '2025-03-19 17:02:41', 'uploads/chats/6099335284667.png', 'صورة', 150920, '2025-03-25 11:43:43', '2025-03-25 11:45:06'),
(106, 7, 8, 1, 'https://www.google.com/search?client=ms-android-verizon-us-rvc3&sca_esv=be29cc62fc8e0244&sxsrf=AHTn8zq1nc8Cts5Yg9a2UCGoy7W7n7wPgQ:1740132498827&q=neumorphism+ui&udm=2&fbs=ABzOT_CgHTM7L6wWaDPyBhqAitpD2XD708SmX2Qnx9Iy4qEfaR8lIQB9vOTE-HmiCTfMcpgGDZHAvymEs9rqrOnbdx6o9s_HrdfOKHD5olKmlLKN15Wbug0TULHCfFxODSjd2pxUTe6rBa5IZag9M8LGLCA25UPMUcrpysKhx4N1K6RqqdOYk4nm2OlNuh14qrhrTirw137rcBuZ4Ogcp7PBfMjBB2lv_g&sa=X&ved=2ahUKEwjBotHbwtSLAxUvnf0HHScXDScQtKgLegQIDhAB&biw=384&bih=726&dpr=2.81#ip=1', 1, 0, 0, 0, '2025-03-19 17:02:41', NULL, 'نص', 0, '2025-03-25 11:44:33', '2025-03-25 11:44:56'),
(107, 7, 1, 8, '0000000000\n\n\n\n\n\n\n\n\n\n\n\n\n\n\n\n\n\n\n.\n\n.00', 1, 0, 0, 0, '2025-03-19 17:02:41', NULL, 'نص', 0, '2025-03-25 11:57:22', '2025-03-25 12:02:31'),
(108, 9, 10, 8, 'هلا', 1, 0, 0, 0, '2025-03-19 17:02:41', NULL, 'نص', 0, '2025-03-30 19:30:28', '2025-04-11 18:39:36'),
(109, 10, 12, 10, 'هلا', 1, 0, 0, 0, '2025-03-19 17:02:41', NULL, 'نص', 0, '2025-03-31 21:27:43', '2025-03-31 21:29:37'),
(110, 9, 10, 8, '0000000\n\n\n\n\n\n\n\n\n\n\n\n\n\n\n\n\n\n\n.', 1, 0, 0, 0, '2025-03-19 17:02:41', NULL, 'نص', 0, '2025-03-31 21:27:55', '2025-04-11 18:39:36'),
(111, 10, 10, 12, '0.000', 1, 0, 0, 0, '2025-03-19 17:02:41', NULL, 'نص', 0, '2025-03-31 21:28:26', '2025-03-31 21:28:46'),
(112, 10, 12, 10, 'Logo light\nPages \nAbout\nPricing\nContact\nSign in\nSign up\nComponents \nPixel Components\n \nAccordions\nAlerts\nBadges\nBootstrap Carousels\nBreadcrumbs\nButtons\nCounters\nPro\nCards\nE-commerce\nPro\nForms\nIcon Boxes\nPro\nModals\nNavs\nOwl Carousels\nPro\nPagination\nPopovers\nProgress Bars\nSteps\nPro\nTables\nTabs\nToasts\nTimelines\nPro\nTooltips\nTypography\nWidgets\nPro\nSupport \nDocumentationv1.0\nExamples and guides\nSupport\nLooking for answers? Ask us!\nAccordions\nUsing the card component, you can extend the default collapse behavior to create an accordion.\n\n See our Documentation for a detailed technical explanation.\nDefault Accordion\nAccordion with icons\nNeumorphism UI PRO is a premium Bootstrap UI Kit built based on the newest design trend called Neumorphism.\n\nThemesberg\nBlog\nProducts\nAbout Us\nContact Us\nOther\nDocs v1.0\nChangelog\nLicense\nSupport\nSubscribe\nJoin our mailing list. We write rarely, but only the best content.\n\nexample@company.com\nWe’ll never share your details. See our Privacy Policy\n\nThemesberg Logo\nCopyright © Themesberg 2025. All rights reserved.', 1, 0, 0, 0, '2025-03-19 17:02:41', NULL, 'نص', 0, '2025-03-31 21:28:45', '2025-03-31 21:29:37'),
(113, 10, 10, 12, 'سائح\nما هي خدع الفنادق لزيادة التكلفة؟\nمن كتابة فريق سائح • 3 أشهر • 3 دقيقة من القراءة\n\n\nما هي خدع الفنادق لزيادة التكلفة؟\nما هي خدع الفنادق لزيادة التكلفة؟\n© سائح\nفي عالم السفر، تعد الفنادق واحدة من أبرز العناصر التي تشكل تجربة المسافر، حيث يتوقع الجميع أن يحصلوا على قيمة مقابل المال الذي يدفعونه. ولكن، في كثير من الأحيان، قد يكتشف الضيوف أنهم دفعوا أكثر مما كانوا يتوقعون بسبب بعض الأساليب الذكية التي تستخدمها الفنادق لزيادة التكاليف. هذه \"الخدع\" قد تكون في شكل رسوم إضافية غير متوقعة أو سياسات غير واضحة قد تؤدي إلى زيادة التكاليف بشكل غير مباشر. في هذا المقال، سنتناول أبرز هذه الخدع وكيفية تجنبها لتتمكن من توفير المال أثناء إقامتك في الفنادق.\n\nمن أكثر الخدع شيوعًا التي قد يقع فيها المسافرون هي الرسوم الإضافية التي تضاف إلى فاتورة الفندق دون أن تكون واضحة في البداية. على الرغم من أن السعر الأساسي للغرفة قد يبدو معقولاً في البداية، إلا أن الفنادق غالبًا ما تضيف رسومًا غير مرئية مثل رسوم الخدمة، رسوم المنتجع، ورسوم التنظيف، والتي يمكن أن ترفع التكلفة بشكل كبير. على سبيل المثال، قد يُطلب من الضيوف دفع رسوم إضافية لاستخدام المرافق مثل حمام السباحة، الجيم، أو حتى الإنترنت.\nExpand article logo  متابعة القراءة\n\nالمزايا الخفية\nبعض الفنادق تستخدم هذه الرسوم كوسيلة لزيادة الإيرادات دون تغيير السعر الأساسي للغرفة، مما يجعل الضيوف يشعرون أنهم قد حصلوا على صفقة جيدة عند الحجز.\n\nكما يمكن أن تشمل بعض الفنادق \"خدمات غير ضرورية\" كجزء من الحزمة مثل \"خدمة النقل من وإلى المطار\" أو \"إفطار مجاني\" تكون مشمولة في سعر أعلى من الغرفة الأساسية.\n\n\n\n\n\n\n\n\n\n\n\n\n\nالمزيد من أجلك\n\nالنهار\nليفاندوفسكي يتخطى بوشكاش بعد ثنائية جيرونا\nمن كتابة المصدر: النهار • 23 ساعة • 1 دقيقة من القراءة\n\nواصل النجم البولندي روبرت ليفاندوفسكي تألقه اللافت، وقاد برشلونة لفوز كبير على جيرونا بنتيجة 4-1 في ديربي كاتالونيا، بعد أن سجل ثنائية مميزة عززت تفوق فريقه في الشوط الثاني.\n\nورغم أن برشلونة أنهى الشوط الأول متقدماً بهدف وحيد، تمكن جيرونا من تعديل النتيجة في الدقيقة 53 عبر أرناوت دانغوما، إلا أن ليفاندوفسكي كان في الموعد، مسجلاً هدفين ثمينين منحا برشلونة الأفضلية، قبل أن يختتم فيران توريس الرباعية في الدقيقة 86.\n\nروبيرت ليفاندوفيسكي(اكس)\n\nتحطيم رقم بوشكاش التاريخي\n\nلم يكن انتصار برشلونة فقط هو الحدث الأبرز في اللقاء، بل أن ليفاندوفسكي حطم رقماً قياسياً جديداً في لا ليغا، إذ أصبح اللاعب الأكثر تسجيلاً بعد بلوغه 36 عاماً، متجاوزاً الأسطورة المجرية فيرينز بوشكاش.\n\nوكان ليفاندوفسكي قد دخل المباراة برصيد 20 هدفاً منذ بلوغه هذا العمر، بفارق هدف وحيد عن بوشكاش الذي سجل 21 هدفاً مع ريال مدريد، إلا أن ثنائيته ضد جيرونا جعلته يحمل الرقم القياسي الجديد.\n\nنجم برشلونة الأول هذا الموسم\n\nيعيش ليفاندوفسكي فترة رائعة، إذ سجل في سبع من آخر ثماني مباريات بالدوري، ليؤكد دوره المحوري في هجوم برشلونة، كما أنه يتصدر سباق جائزة بيتشيتشي كأفضل هداف في لا ليغا هذا الموسم، بعدما رفع رصيده إلى 25 هدفاً، متقدماً بثلاثة أهداف على كيليان مبابي صاحب المركز الثاني.\n\nبهذا الأداء الاستثنائي، يواصل ليفاندوفسكي كتابة التاريخ وتحقيق الإنجازات، مؤكداً أنه لا يزال أحد أفضل المهاجمين في العالم رغم تقدمه في العمر.\n\nProvided by SyndiGate Media Inc. (\n\nSyndigate.info\n\n).\n\nالمزيد من أجلك', 1, 0, 0, 0, '2025-03-19 17:02:41', NULL, 'نص', 0, '2025-03-31 21:29:36', '2025-03-31 21:29:55');
INSERT INTO `chat_messages` (`id`, `contact_id`, `sender_id`, `receiver_id`, `message`, `is_read`, `is_seen`, `is_deleted`, `has_media`, `read_date`, `file_url`, `type`, `size`, `created_at`, `updated_at`) VALUES
(114, 10, 10, 12, '× ×\r\n -', 1, 0, 0, 1, '2025-03-19 17:02:41', 'uploads/chats/3713249988511.jpeg', 'صورة', 476723, '2025-03-31 21:30:36', '2025-03-31 21:30:41'),
(115, 10, 10, 12, 'عرفات', 1, 0, 0, 1, '2025-03-19 17:02:41', 'uploads/chats/6354821319840.jpg', 'صورة', 18992, '2025-03-31 21:31:03', '2025-03-31 22:10:10'),
(116, 11, 17, 1, '5555', 0, 0, 0, 0, '2025-03-19 17:02:41', NULL, 'نص', 0, '2025-04-02 23:27:10', '2025-04-02 23:27:10'),
(117, 12, 10, 14, '@SultanALKheel', 1, 0, 0, 0, '2025-03-19 17:02:41', NULL, 'نص', 0, '2025-04-03 15:50:17', '2025-04-03 17:56:24'),
(118, 12, 14, 10, '0', 0, 0, 0, 0, '2025-03-19 17:02:41', NULL, 'نص', 0, '2025-04-03 17:56:05', '2025-04-03 17:56:05'),
(119, 12, 14, 10, '789456123', 0, 0, 0, 0, '2025-03-19 17:02:41', NULL, 'نص', 0, '2025-04-03 17:56:14', '2025-04-03 17:56:14'),
(120, 12, 14, 10, '.', 0, 0, 0, 0, '2025-03-19 17:02:41', NULL, 'نص', 0, '2025-04-03 17:56:18', '2025-04-03 17:56:18'),
(121, 12, 14, 10, 'http://127.0.0.1:8000/chat', 0, 0, 0, 0, '2025-03-19 17:02:41', NULL, 'نص', 0, '2025-04-03 17:56:23', '2025-04-03 17:56:23'),
(122, 14, 10, 22, 'I', 1, 0, 0, 0, '2025-04-06 00:00:45', NULL, 'نص', 0, '2025-04-07 21:53:39', '2025-04-07 21:54:04'),
(123, 14, 10, 22, 'Task', 1, 0, 0, 1, '2025-04-06 00:00:45', 'uploads/chats/7605562661252.png', 'صورة', 752, '2025-04-07 21:54:00', '2025-04-07 21:54:04'),
(124, 14, 10, 22, '0', 1, 0, 0, 0, '2025-04-06 00:00:45', NULL, 'نص', 0, '2025-04-07 21:54:07', '2025-04-07 21:54:09'),
(125, 14, 22, 10, '0', 1, 0, 0, 0, '2025-04-06 00:00:45', NULL, 'نص', 0, '2025-04-07 21:54:13', '2025-04-07 21:54:19'),
(126, 16, 29, 9, '0', 0, 0, 0, 1, '2025-04-06 00:00:45', 'uploads/chats/4724104332778.gif', 'صورة', 2777662, '2025-04-10 19:52:00', '2025-04-10 19:52:00'),
(127, 8, 8, 2, '0', 0, 0, 0, 0, '2025-04-06 00:00:45', NULL, 'نص', 0, '2025-04-11 18:39:41', '2025-04-11 18:39:41'),
(128, 8, 8, 2, '0', 0, 0, 0, 1, '2025-04-06 00:00:45', 'uploads/chats/8189952041862.gif', 'صورة', 2777662, '2025-04-11 18:39:55', '2025-04-11 18:39:55'),
(129, 14, 22, 10, 'شخقغلعهيب', 0, 0, 0, 0, '2025-04-06 00:00:45', NULL, 'نص', 0, '2025-04-13 09:30:30', '2025-04-13 09:30:30');

-- --------------------------------------------------------

--
-- Table structure for table `colleges`
--

DROP TABLE IF EXISTS `colleges`;
CREATE TABLE IF NOT EXISTS `colleges` (
  `id` bigint UNSIGNED NOT NULL AUTO_INCREMENT,
  `name` varchar(191) COLLATE utf8mb4_unicode_ci NOT NULL,
  `logo_url` varchar(191) COLLATE utf8mb4_unicode_ci DEFAULT NULL,
  `university_id` bigint UNSIGNED NOT NULL,
  `contact_info` varchar(191) COLLATE utf8mb4_unicode_ci DEFAULT NULL,
  `created_at` timestamp NULL DEFAULT NULL,
  `updated_at` timestamp NULL DEFAULT NULL,
  PRIMARY KEY (`id`),
  KEY `colleges_university_id_foreign` (`university_id`)
) ENGINE=MyISAM AUTO_INCREMENT=9 DEFAULT CHARSET=utf8mb4 COLLATE=utf8mb4_unicode_ci;

--
-- Dumping data for table `colleges`
--

INSERT INTO `colleges` (`id`, `name`, `logo_url`, `university_id`, `contact_info`, `created_at`, `updated_at`) VALUES
(1, 'كلية الحاسبات والمعلوماتية', 'images/logo/898101.png', 1, '777000668', '2025-03-03 18:21:00', '2025-03-03 18:21:00'),
(2, 'كلية الهندسة', 'images/logo/351770.png', 1, '777000667', '2025-03-03 18:21:45', '2025-03-03 18:21:45'),
(3, 'كلية العلوم الطبية', 'images/logo/933175.jpg', 1, '777000669', '2025-03-04 06:00:38', '2025-03-04 06:00:38'),
(4, 'كلية العلوم التطبيقية', 'images/logo/839410.png', 1, '777001666', '2025-03-06 05:30:38', '2025-03-06 05:30:38'),
(5, 'كلية الاداب', 'images/logo/156895.png', 1, '777010666', '2025-03-09 04:49:19', '2025-03-09 04:49:19'),
(6, 'كلية الشريعة والقانون', 'images/logo/383146.jpg', 1, '777050668', '2025-04-04 19:57:19', '2025-04-04 19:57:19'),
(7, 'كلية الطب البيطري', 'images/logo/289368.png', 1, '777012668', '2025-04-04 19:58:22', '2025-04-04 19:58:22'),
(8, 'كلية الطب البشري', 'images/logo/932183.png', 1, '777000660', '2025-04-08 10:47:37', '2025-04-08 10:47:37');

-- --------------------------------------------------------

--
-- Table structure for table `colleges_buildings`
--

DROP TABLE IF EXISTS `colleges_buildings`;
CREATE TABLE IF NOT EXISTS `colleges_buildings` (
  `id` bigint UNSIGNED NOT NULL AUTO_INCREMENT,
  `college_id` bigint UNSIGNED NOT NULL,
  `building_id` bigint UNSIGNED NOT NULL,
  `created_at` timestamp NULL DEFAULT NULL,
  `updated_at` timestamp NULL DEFAULT NULL,
  PRIMARY KEY (`id`),
  KEY `colleges_buildings_college_id_foreign` (`college_id`),
  KEY `colleges_buildings_building_id_foreign` (`building_id`)
) ENGINE=MyISAM AUTO_INCREMENT=34 DEFAULT CHARSET=utf8mb4 COLLATE=utf8mb4_unicode_ci;

--
-- Dumping data for table `colleges_buildings`
--

INSERT INTO `colleges_buildings` (`id`, `college_id`, `building_id`, `created_at`, `updated_at`) VALUES
(31, 5, 4, '2025-03-26 10:59:04', '2025-03-26 10:59:04'),
(29, 1, 5, '2025-03-08 06:03:10', '2025-03-08 06:03:10'),
(28, 1, 2, '2025-03-08 06:03:10', '2025-03-08 06:03:10'),
(10, 2, 5, '2025-03-05 14:10:23', '2025-03-05 14:10:23'),
(27, 1, 1, '2025-03-08 06:03:10', '2025-03-08 06:03:10'),
(16, 3, 2, '2025-03-05 15:18:29', '2025-03-05 15:18:29'),
(17, 3, 3, '2025-03-05 15:18:29', '2025-03-05 15:18:29'),
(18, 3, 4, '2025-03-05 15:18:29', '2025-03-05 15:18:29'),
(19, 3, 5, '2025-03-05 15:18:29', '2025-03-05 15:18:29'),
(20, 4, 2, '2025-03-06 05:31:00', '2025-03-06 05:31:00'),
(21, 4, 4, '2025-03-06 05:31:00', '2025-03-06 05:31:00'),
(22, 4, 5, '2025-03-06 05:31:00', '2025-03-06 05:31:00'),
(32, 5, 5, '2025-03-26 10:59:04', '2025-03-26 10:59:04'),
(33, 5, 6, '2025-03-26 10:59:04', '2025-03-26 10:59:04');

-- --------------------------------------------------------

--
-- Table structure for table `comments`
--

DROP TABLE IF EXISTS `comments`;
CREATE TABLE IF NOT EXISTS `comments` (
  `id` bigint UNSIGNED NOT NULL AUTO_INCREMENT,
  `post_id` bigint UNSIGNED NOT NULL,
  `user_id` bigint UNSIGNED NOT NULL,
  `content` text COLLATE utf8mb4_unicode_ci NOT NULL,
  `created_at` timestamp NULL DEFAULT NULL,
  `updated_at` timestamp NULL DEFAULT NULL,
  PRIMARY KEY (`id`),
  KEY `comments_post_id_foreign` (`post_id`),
  KEY `comments_user_id_foreign` (`user_id`)
) ENGINE=MyISAM AUTO_INCREMENT=48 DEFAULT CHARSET=utf8mb4 COLLATE=utf8mb4_unicode_ci;

--
-- Dumping data for table `comments`
--

INSERT INTO `comments` (`id`, `post_id`, `user_id`, `content`, `created_at`, `updated_at`) VALUES
(1, 25, 3, 'تجربة', '2025-03-10 18:21:25', '2025-03-10 18:21:25'),
(2, 25, 3, 'عرفات', '2025-03-10 18:23:03', '2025-03-10 18:23:03'),
(3, 25, 3, '0000', '2025-03-10 18:23:57', '2025-03-10 18:23:57'),
(4, 24, 3, 'goood', '2025-03-10 18:24:40', '2025-03-10 18:24:40'),
(5, 22, 3, 'iiiiii', '2025-03-10 18:26:35', '2025-03-10 18:26:35'),
(6, 23, 3, '00000', '2025-03-10 18:27:37', '2025-03-10 18:27:37'),
(7, 24, 3, 'bad', '2025-03-10 18:28:17', '2025-03-10 18:28:17'),
(8, 24, 3, '000', '2025-03-10 18:29:38', '2025-03-10 18:29:38'),
(9, 21, 3, 'هههه', '2025-03-10 18:33:15', '2025-03-10 18:33:15'),
(10, 17, 3, 'ok', '2025-03-10 18:52:43', '2025-03-10 18:52:43'),
(11, 25, 4, 'هههههههههه', '2025-03-10 18:59:54', '2025-03-10 18:59:54'),
(12, 25, 3, 'تجربة المزامنة', '2025-03-10 19:11:18', '2025-03-10 19:11:18'),
(13, 25, 3, '0', '2025-03-10 19:12:40', '2025-03-10 19:12:40'),
(14, 20, 3, 'تجربة من الصفر', '2025-03-10 19:14:25', '2025-03-10 19:14:25'),
(15, 20, 3, '0000', '2025-03-10 19:14:33', '2025-03-10 19:14:33'),
(16, 20, 4, 'مرحبا', '2025-03-10 19:14:52', '2025-03-10 19:14:52'),
(17, 17, 3, 'الافضل', '2025-03-10 19:17:29', '2025-03-10 19:17:29'),
(18, 23, 4, '0', '2025-03-10 19:20:10', '2025-03-10 19:20:10'),
(19, 19, 4, '0', '2025-03-10 19:20:53', '2025-03-10 19:20:53'),
(20, 25, 4, '000', '2025-03-10 19:26:44', '2025-03-10 19:26:44'),
(21, 22, 4, '?', '2025-03-10 19:28:15', '2025-03-10 19:28:15'),
(22, 22, 4, '.', '2025-03-10 19:30:27', '2025-03-10 19:30:27'),
(23, 1, 3, 'اول منشور كان امس \n\n\n\nو اليوم اخر التعليق الساعة 7:36', '2025-03-10 19:36:41', '2025-03-10 19:36:41'),
(24, 26, 3, 'بعد تعديل الوقع و التاريخ من :\n\'timezone\' => \'UTC\'\nالى \n\'timezone\' => \'Asia/Aden\'\nفي ملف app.php', '2025-03-10 22:43:42', '2025-03-10 22:43:42'),
(25, 27, 1, 'شعار جميل', '2025-03-11 08:09:15', '2025-03-11 08:09:15'),
(26, 27, 4, 'حلو', '2025-03-11 08:09:32', '2025-03-11 08:09:32'),
(27, 6, 1, '0', '2025-03-19 11:12:53', '2025-03-19 11:12:53'),
(28, 1, 2, 'عرفات', '2025-03-19 14:56:58', '2025-03-19 14:56:58'),
(29, 5, 2, 'O', '2025-03-19 14:57:10', '2025-03-19 14:57:10'),
(30, 6, 2, 'صدق', '2025-03-19 14:57:22', '2025-03-19 14:57:22'),
(31, 32, 1, '2015115', '2025-03-21 16:21:08', '2025-03-21 16:21:08'),
(32, 35, 8, 'عرفات', '2025-03-26 22:04:39', '2025-03-26 22:04:39'),
(33, 44, 12, 'ههههههعه', '2025-04-02 22:10:39', '2025-04-02 22:10:39'),
(34, 44, 10, 'امري لله 😵‍💫', '2025-04-02 22:11:08', '2025-04-02 22:11:08'),
(35, 41, 10, 'محاولة تهكير', '2025-04-02 22:11:33', '2025-04-02 22:11:33'),
(36, 40, 10, 'الحماية 💯', '2025-04-02 22:12:13', '2025-04-02 22:12:13'),
(37, 37, 10, 'لا يمكن ادخال اي اكواد خبيثة 😼', '2025-04-02 22:13:03', '2025-04-02 22:13:03'),
(38, 47, 10, 'تجربة', '2025-04-02 23:24:01', '2025-04-02 23:24:01'),
(39, 47, 10, '٠', '2025-04-02 23:24:09', '2025-04-02 23:24:09'),
(40, 47, 12, 'ف٤', '2025-04-02 23:24:19', '2025-04-02 23:24:19'),
(41, 46, 10, 'تجربة', '2025-04-02 23:24:55', '2025-04-02 23:24:55'),
(42, 46, 12, 'تجربة', '2025-04-02 23:24:56', '2025-04-02 23:24:56'),
(43, 44, 10, '٨٨لحبءحيرامؤلخلؤههلؤؤلهلءهبءههؤلهؤل', '2025-04-02 23:25:20', '2025-04-02 23:25:20'),
(44, 44, 17, '00', '2025-04-02 23:25:31', '2025-04-02 23:25:31'),
(45, 47, 17, 'الدردشة\nالمجموعات\nأ.م. عمار عصيوران', '2025-04-03 15:07:15', '2025-04-03 15:07:15'),
(46, 49, 14, '😚', '2025-04-03 15:17:39', '2025-04-03 15:17:39'),
(47, 62, 29, '(❁´◡`❁)\n^_~', '2025-04-10 19:50:04', '2025-04-10 19:50:04');

-- --------------------------------------------------------

--
-- Table structure for table `complaints`
--

DROP TABLE IF EXISTS `complaints`;
CREATE TABLE IF NOT EXISTS `complaints` (
  `id` bigint UNSIGNED NOT NULL AUTO_INCREMENT,
  `user_id` bigint UNSIGNED NOT NULL,
  `title` varchar(191) COLLATE utf8mb4_unicode_ci NOT NULL,
  `description` text COLLATE utf8mb4_unicode_ci,
  `date` datetime NOT NULL DEFAULT '2025-04-06 00:00:46',
  `status` enum('Pending','Resolved','Closed') COLLATE utf8mb4_unicode_ci NOT NULL DEFAULT 'Pending',
  `created_at` timestamp NULL DEFAULT NULL,
  `updated_at` timestamp NULL DEFAULT NULL,
  PRIMARY KEY (`id`),
  KEY `complaints_user_id_foreign` (`user_id`)
) ENGINE=MyISAM DEFAULT CHARSET=utf8mb4 COLLATE=utf8mb4_unicode_ci;

-- --------------------------------------------------------

--
-- Table structure for table `contacts`
--

DROP TABLE IF EXISTS `contacts`;
CREATE TABLE IF NOT EXISTS `contacts` (
  `id` bigint UNSIGNED NOT NULL AUTO_INCREMENT,
  `user_id` bigint UNSIGNED NOT NULL,
  `friend_id` bigint UNSIGNED NOT NULL,
  `friend_type` enum('مشرف','معلم','طالب') COLLATE utf8mb4_unicode_ci NOT NULL,
  `user_blocked` tinyint(1) NOT NULL DEFAULT '0',
  `friend_blocked` tinyint(1) NOT NULL DEFAULT '0',
  `created_at` timestamp NULL DEFAULT NULL,
  `updated_at` timestamp NULL DEFAULT NULL,
  PRIMARY KEY (`id`),
  KEY `contacts_user_id_foreign` (`user_id`),
  KEY `contacts_friend_id_foreign` (`friend_id`)
) ENGINE=MyISAM AUTO_INCREMENT=18 DEFAULT CHARSET=utf8mb4 COLLATE=utf8mb4_unicode_ci;

--
-- Dumping data for table `contacts`
--

INSERT INTO `contacts` (`id`, `user_id`, `friend_id`, `friend_type`, `user_blocked`, `friend_blocked`, `created_at`, `updated_at`) VALUES
(1, 1, 2, 'مشرف', 0, 0, '2025-03-19 11:14:19', '2025-03-19 11:14:19'),
(2, 3, 1, 'مشرف', 0, 0, '2025-03-19 11:16:32', '2025-03-19 11:16:32'),
(3, 1, 4, 'مشرف', 0, 0, '2025-03-19 11:31:12', '2025-03-19 11:31:12'),
(4, 3, 6, 'مشرف', 0, 0, '2025-03-19 11:40:08', '2025-03-19 11:40:08'),
(5, 2, 6, 'مشرف', 0, 0, '2025-03-19 21:02:07', '2025-03-19 21:02:07'),
(6, 2, 3, 'مشرف', 0, 0, '2025-03-20 00:12:45', '2025-03-20 00:12:45'),
(7, 8, 1, 'مشرف', 0, 0, '2025-03-25 11:42:09', '2025-03-25 11:42:09'),
(8, 2, 8, 'معلم', 0, 0, '2025-03-26 11:01:27', '2025-03-26 11:01:27'),
(9, 8, 10, 'طالب', 0, 0, '2025-03-30 17:31:13', '2025-03-30 17:31:13'),
(10, 12, 10, 'طالب', 0, 0, '2025-03-31 21:27:36', '2025-03-31 21:27:36'),
(11, 17, 1, 'مشرف', 0, 0, '2025-04-02 23:27:04', '2025-04-02 23:27:04'),
(12, 10, 14, 'طالب', 0, 0, '2025-04-03 15:50:07', '2025-04-03 15:50:07'),
(13, 14, 4, 'مشرف', 0, 0, '2025-04-03 17:54:59', '2025-04-03 17:54:59'),
(14, 10, 22, 'طالب', 0, 0, '2025-04-07 21:53:18', '2025-04-07 21:53:18'),
(15, 27, 25, 'طالب', 0, 0, '2025-04-09 22:49:15', '2025-04-09 22:49:15'),
(16, 29, 9, 'معلم', 0, 0, '2025-04-10 19:51:50', '2025-04-10 19:51:50'),
(17, 15, 1, 'مشرف', 0, 0, '2025-04-14 06:43:52', '2025-04-14 06:43:52');

-- --------------------------------------------------------

--
-- Table structure for table `contact_infos`
--

DROP TABLE IF EXISTS `contact_infos`;
CREATE TABLE IF NOT EXISTS `contact_infos` (
  `id` bigint UNSIGNED NOT NULL AUTO_INCREMENT,
  `user_id` bigint UNSIGNED NOT NULL,
  `platform` enum('phone','email','telegram','whatsapp','facebook','twitter','instagram','linkedin','tiktok','youtube','snapchat','website','other') COLLATE utf8mb4_unicode_ci NOT NULL,
  `url` varchar(191) COLLATE utf8mb4_unicode_ci NOT NULL,
  `created_at` timestamp NULL DEFAULT NULL,
  `updated_at` timestamp NULL DEFAULT NULL,
  PRIMARY KEY (`id`),
  KEY `contact_infos_user_id_foreign` (`user_id`)
) ENGINE=MyISAM AUTO_INCREMENT=69 DEFAULT CHARSET=utf8mb4 COLLATE=utf8mb4_unicode_ci;

--
-- Dumping data for table `contact_infos`
--

INSERT INTO `contact_infos` (`id`, `user_id`, `platform`, `url`, `created_at`, `updated_at`) VALUES
(1, 1, 'phone', '777150086', '2025-03-09 09:02:08', '2025-03-09 09:02:08'),
(2, 1, 'email', 'arafat773154561@gmail.com', '2025-03-09 14:23:44', '2025-03-09 14:23:44'),
(3, 1, 'youtube', 'www.google.com', '2025-03-09 14:27:20', '2025-03-09 14:27:20'),
(4, 1, 'facebook', 'https://wokwi.com', '2025-03-09 14:32:06', '2025-03-09 14:32:06'),
(5, 1, 'instagram', 'https://youtu.be', '2025-03-09 14:32:51', '2025-03-09 14:32:51'),
(6, 3, 'email', 'amin77@gmail.com', '2025-03-09 14:33:49', '2025-03-09 14:33:49'),
(7, 1, 'snapchat', 'https://www.circuito.io/', '2025-03-10 04:58:11', '2025-03-10 04:58:11'),
(8, 3, 'phone', '77777777', '2025-03-10 04:58:30', '2025-03-10 04:58:30'),
(9, 1, 'tiktok', 'https://www.tinkercad.com/', '2025-03-10 13:42:44', '2025-03-10 13:42:44'),
(10, 5, 'email', 'mohammed1233@yotta.com', '2025-03-19 11:37:12', '2025-03-19 11:37:12'),
(11, 5, 'phone', '778899445', '2025-03-19 11:37:12', '2025-03-19 11:37:12'),
(12, 6, 'email', 'belal@gmail.com', '2025-03-19 11:38:11', '2025-03-19 11:38:11'),
(13, 6, 'phone', '0777404777', '2025-03-19 11:38:11', '2025-03-19 11:38:11'),
(14, 7, 'email', 'rad@gamil.com', '2025-03-19 11:39:47', '2025-03-19 11:39:47'),
(15, 7, 'phone', '078107366', '2025-03-19 11:39:47', '2025-03-19 11:39:47'),
(16, 2, 'phone', '77777777', '2025-03-21 15:55:23', '2025-03-21 15:55:23'),
(17, 8, 'email', 'basheer777@gmail.com', '2025-03-24 21:45:00', '2025-03-24 21:45:00'),
(18, 8, 'phone', '777888454', '2025-03-24 21:45:00', '2025-03-24 21:45:00'),
(19, 9, 'email', 'arafat71@yotta.com', '2025-03-30 13:17:54', '2025-03-30 13:17:54'),
(20, 9, 'phone', '781000222', '2025-03-30 13:17:54', '2025-03-30 13:17:54'),
(21, 10, 'email', 'arafat773154561@yotta.com', '2025-03-30 17:27:52', '2025-03-30 17:27:52'),
(22, 10, 'phone', '773154561', '2025-03-30 17:27:52', '2025-03-30 17:27:52'),
(23, 11, 'email', 'ebraheem123@gamil.com', '2025-03-31 13:59:37', '2025-03-31 13:59:37'),
(24, 11, 'phone', '777414141', '2025-03-31 13:59:37', '2025-03-31 13:59:37'),
(25, 11, 'youtube', 'https://wokwi.com', '2025-03-31 14:00:19', '2025-03-31 14:00:19'),
(26, 10, 'linkedin', 'http://192.168.0.199:8000/settings', '2025-03-31 16:39:46', '2025-03-31 16:39:46'),
(27, 12, 'email', 'mar789@gamil.com', '2025-03-31 17:14:27', '2025-03-31 17:14:27'),
(28, 12, 'phone', '777747701', '2025-03-31 17:14:27', '2025-03-31 17:14:27'),
(29, 13, 'email', 'abdulla777@gmail.com', '2025-03-31 21:14:55', '2025-03-31 21:14:55'),
(30, 13, 'phone', '777899445', '2025-03-31 21:14:55', '2025-03-31 21:14:55'),
(31, 14, 'email', 'sultan77@gmail.com', '2025-04-01 15:02:46', '2025-04-01 15:02:46'),
(32, 14, 'phone', '789456123', '2025-04-01 15:02:46', '2025-04-01 15:02:46'),
(33, 15, 'email', 'superadmin5@gmail.com', '2025-04-01 15:10:32', '2025-04-01 15:10:32'),
(34, 15, 'phone', '781650222', '2025-04-01 15:10:32', '2025-04-01 15:10:32'),
(35, 16, 'email', 'superadmin9@gmail.com', '2025-04-01 15:11:46', '2025-04-01 15:11:46'),
(36, 16, 'phone', '781650922', '2025-04-01 15:11:46', '2025-04-01 15:11:46'),
(37, 17, 'email', 'amaradmin@gmail.com', '2025-04-02 21:02:24', '2025-04-02 21:02:24'),
(38, 17, 'phone', '777000222', '2025-04-02 21:02:24', '2025-04-02 21:02:24'),
(39, 14, 'telegram', 'SultanALKheel', '2025-04-03 17:33:07', '2025-04-03 17:33:07'),
(40, 10, 'telegram', '773154561', '2025-04-03 17:49:03', '2025-04-03 17:49:03'),
(41, 10, 'whatsapp', '773154561', '2025-04-03 17:49:18', '2025-04-03 17:49:18'),
(42, 18, 'email', 'noraAli7777@gmail.com', '2025-04-03 18:58:04', '2025-04-03 18:58:04'),
(43, 18, 'phone', '778844520', '2025-04-03 18:58:04', '2025-04-03 18:58:04'),
(44, 1, 'website', 'https://demo.themesberg.com/neumorphism-ui-pro/', '2025-04-03 19:54:54', '2025-04-03 19:54:54'),
(45, 19, 'email', 'noura7777@gmail.com', '2025-04-05 16:58:15', '2025-04-05 16:58:15'),
(46, 19, 'phone', '777744410', '2025-04-05 16:58:15', '2025-04-05 16:58:15'),
(47, 20, 'email', 'mohammed33303@yotta.com', '2025-04-05 17:04:52', '2025-04-05 17:04:52'),
(48, 20, 'phone', '777817366', '2025-04-05 17:04:52', '2025-04-05 17:04:52'),
(49, 21, 'email', 'shl771@gmail.com', '2025-04-05 21:48:19', '2025-04-05 21:48:19'),
(50, 21, 'phone', '777555220', '2025-04-05 21:48:19', '2025-04-05 21:48:19'),
(51, 22, 'email', 'saif771@gmail.com', '2025-04-05 22:18:25', '2025-04-05 22:18:25'),
(52, 22, 'phone', '777551155', '2025-04-05 22:18:25', '2025-04-05 22:18:25'),
(53, 23, 'email', 'hatem101@gmail.com', '2025-04-06 09:21:03', '2025-04-06 09:21:03'),
(54, 23, 'phone', '777501155', '2025-04-06 09:21:03', '2025-04-06 09:21:03'),
(55, 24, 'email', 'admin102@gmail.com', '2025-04-07 22:09:11', '2025-04-07 22:09:11'),
(56, 24, 'phone', '778802445', '2025-04-07 22:09:11', '2025-04-07 22:09:11'),
(57, 25, 'email', 'mohammed0021@yotta.com', '2025-04-08 09:26:56', '2025-04-08 09:26:56'),
(58, 25, 'phone', '787810254', '2025-04-08 09:26:56', '2025-04-08 09:26:56'),
(59, 26, 'email', 'arafat71@gmail.com', '2025-04-08 09:34:18', '2025-04-08 09:34:18'),
(60, 26, 'phone', '778899440', '2025-04-08 09:34:18', '2025-04-08 09:34:18'),
(61, 27, 'email', 'hasan71@gmail.com', '2025-04-08 19:58:47', '2025-04-08 19:58:47'),
(62, 27, 'phone', '778854100', '2025-04-08 19:58:47', '2025-04-08 19:58:47'),
(63, 28, 'email', 'Obad773154561@gmail.com', '2025-04-08 21:21:53', '2025-04-08 21:21:53'),
(64, 28, 'phone', '7774777410', '2025-04-08 21:21:53', '2025-04-08 21:21:53'),
(65, 29, 'email', 'moatsem000@gmail.com', '2025-04-10 19:39:41', '2025-04-10 19:39:41'),
(66, 29, 'phone', '777777410', '2025-04-10 19:39:41', '2025-04-10 19:39:41'),
(67, 30, 'email', 'saidmohammed000@gmail.com', '2025-04-10 22:07:07', '2025-04-10 22:07:07'),
(68, 30, 'phone', '777888555', '2025-04-10 22:07:07', '2025-04-10 22:07:07');

-- --------------------------------------------------------

--
-- Table structure for table `contact_messages`
--

DROP TABLE IF EXISTS `contact_messages`;
CREATE TABLE IF NOT EXISTS `contact_messages` (
  `id` bigint UNSIGNED NOT NULL AUTO_INCREMENT,
  `name` varchar(191) COLLATE utf8mb4_unicode_ci NOT NULL,
  `email` varchar(191) COLLATE utf8mb4_unicode_ci NOT NULL,
  `phone` varchar(191) COLLATE utf8mb4_unicode_ci DEFAULT NULL,
  `message` text COLLATE utf8mb4_unicode_ci NOT NULL,
  `read` tinyint(1) NOT NULL DEFAULT '0',
  `created_at` timestamp NULL DEFAULT NULL,
  `updated_at` timestamp NULL DEFAULT NULL,
  PRIMARY KEY (`id`)
) ENGINE=MyISAM AUTO_INCREMENT=6 DEFAULT CHARSET=utf8mb4 COLLATE=utf8mb4_unicode_ci;

--
-- Dumping data for table `contact_messages`
--

INSERT INTO `contact_messages` (`id`, `name`, `email`, `phone`, `message`, `read`, `created_at`, `updated_at`) VALUES
(1, 'عرفات حوشبة', 'arafat773154561@gmail.com', '7773150086', 'منصة اكس (تويتر)v', 0, '2025-03-24 14:17:51', '2025-03-24 14:17:51'),
(2, 'عرفات حوشبة', 'arafat773154561@gmail.com', '7773150086', 'كيف الحال', 0, '2025-03-24 14:18:57', '2025-03-24 14:18:57'),
(3, 'عبدالاله الشامي', 'mohammed1233@yotta.com', '77150086', 'منصة X (تويتر)\r\nفتح منصة اكس (تويتر)', 0, '2025-03-24 14:20:57', '2025-03-24 14:20:57'),
(4, 'عبدالاله الشامي', 'arafat773154561@yotta.com', NULL, 'sssss', 0, '2025-03-24 14:21:56', '2025-03-24 14:21:56'),
(5, 'ابراهيم عيسى', 'Emad@777.com', '77150086', 'ascdfads', 0, '2025-03-24 14:22:40', '2025-03-24 14:22:40');

-- --------------------------------------------------------

--
-- Table structure for table `courses`
--

DROP TABLE IF EXISTS `courses`;
CREATE TABLE IF NOT EXISTS `courses` (
  `id` bigint UNSIGNED NOT NULL AUTO_INCREMENT,
  `name` varchar(191) COLLATE utf8mb4_unicode_ci NOT NULL,
  `type` enum('متطلب','مقرر','عام') COLLATE utf8mb4_unicode_ci DEFAULT NULL,
  `department_id` bigint UNSIGNED NOT NULL,
  `level` enum('المستوى الاول','المستوى الثاني','المستوى الثالث','المستوى الرابع','المستوى الخامس','المستوى السادس','المستوى السابع') COLLATE utf8mb4_unicode_ci DEFAULT NULL,
  `term` enum('الاول','الثاني') COLLATE utf8mb4_unicode_ci DEFAULT NULL,
  `description` text COLLATE utf8mb4_unicode_ci,
  `created_at` timestamp NULL DEFAULT NULL,
  `updated_at` timestamp NULL DEFAULT NULL,
  PRIMARY KEY (`id`),
  KEY `courses_department_id_foreign` (`department_id`)
) ENGINE=MyISAM AUTO_INCREMENT=27 DEFAULT CHARSET=utf8mb4 COLLATE=utf8mb4_unicode_ci;

--
-- Dumping data for table `courses`
--

INSERT INTO `courses` (`id`, `name`, `type`, `department_id`, `level`, `term`, `description`, `created_at`, `updated_at`) VALUES
(1, 'تنقيب بيانات', 'مقرر', 1, 'المستوى الرابع', 'الثاني', 'تنقيب بيانات ل الدكتور/ بشير المقالح', '2025-03-06 15:04:43', '2025-03-06 15:04:43'),
(2, 'ادارة نظم', 'مقرر', 1, 'المستوى الرابع', 'الثاني', 'ل الدكتورة/ افتكار عبدالعزيز', '2025-03-06 15:06:52', '2025-03-06 15:06:52'),
(3, 'اللغة العربية 101', 'عام', 1, 'المستوى الاول', 'الثاني', '1', '2025-03-06 15:07:48', '2025-03-06 15:07:48'),
(4, 'انترنت الاشياء', 'مقرر', 1, 'المستوى الرابع', 'الثاني', '2', '2025-03-07 14:41:06', '2025-03-07 14:41:06'),
(5, 'طرق البحث العلمي', 'عام', 1, 'المستوى الثالث', 'الثاني', NULL, '2025-03-08 05:55:56', '2025-03-08 05:55:56'),
(6, 'تطوير تطبيقات الموبايل', 'مقرر', 1, 'المستوى الثالث', 'الثاني', NULL, '2025-03-08 05:56:39', '2025-03-08 05:56:39'),
(7, 'الوسائط المتعددة', 'مقرر', 1, 'المستوى الثالث', 'الثاني', NULL, '2025-03-08 05:57:07', '2025-03-08 05:57:07'),
(8, 'ادارة شبكات', 'مقرر', 1, 'المستوى الثالث', 'الثاني', NULL, '2025-03-08 05:57:54', '2025-03-08 05:57:54'),
(9, 'تفاعل الانسان و الحاسوب', 'مقرر', 1, 'المستوى الثالث', 'الثاني', NULL, '2025-03-08 05:58:12', '2025-03-08 05:58:12'),
(10, 'ادارة تكنولوجيا المعلومات', 'مقرر', 1, 'المستوى الثالث', 'الثاني', NULL, '2025-03-08 05:58:30', '2025-03-08 05:58:30'),
(11, 'علم البيانات', 'مقرر', 1, 'المستوى الرابع', 'الاول', NULL, '2025-03-08 14:08:07', '2025-03-08 14:08:07'),
(12, 'الجغرافيا السياسية', 'مقرر', 4, 'المستوى الاول', 'الثاني', NULL, '2025-03-09 04:51:44', '2025-03-09 04:51:44'),
(13, 'جغرافية المناخ والموارد البيئية', 'مقرر', 4, 'المستوى الاول', 'الثاني', NULL, '2025-03-09 04:52:11', '2025-03-09 04:52:11'),
(14, 'جغرافية المدن', 'مقرر', 4, 'المستوى الاول', 'الثاني', NULL, '2025-03-09 04:52:39', '2025-03-09 04:52:39'),
(15, 'اتصالات لاسلكية و متنقلة', 'مقرر', 2, 'المستوى الرابع', 'الثاني', NULL, '2025-03-10 05:06:02', '2025-03-10 05:06:02'),
(16, 'علم البيانات', 'مقرر', 2, 'المستوى الرابع', 'الاول', NULL, '2025-03-10 05:06:27', '2025-03-10 05:06:27'),
(17, 'الحوسبة الذكية', 'مقرر', 2, 'المستوى الرابع', 'الاول', NULL, '2025-03-10 05:06:53', '2025-03-10 05:06:53'),
(18, 'برمجة شبكات', 'مقرر', 2, 'المستوى الرابع', 'الاول', NULL, '2025-03-10 05:07:31', '2025-03-10 05:07:31'),
(19, 'مقدمة حاسوب', 'مقرر', 1, 'المستوى الاول', 'الثاني', NULL, '2025-04-08 09:49:06', '2025-04-08 09:49:06'),
(20, 'اللغة الانجليزية', 'متطلب', 1, 'المستوى الاول', 'الثاني', NULL, '2025-04-08 09:49:33', '2025-04-08 09:49:33'),
(21, 'الثقافة الوطنية', 'متطلب', 1, 'المستوى الاول', 'الثاني', NULL, '2025-04-08 09:49:57', '2025-04-08 09:49:57'),
(22, 'رياضيات متقطعة', 'متطلب', 1, 'المستوى الاول', 'الثاني', NULL, '2025-04-08 09:50:30', '2025-04-08 09:50:30'),
(23, 'رياضيات 101', 'متطلب', 1, 'المستوى الاول', 'الثاني', NULL, '2025-04-08 09:50:45', '2025-04-08 09:50:45'),
(24, 'اللغة الانجليزية', 'متطلب', 5, 'المستوى الاول', 'الثاني', NULL, '2025-04-08 21:52:25', '2025-04-08 21:52:25'),
(25, 'اللغة العربية', 'متطلب', 5, 'المستوى الاول', 'الثاني', NULL, '2025-04-08 21:52:45', '2025-04-08 21:52:45'),
(26, 'جغرافية 101', 'متطلب', 5, 'المستوى الاول', 'الثاني', NULL, '2025-04-08 21:53:22', '2025-04-08 21:53:22');

-- --------------------------------------------------------

--
-- Table structure for table `departments`
--

DROP TABLE IF EXISTS `departments`;
CREATE TABLE IF NOT EXISTS `departments` (
  `id` bigint UNSIGNED NOT NULL AUTO_INCREMENT,
  `name` varchar(191) COLLATE utf8mb4_unicode_ci NOT NULL,
  `short_name` varchar(191) COLLATE utf8mb4_unicode_ci DEFAULT NULL,
  `college_id` bigint UNSIGNED NOT NULL,
  `levels` int NOT NULL,
  `description` text COLLATE utf8mb4_unicode_ci,
  `created_at` timestamp NULL DEFAULT NULL,
  `updated_at` timestamp NULL DEFAULT NULL,
  PRIMARY KEY (`id`),
  KEY `departments_college_id_foreign` (`college_id`)
) ENGINE=MyISAM AUTO_INCREMENT=17 DEFAULT CHARSET=utf8mb4 COLLATE=utf8mb4_unicode_ci;

--
-- Dumping data for table `departments`
--

INSERT INTO `departments` (`id`, `name`, `short_name`, `college_id`, `levels`, `description`, `created_at`, `updated_at`) VALUES
(1, 'تكنولوجيا المعلومات', 'IT', 1, 4, 'تتضمن كلية الحاسبات والمعلومات عدد من الأقسام والتخصصات المميزة، ومن أفضل هذه التخصصات ما يلي: يعد هذا القسم من أفضل أقسام كلية حاسبات ومعلومات، ويقوم على تعليم العديد من المواد ولغات البرمجة الأساسية.', '2025-03-03 19:07:22', '2025-03-03 19:07:22'),
(2, 'علوم الحاسوب', 'CS', 1, 4, 'تعد كلية الحاسبات والمعلومات من الكليات الهامة بالأخص في الوقت الحالي، نظراً لتواجد التكنولوجيا بشكل موسع، واعتماد الكثير من الصناعات على المجال التكنولوجي.', '2025-03-03 19:09:01', '2025-03-03 19:09:01'),
(3, 'هندسة مدني', 'CE', 2, 4, NULL, '2025-03-04 08:28:29', '2025-03-04 08:28:29'),
(4, 'قسم الجغرافيا', 'Geo', 5, 4, NULL, '2025-03-09 04:49:56', '2025-03-09 04:49:56'),
(5, 'قسم التاريخ والعلوم السياسية', 'HPS', 5, 4, NULL, '2025-03-09 04:50:27', '2025-03-09 04:50:27'),
(6, 'قسم الطب البيطري', 'VM', 7, 3, 'تأسست كلية الطب البيطري في عام  2005', '2025-04-04 20:03:16', '2025-04-04 20:03:16'),
(7, 'قسم الميكاترونكس', 'Mecha', 2, 4, NULL, '2025-04-05 21:03:15', '2025-04-05 21:03:15'),
(8, 'قسم الهندسة المعمارية', 'AE', 2, 2, 'تأسس قسم الهندسة المعمارية عام 1998 /1999م.  كنواه اولى لكلية الهندسة والسدود في جامعة ذمار، ويمنح القسم شهادة البكالوريوس في الهندسة المعمارية (خمس سنوات)، تخرج من القسم منذ تأسيسه وحتى العام الجامعي2022 /2023م. (21) دفعة - ما يزيد عن 1100 مهندس معماري أستطاع الكثير منهم تحقيق إنجازات معمارية ومهنية على المستوى المحلي والإقليمي.\r\n\r\nتتراوح اعداد القبول السنوية ما بين 50-60 طالب وطالبة، بالإضافة الى قبول طلبة المنح التي تقدمها الوزارة.\r\n\r\nالمقررات التطبيقية في القسم تشمل: مقررات مبادئ التكوين المعماري، التصميم المعماري، التخطيط الحضري، التصميم الحضري تركيب المباني، التصميم الداخلي، تصميم وتنسيق الحدائق وغيرها فضلا عن المواد النظرية: تاريخ ونظريات العمارة وتاريخ ونظريات تخطيط المدن ونظريات التصميم الحضري وعلم الجمال والنقد المعماري والإسكان والتحكم البيئي وقوانين البناء وتكنولوجيا العمارة ....الخ. والمواد المساندة كمواد البناء والمساحة والانشاءات والخرسانة المسلحة والمنشآت المعدنية وخدمات المباني والهندسة الصحية ومتطلبات الجامعة كاللغة العربية والانجليزية والثقافة الوطنية وفقا لهدف كل مستوى وبوحدات دراسية متوازنة وفقا لمعايير الاعتماد الأكاديمي وضمان جودة التعليم العالي.', '2025-04-05 21:04:15', '2025-04-05 21:04:15'),
(9, 'قسم طب الأطفال', 'PE', 8, 5, 'قسم الاطفال هو احد اقسام الدائرة السريرية بكلية الطب وبالرغم من العدد المحدود لأعضاء هيئة التدريس فان القسم يقوم بتغطية الجانب النظري والتدريب العملي للطلبة بشكل جيد، ففي الجانب النظري يقوم اعضاء هيئة التدريس بتغطية معظم افرع طب الاطفال والتي تشمل النمو والتطور ، الرعاية الصحية الأولية واللقاحات ، امراض التغذية ، الامراض الوراثية والاستقلابية والمناعية وكذلك امراض الجهاز الهضمي والجهاز التنفسي وامراض القلب بالإضافة الى امراض الدم والكلى وامراض الجهاز العصبي. كما يقوم اعضاء هيئة التدريس بخدمة المجتمع المتمثل بعملهم في قسم الاطفال بالمستشفى الجامعي وعياداته الخارجية ويحتوي قسم الاطفال في المستشفى على الوحدات التالية:1- وحدة حديثي الولادة2- العناية المركزة3-  وحدة امراض الجهاز التنفسي4- وحدة التغذية5- الوحدة العامة لبقية امراض طب الاطفال ويطمح القسم في حالة توفر الكادر التدريسي الكافي والمؤهل الى فتح الوحدات التالية:1- وحدة امراض القلب2- وحدة امراض الدم والاورام3- وحدة امراض الكلى4- وحدة امراض الجهاز العصبي5- وحدة خاصه بالأمراض الجينية والاستقلابية والمناعية', '2025-04-08 10:49:09', '2025-04-08 10:49:09'),
(10, 'قسم التشريح والأنسجة', 'AH', 8, 5, NULL, '2025-04-08 10:50:16', '2025-04-08 10:50:16'),
(11, 'قسم علم وظائف الأعضاء', 'PH', 8, 6, 'قسم الفسيولوجي أحد أقسام العلوم الأساسية   في الكلية الذي تأسس منذ بداية  تأسيس كلية الطب البشري، والعلوم الصحية في العام 1998 م. يقوم القسم بتدريس علم وظائف الأعضاء لطلاب المستوى الأول والثاني ضمن برنامج  درجة البكالوريوس فى الطب و الجراحة بكلية الطب البشري .', '2025-04-08 10:51:01', '2025-04-08 10:51:01'),
(12, 'قسم الكيمياء الحيوية', 'BI', 8, 6, NULL, '2025-04-08 10:51:44', '2025-04-08 10:51:44'),
(13, 'قسم علم الأمراض', 'PA', 8, 6, NULL, '2025-04-08 10:52:14', '2025-04-08 10:52:14'),
(14, 'قسم الجراحة', 'SU', 8, 5, NULL, '2025-04-08 10:52:41', '2025-04-08 10:52:41'),
(15, 'قسم الباطنة', 'IM', 8, 6, NULL, '2025-04-08 10:53:09', '2025-04-08 10:53:09'),
(16, 'قسم علم الأدوية والسموم', 'PT', 8, 6, 'يعتبر قسم علم الادوية والسموم من الاقسام المهمة جدا لطالب الطب البشري حيث هي تعتبر المكملة لما درسه سابقا في الاقسام الاخرى الاساسية والتطبيقية ويمهد له الطريق للدخول الى المرحلة السريرية   . .. فلا بد لخريج الطب بعد ان يشخص المرض من ان يعرف  الادوية والعقاقير التي تعالج الامراض المختلفة مع جرعاتها والية عملها والاعراض الجانبية الممكن حدوثها وكيفية تجنبها ومعالجتها عند حصولها. .. كما ان الطالب يتعرف على الطرق العلاجية المختلفة وفترات الاستخدام واختيار الافضل منها لمعالجة كل حالة .', '2025-04-08 10:53:44', '2025-04-08 10:53:44');

-- --------------------------------------------------------

--
-- Table structure for table `evaluations`
--

DROP TABLE IF EXISTS `evaluations`;
CREATE TABLE IF NOT EXISTS `evaluations` (
  `id` bigint UNSIGNED NOT NULL AUTO_INCREMENT,
  `student_id` bigint UNSIGNED NOT NULL,
  `teacher_id` bigint UNSIGNED NOT NULL,
  `course_id` bigint UNSIGNED NOT NULL,
  `rating` int NOT NULL,
  `comment` text COLLATE utf8mb4_unicode_ci,
  `date` datetime NOT NULL DEFAULT '2025-04-06 00:00:47',
  `created_at` timestamp NULL DEFAULT NULL,
  `updated_at` timestamp NULL DEFAULT NULL,
  PRIMARY KEY (`id`),
  KEY `evaluations_student_id_foreign` (`student_id`),
  KEY `evaluations_teacher_id_foreign` (`teacher_id`),
  KEY `evaluations_course_id_foreign` (`course_id`)
) ENGINE=MyISAM DEFAULT CHARSET=utf8mb4 COLLATE=utf8mb4_unicode_ci;

-- --------------------------------------------------------

--
-- Table structure for table `events`
--

DROP TABLE IF EXISTS `events`;
CREATE TABLE IF NOT EXISTS `events` (
  `id` bigint UNSIGNED NOT NULL AUTO_INCREMENT,
  `title` varchar(191) COLLATE utf8mb4_unicode_ci NOT NULL,
  `description` text COLLATE utf8mb4_unicode_ci,
  `date` datetime DEFAULT NULL,
  `location` varchar(191) COLLATE utf8mb4_unicode_ci DEFAULT NULL,
  `organizer_id` bigint UNSIGNED NOT NULL,
  `image_url` varchar(191) COLLATE utf8mb4_unicode_ci DEFAULT NULL,
  `created_at` timestamp NULL DEFAULT NULL,
  `updated_at` timestamp NULL DEFAULT NULL,
  PRIMARY KEY (`id`),
  KEY `events_organizer_id_foreign` (`organizer_id`)
) ENGINE=MyISAM DEFAULT CHARSET=utf8mb4 COLLATE=utf8mb4_unicode_ci;

-- --------------------------------------------------------

--
-- Table structure for table `exams`
--

DROP TABLE IF EXISTS `exams`;
CREATE TABLE IF NOT EXISTS `exams` (
  `id` bigint UNSIGNED NOT NULL AUTO_INCREMENT,
  `code` varchar(191) COLLATE utf8mb4_unicode_ci NOT NULL,
  `name` varchar(191) COLLATE utf8mb4_unicode_ci NOT NULL,
  `description` text COLLATE utf8mb4_unicode_ci,
  `language` enum('عربي','انجليزي') COLLATE utf8mb4_unicode_ci NOT NULL,
  `type` enum('اختيارات','صح و خطأ') COLLATE utf8mb4_unicode_ci NOT NULL,
  `department_id` bigint UNSIGNED NOT NULL,
  `level` enum('المستوى الاول','المستوى الثاني','المستوى الثالث','المستوى الرابع','المستوى الخامس','المستوى السادس','المستوى السابع') COLLATE utf8mb4_unicode_ci NOT NULL,
  `created_by` bigint UNSIGNED NOT NULL,
  `exam_data` json NOT NULL,
  `created_at` timestamp NULL DEFAULT NULL,
  `updated_at` timestamp NULL DEFAULT NULL,
  PRIMARY KEY (`id`),
  UNIQUE KEY `exams_code_unique` (`code`),
  KEY `exams_department_id_foreign` (`department_id`),
  KEY `exams_created_by_foreign` (`created_by`)
) ENGINE=MyISAM AUTO_INCREMENT=6 DEFAULT CHARSET=utf8mb4 COLLATE=utf8mb4_unicode_ci;

--
-- Dumping data for table `exams`
--

INSERT INTO `exams` (`id`, `code`, `name`, `description`, `language`, `type`, `department_id`, `level`, `created_by`, `exam_data`, `created_at`, `updated_at`) VALUES
(1, '8821546', 'انترنت الاشياء', 'من المحاضرات كامل', 'عربي', 'اختيارات', 1, 'المستوى الرابع', 8, '[{\"option_1\": \"MQTT\", \"option_2\": \"HTTP\", \"option_3\": \"CoAP\", \"option_4\": \"WebSocket\", \"question\": \"ما هو البروتوكول الأكثر استخدامًا في تطبيقات الويب لإنترنت الأشياء؟\", \"correct_answer\": \"HTTP\"}, {\"option_1\": \"HTTP\", \"option_2\": \"CoAP\", \"option_3\": \"WebSocket\", \"option_4\": \"FTP\", \"question\": \"أي من البروتوكولات التالية يتميز بالكفاءة في استهلاك الطاقة؟\", \"correct_answer\": \"CoAP\"}, {\"option_1\": \"توفير أمان عالي\", \"option_2\": \"تقليل استهلاك البيانات والطاقة\", \"option_3\": \"سرعة نقل البيانات\", \"option_4\": \"سهولة التشفير\", \"question\": \"ما الفائدة الأساسية من استخدام بروتوكول MQTT في إنترنت الأشياء؟\", \"correct_answer\": \"تقليل استهلاك البيانات والطاقة\"}, {\"option_1\": \"طبقة النقل\", \"option_2\": \"طبقة التطبيق\", \"option_3\": \"طبقة الربط البيانات\", \"option_4\": \"طبقة الجلسة\", \"question\": \"أي من الطبقات التالية لا تنتمي إلى نموذج TCP/IP؟\", \"correct_answer\": \"طبقة الجلسة\"}, {\"option_1\": \"توفير اتصال ثنائي الاتجاه بين العميل والخادم\", \"option_2\": \"تشفير البيانات بين الأجهزة\", \"option_3\": \"تقليل استهلاك الطاقة\", \"option_4\": \"تحسين أمان HTTP\", \"question\": \"ما هو الغرض الرئيسي من WebSocket؟\", \"correct_answer\": \"توفير اتصال ثنائي الاتجاه بين العميل والخادم\"}, {\"option_1\": \"إنترنت الأشياء\", \"option_2\": \"الحوسبة السحابية\", \"option_3\": \"الشبكات الافتراضية\", \"option_4\": \"البلوك تشين\", \"question\": \"ما هي الخدمة التي توفر موارد حاسوبية عبر الإنترنت بناءً على الطلب؟\", \"correct_answer\": \"الحوسبة السحابية\"}, {\"option_1\": \"أجهزة الاستشعار\", \"option_2\": \"السحابة\", \"option_3\": \"البروتوكولات\", \"option_4\": \"جميع ما سبق\", \"question\": \"أي من التالي هو أحد مكونات إنترنت الأشياء؟\", \"correct_answer\": \"جميع ما سبق\"}, {\"option_1\": \"MQTT أكثر كفاءة من حيث استهلاك البيانات والطاقة\", \"option_2\": \"HTTP أسرع من MQTT\", \"option_3\": \"HTTP يدعم الاتصالات الثنائية الاتجاه فقط\", \"option_4\": \"MQTT يستخدم منفذ 80\", \"question\": \"ما الفرق بين HTTP و MQTT؟\", \"correct_answer\": \"MQTT أكثر كفاءة من حيث استهلاك البيانات والطاقة\"}, {\"option_1\": \"HTTP\", \"option_2\": \"WebSocket\", \"option_3\": \"MQTT\", \"option_4\": \"FTP\", \"question\": \"أي من هذه البروتوكولات يعمل وفق نموذج نشر/اشتراك؟\", \"correct_answer\": \"MQTT\"}, {\"option_1\": \"Spark\", \"option_2\": \"Hadoop\", \"option_3\": \"Kafka\", \"option_4\": \"جميع ما سبق\", \"question\": \"أي من هذه التقنيات تُستخدم لمعالجة البيانات الضخمة في إنترنت الأشياء؟\", \"correct_answer\": \"جميع ما سبق\"}, {\"option_1\": \"التحكم في الأجهزة المنزلية الذكية\", \"option_2\": \"التخزين السحابي\", \"option_3\": \"إدارة الشبكات الافتراضية\", \"option_4\": \"حماية البيانات\", \"question\": \"ما هو بروتوكول CoAP مصمم من أجله؟\", \"correct_answer\": \"التحكم في الأجهزة المنزلية الذكية\"}, {\"option_1\": \"Edge Computing يحدث بالقرب من الأجهزة المتصلة\", \"option_2\": \"Cloud Computing أكثر كفاءة للطاقة\", \"option_3\": \"Edge Computing يعتمد على الخوادم المركزية\", \"option_4\": \"Cloud Computing أسرع من Edge Computing\", \"question\": \"ما الفرق الأساسي بين Edge Computing و Cloud Computing؟\", \"correct_answer\": \"Edge Computing يحدث بالقرب من الأجهزة المتصلة\"}]', '2025-04-01 18:46:05', '2025-04-01 18:46:05'),
(2, '8754120', 'ادارة نظم', 'ادارة نظم\r\n\r\nلتجربة', 'انجليزي', 'اختيارات', 1, 'المستوى الرابع', 8, '[{\"option_1\": \"Develop software applications\", \"option_2\": \"Monitor and maintain IT systems\", \"option_3\": \"Design marketing strategies\", \"option_4\": \"Manage financial accounts\", \"question\": \"What is the primary role of a System Administrator?\", \"correct_answer\": \"Monitor and maintain IT systems\"}, {\"option_1\": \"Network Administrator\", \"option_2\": \"Security Systems Administrator\", \"option_3\": \"Database Administrator\", \"option_4\": \"System Analyst\", \"question\": \"Which type of administrator is responsible for managing databases?\", \"correct_answer\": \"Database Administrator\"}, {\"option_1\": \"Design computer networks\", \"option_2\": \"Monitor and maintain security systems\", \"option_3\": \"Develop mobile applications\", \"option_4\": \"Analyze business data\", \"question\": \"What is the function of a Security Systems Administrator?\", \"correct_answer\": \"Monitor and maintain security systems\"}]', '2025-04-01 21:09:50', '2025-04-01 21:09:50'),
(3, '5150170', 'انترنت الاشياء', 'تجربة فقط 4 اسئلة', 'عربي', 'اختيارات', 1, 'المستوى الرابع', 8, '[{\"option_1\": \"MQTT\", \"option_2\": \"HTTP\", \"option_3\": \"CoAP\", \"option_4\": \"WebSocket\", \"question\": \"ما هو البروتوكول الأكثر استخدامًا في تطبيقات الويب لإنترنت الأشياء؟\", \"correct_answer\": \"HTTP\"}, {\"option_1\": \"HTTP\", \"option_2\": \"CoAP\", \"option_3\": \"WebSocket\", \"option_4\": \"FTP\", \"question\": \"أي من البروتوكولات التالية يتميز بالكفاءة في استهلاك الطاقة؟\", \"correct_answer\": \"CoAP\"}, {\"option_1\": \"توفير أمان عالي\", \"option_2\": \"تقليل استهلاك البيانات والطاقة\", \"option_3\": \"سرعة نقل البيانات\", \"option_4\": \"سهولة التشفير\", \"question\": \"ما الفائدة الأساسية من استخدام بروتوكول MQTT في إنترنت الأشياء؟\", \"correct_answer\": \"تقليل استهلاك البيانات والطاقة\"}, {\"option_1\": \"طبقة النقل\", \"option_2\": \"طبقة التطبيق\", \"option_3\": \"طبقة الربط البيانات\", \"option_4\": \"طبقة الجلسة\", \"question\": \"أي من الطبقات التالية لا تنتمي إلى نموذج TCP/IP؟\", \"correct_answer\": \"طبقة الجلسة\"}]', '2025-04-01 21:52:56', '2025-04-01 21:52:56'),
(4, '6386807', 'اختبار انترنت الاشياء', 'اختبار صح و خطأ \r\n\r\nتجربة 😁', 'عربي', 'صح و خطأ', 1, 'المستوى الرابع', 17, '[{\"answer\": \"صح\", \"question\": \"بروتوكول HTTP هو الأكثر استخدامًا في تطبيقات الويب لإنترنت الأشياء.\"}, {\"answer\": \"خطأ\", \"question\": \"MQTT أقل كفاءة من HTTP في استهلاك البيانات والطاقة.\"}, {\"answer\": \"صح\", \"question\": \"CoAP يُستخدم غالبًا في الأجهزة ذات الموارد المحدودة.\"}, {\"answer\": \"خطأ\", \"question\": \"WebSocket هو بروتوكول يعتمد على نموذج نشر/اشتراك.\"}, {\"answer\": \"صح\", \"question\": \"الحوسبة السحابية توفر موارد حاسوبية عبر الإنترنت بناءً على الطلب.\"}, {\"answer\": \"خطأ\", \"question\": \"MQTT يستخدم بشكل أساسي لنقل الفيديو عالي الجودة في إنترنت الأشياء.\"}, {\"answer\": \"صح\", \"question\": \"CoAP يُفضل على HTTP عندما يكون استهلاك الطاقة عاملاً مهمًا.\"}, {\"answer\": \"خطأ\", \"question\": \"إنترنت الأشياء يعتمد فقط على البروتوكولات السلكية للاتصال بين الأجهزة.\"}, {\"answer\": \"صح\", \"question\": \"Edge Computing يقلل الحاجة إلى إرسال جميع البيانات إلى السحابة للمعالجة.\"}, {\"answer\": \"صح\", \"question\": \"DDS هو بروتوكول مصمم لنقل البيانات بزمن استجابة منخفض.\"}, {\"answer\": \"خطأ\", \"question\": \"في نموذج نشر/اشتراك، يجب أن يكون العميل متصلاً بالخادم دائمًا لاستقبال الرسائل.\"}, {\"answer\": \"صح\", \"question\": \"TCP هو بروتوكول أكثر موثوقية من UDP في نقل البيانات.\"}, {\"answer\": \"خطأ\", \"question\": \"إنترنت الأشياء لا يحتاج إلى أي شكل من أشكال التشفير للحفاظ على الأمان.\"}, {\"answer\": \"صح\", \"question\": \"WebSocket يسمح باتصال ثنائي الاتجاه بين العميل والخادم.\"}, {\"answer\": \"خطأ\", \"question\": \"الحوسبة السحابية تلغي الحاجة إلى أجهزة استشعار في إنترنت الأشياء.\"}, {\"answer\": \"صح\", \"question\": \"MQTT يعمل على نموذج نشر/اشتراك باستخدام بروتوكول TCP.\"}, {\"answer\": \"صح\", \"question\": \"CoAP يستخدم بروتوكول UDP بدلاً من TCP.\"}, {\"answer\": \"صح\", \"question\": \"IoT Gateway يساعد في تحسين الأمان وإدارة البيانات في الشبكة.\"}, {\"answer\": \"خطأ\", \"question\": \"جميع أجهزة إنترنت الأشياء تحتاج إلى اتصال دائم بالإنترنت للعمل.\"}, {\"answer\": \"صح\", \"question\": \"طبقة التطبيق في نموذج TCP/IP تشمل بروتوكولات مثل HTTP و MQTT.\"}]', '2025-04-02 21:04:14', '2025-04-02 21:04:14'),
(5, '4916174', 'تجربة بسيطة', 'تجربة فقط', 'عربي', 'صح و خطأ', 1, 'المستوى الرابع', 17, '[{\"answer\": \"صح\", \"question\": \"بروتوكول HTTP هو الأكثر استخدامًا في تطبيقات الويب لإنترنت الأشياء.\"}, {\"answer\": \"خطأ\", \"question\": \"MQTT أقل كفاءة من HTTP في استهلاك البيانات والطاقة.\"}, {\"answer\": \"صح\", \"question\": \"CoAP يُستخدم غالبًا في الأجهزة ذات الموارد المحدودة.\"}, {\"answer\": \"خطأ\", \"question\": \"WebSocket هو بروتوكول يعتمد على نموذج نشر/اشتراك.\"}]', '2025-04-02 21:45:30', '2025-04-02 21:45:30');

-- --------------------------------------------------------

--
-- Table structure for table `exam_records`
--

DROP TABLE IF EXISTS `exam_records`;
CREATE TABLE IF NOT EXISTS `exam_records` (
  `id` bigint UNSIGNED NOT NULL AUTO_INCREMENT,
  `exam_id` bigint UNSIGNED NOT NULL,
  `student_id` bigint UNSIGNED NOT NULL,
  `score` decimal(5,2) NOT NULL,
  `correct` int DEFAULT NULL,
  `wrong` int DEFAULT NULL,
  `answers` json NOT NULL,
  `created_at` timestamp NULL DEFAULT NULL,
  `updated_at` timestamp NULL DEFAULT NULL,
  PRIMARY KEY (`id`),
  KEY `exam_records_exam_id_foreign` (`exam_id`),
  KEY `exam_records_student_id_foreign` (`student_id`)
) ENGINE=MyISAM AUTO_INCREMENT=6 DEFAULT CHARSET=utf8mb4 COLLATE=utf8mb4_unicode_ci;

--
-- Dumping data for table `exam_records`
--

INSERT INTO `exam_records` (`id`, `exam_id`, `student_id`, `score`, `correct`, `wrong`, `answers`, `created_at`, `updated_at`) VALUES
(1, 5, 10, 0.00, 0, 4, '[{\"state\": false, \"answer\": true, \"question\": \"بروتوكول HTTP هو الأكثر استخدامًا في تطبيقات الويب لإنترنت الأشياء.\"}, {\"state\": false, \"answer\": false, \"question\": \"MQTT أقل كفاءة من HTTP في استهلاك البيانات والطاقة.\"}, {\"state\": false, \"answer\": true, \"question\": \"CoAP يُستخدم غالبًا في الأجهزة ذات الموارد المحدودة.\"}, {\"state\": false, \"answer\": false, \"question\": \"WebSocket هو بروتوكول يعتمد على نموذج نشر/اشتراك.\"}]', '2025-04-10 20:02:28', '2025-04-10 20:02:28'),
(2, 3, 10, 75.00, 3, 1, '[{\"state\": true, \"answer\": \"HTTP\", \"question\": \"<span class=\\\"ml-2 fa-solid fa-circle-check\\\"></span> ما هو البروتوكول الأكثر استخدامًا في تطبيقات الويب لإنترنت الأشياء؟\"}, {\"state\": true, \"answer\": \"CoAP\", \"question\": \"<span class=\\\"ml-2 fa-solid fa-circle-check\\\"></span> أي من البروتوكولات التالية يتميز بالكفاءة في استهلاك الطاقة؟\"}, {\"state\": false, \"answer\": \"سرعة نقل البيانات\", \"question\": \"<span class=\\\"ml-2 fa-solid fa-circle-check\\\"></span> ما الفائدة الأساسية من استخدام بروتوكول MQTT في إنترنت الأشياء؟\"}, {\"state\": true, \"answer\": \"طبقة الجلسة\", \"question\": \"<span class=\\\"ml-2 fa-solid fa-circle-check\\\"></span> أي من الطبقات التالية لا تنتمي إلى نموذج TCP/IP؟\"}]', '2025-04-10 20:03:34', '2025-04-10 20:03:34'),
(3, 2, 22, 33.33, 1, 2, '[{\"state\": false, \"answer\": \"Develop software applications\", \"question\": \"<span class=\\\"mr-2 fa-solid fa-circle-check\\\"></span> What is the primary role of a System Administrator?\"}, {\"state\": false, \"answer\": \"Security Systems Administrator\", \"question\": \"<span class=\\\"mr-2 fa-solid fa-circle-check\\\"></span> Which type of administrator is responsible for managing databases?\"}, {\"state\": true, \"answer\": \"Monitor and maintain security systems\", \"question\": \"<span class=\\\"mr-2 fa-solid fa-circle-check\\\"></span> What is the function of a Security Systems Administrator?\"}]', '2025-04-11 22:49:15', '2025-04-11 22:49:15'),
(4, 2, 10, 66.67, 2, 1, '[{\"state\": true, \"answer\": \"Monitor and maintain IT systems\", \"question\": \"<span class=\\\"mr-2 fa-solid fa-circle-check\\\"></span> What is the primary role of a System Administrator?\"}, {\"state\": true, \"answer\": \"Database Administrator\", \"question\": \"<span class=\\\"mr-2 fa-solid fa-circle-check\\\"></span> Which type of administrator is responsible for managing databases?\"}, {\"state\": false, \"answer\": \"Design computer networks\", \"question\": \"<span class=\\\"mr-2 fa-solid fa-circle-check\\\"></span> What is the function of a Security Systems Administrator?\"}]', '2025-04-13 09:28:39', '2025-04-13 09:28:39'),
(5, 4, 10, 0.00, 0, 20, '[{\"state\": false, \"answer\": true, \"question\": \"بروتوكول HTTP هو الأكثر استخدامًا في تطبيقات الويب لإنترنت الأشياء.\"}, {\"state\": false, \"answer\": false, \"question\": \"MQTT أقل كفاءة من HTTP في استهلاك البيانات والطاقة.\"}, {\"state\": false, \"answer\": true, \"question\": \"CoAP يُستخدم غالبًا في الأجهزة ذات الموارد المحدودة.\"}, {\"state\": false, \"answer\": true, \"question\": \"WebSocket هو بروتوكول يعتمد على نموذج نشر/اشتراك.\"}, {\"state\": false, \"answer\": true, \"question\": \"الحوسبة السحابية توفر موارد حاسوبية عبر الإنترنت بناءً على الطلب.\"}, {\"state\": false, \"answer\": true, \"question\": \"MQTT يستخدم بشكل أساسي لنقل الفيديو عالي الجودة في إنترنت الأشياء.\"}, {\"state\": false, \"answer\": true, \"question\": \"CoAP يُفضل على HTTP عندما يكون استهلاك الطاقة عاملاً مهمًا.\"}, {\"state\": false, \"answer\": false, \"question\": \"إنترنت الأشياء يعتمد فقط على البروتوكولات السلكية للاتصال بين الأجهزة.\"}, {\"state\": false, \"answer\": true, \"question\": \"Edge Computing يقلل الحاجة إلى إرسال جميع البيانات إلى السحابة للمعالجة.\"}, {\"state\": false, \"answer\": true, \"question\": \"DDS هو بروتوكول مصمم لنقل البيانات بزمن استجابة منخفض.\"}, {\"state\": false, \"answer\": true, \"question\": \"في نموذج نشر/اشتراك، يجب أن يكون العميل متصلاً بالخادم دائمًا لاستقبال الرسائل.\"}, {\"state\": false, \"answer\": true, \"question\": \"TCP هو بروتوكول أكثر موثوقية من UDP في نقل البيانات.\"}, {\"state\": false, \"answer\": true, \"question\": \"إنترنت الأشياء لا يحتاج إلى أي شكل من أشكال التشفير للحفاظ على الأمان.\"}, {\"state\": false, \"answer\": true, \"question\": \"WebSocket يسمح باتصال ثنائي الاتجاه بين العميل والخادم.\"}, {\"state\": false, \"answer\": true, \"question\": \"الحوسبة السحابية تلغي الحاجة إلى أجهزة استشعار في إنترنت الأشياء.\"}, {\"state\": false, \"answer\": true, \"question\": \"MQTT يعمل على نموذج نشر/اشتراك باستخدام بروتوكول TCP.\"}, {\"state\": false, \"answer\": true, \"question\": \"CoAP يستخدم بروتوكول UDP بدلاً من TCP.\"}, {\"state\": false, \"answer\": true, \"question\": \"IoT Gateway يساعد في تحسين الأمان وإدارة البيانات في الشبكة.\"}, {\"state\": false, \"answer\": true, \"question\": \"جميع أجهزة إنترنت الأشياء تحتاج إلى اتصال دائم بالإنترنت للعمل.\"}, {\"state\": false, \"answer\": true, \"question\": \"طبقة التطبيق في نموذج TCP/IP تشمل بروتوكولات مثل HTTP و MQTT.\"}]', '2025-04-13 09:29:02', '2025-04-13 09:29:02');

-- --------------------------------------------------------

--
-- Table structure for table `failed_jobs`
--

DROP TABLE IF EXISTS `failed_jobs`;
CREATE TABLE IF NOT EXISTS `failed_jobs` (
  `id` bigint UNSIGNED NOT NULL AUTO_INCREMENT,
  `uuid` varchar(191) COLLATE utf8mb4_unicode_ci NOT NULL,
  `connection` text COLLATE utf8mb4_unicode_ci NOT NULL,
  `queue` text COLLATE utf8mb4_unicode_ci NOT NULL,
  `payload` longtext COLLATE utf8mb4_unicode_ci NOT NULL,
  `exception` longtext COLLATE utf8mb4_unicode_ci NOT NULL,
  `failed_at` timestamp NOT NULL DEFAULT CURRENT_TIMESTAMP,
  PRIMARY KEY (`id`),
  UNIQUE KEY `failed_jobs_uuid_unique` (`uuid`)
) ENGINE=MyISAM DEFAULT CHARSET=utf8mb4 COLLATE=utf8mb4_unicode_ci;

-- --------------------------------------------------------

--
-- Table structure for table `groups`
--

DROP TABLE IF EXISTS `groups`;
CREATE TABLE IF NOT EXISTS `groups` (
  `id` bigint UNSIGNED NOT NULL AUTO_INCREMENT,
  `name` varchar(191) COLLATE utf8mb4_unicode_ci DEFAULT NULL,
  `description` varchar(191) COLLATE utf8mb4_unicode_ci DEFAULT NULL,
  `creator_id` bigint UNSIGNED NOT NULL,
  `is_private` tinyint(1) NOT NULL DEFAULT '0',
  `image_url` varchar(191) COLLATE utf8mb4_unicode_ci DEFAULT NULL,
  `created_at` timestamp NULL DEFAULT NULL,
  `updated_at` timestamp NULL DEFAULT NULL,
  PRIMARY KEY (`id`),
  KEY `groups_creator_id_foreign` (`creator_id`)
) ENGINE=MyISAM DEFAULT CHARSET=utf8mb4 COLLATE=utf8mb4_unicode_ci;

-- --------------------------------------------------------

--
-- Table structure for table `group_members`
--

DROP TABLE IF EXISTS `group_members`;
CREATE TABLE IF NOT EXISTS `group_members` (
  `id` bigint UNSIGNED NOT NULL AUTO_INCREMENT,
  `group_id` bigint UNSIGNED NOT NULL,
  `user_id` bigint UNSIGNED NOT NULL,
  `is_admin` tinyint(1) NOT NULL DEFAULT '0',
  `joined_date` datetime NOT NULL DEFAULT '2025-04-06 00:00:45',
  `role` enum('مشرف','عضو') COLLATE utf8mb4_unicode_ci NOT NULL DEFAULT 'عضو',
  `created_at` timestamp NULL DEFAULT NULL,
  `updated_at` timestamp NULL DEFAULT NULL,
  PRIMARY KEY (`id`),
  KEY `group_members_group_id_foreign` (`group_id`),
  KEY `group_members_user_id_foreign` (`user_id`)
) ENGINE=MyISAM DEFAULT CHARSET=utf8mb4 COLLATE=utf8mb4_unicode_ci;

-- --------------------------------------------------------

--
-- Table structure for table `group_messages`
--

DROP TABLE IF EXISTS `group_messages`;
CREATE TABLE IF NOT EXISTS `group_messages` (
  `id` bigint UNSIGNED NOT NULL AUTO_INCREMENT,
  `group_id` bigint UNSIGNED NOT NULL,
  `sender_id` bigint UNSIGNED NOT NULL,
  `message` text COLLATE utf8mb4_unicode_ci NOT NULL,
  `is_deleted` tinyint(1) NOT NULL DEFAULT '0',
  `has_media` tinyint(1) NOT NULL DEFAULT '0',
  `file_url` varchar(191) COLLATE utf8mb4_unicode_ci DEFAULT NULL,
  `type` enum('نص','صورة','فيديو','ملف','صوت') COLLATE utf8mb4_unicode_ci NOT NULL,
  `size` bigint NOT NULL DEFAULT '0',
  `created_at` timestamp NULL DEFAULT NULL,
  `updated_at` timestamp NULL DEFAULT NULL,
  PRIMARY KEY (`id`),
  KEY `group_messages_group_id_foreign` (`group_id`),
  KEY `group_messages_sender_id_foreign` (`sender_id`)
) ENGINE=MyISAM DEFAULT CHARSET=utf8mb4 COLLATE=utf8mb4_unicode_ci;

-- --------------------------------------------------------

--
-- Table structure for table `halls`
--

DROP TABLE IF EXISTS `halls`;
CREATE TABLE IF NOT EXISTS `halls` (
  `id` bigint UNSIGNED NOT NULL AUTO_INCREMENT,
  `name` varchar(191) COLLATE utf8mb4_unicode_ci NOT NULL,
  `building_id` bigint UNSIGNED NOT NULL,
  `capacity` int DEFAULT NULL,
  `type` enum('محاضرات','معمل','ندوة') COLLATE utf8mb4_unicode_ci DEFAULT NULL,
  `created_at` timestamp NULL DEFAULT NULL,
  `updated_at` timestamp NULL DEFAULT NULL,
  PRIMARY KEY (`id`),
  KEY `halls_building_id_foreign` (`building_id`)
) ENGINE=MyISAM AUTO_INCREMENT=13 DEFAULT CHARSET=utf8mb4 COLLATE=utf8mb4_unicode_ci;

--
-- Dumping data for table `halls`
--

INSERT INTO `halls` (`id`, `name`, `building_id`, `capacity`, `type`, `created_at`, `updated_at`) VALUES
(1, 'قاعة الحاسبات A', 1, 150, 'محاضرات', '2025-03-04 05:48:25', '2025-03-04 05:48:25'),
(2, 'المعمل C', 1, 50, 'معمل', '2025-03-04 05:50:00', '2025-03-04 05:50:00'),
(3, 'المعمل D', 1, 50, 'معمل', '2025-03-04 05:50:12', '2025-03-04 05:50:12'),
(4, 'قاعة غزة', 1, 120, 'محاضرات', '2025-03-04 05:56:10', '2025-03-04 05:56:10'),
(5, 'قاعة فلسطين', 4, 700, 'ندوة', '2025-03-04 08:41:02', '2025-03-04 08:41:02'),
(6, 'قاعة الفرانسي', 4, 500, 'ندوة', '2025-03-06 12:53:56', '2025-03-06 12:53:56'),
(7, 'الشهيد المروني', 2, 120, 'محاضرات', '2025-03-08 06:03:38', '2025-03-08 06:03:38'),
(8, 'الشهيد مجلي', 1, 150, 'محاضرات', '2025-03-08 06:03:55', '2025-03-08 06:03:55'),
(9, 'المعمل E', 5, 75, 'معمل', '2025-03-08 06:04:25', '2025-03-08 06:04:25'),
(10, 'قاعة الجغرافيا', 6, 35, 'محاضرات', '2025-03-09 04:56:57', '2025-03-09 04:56:57'),
(11, 'قاعة اللغة', 6, 35, 'محاضرات', '2025-03-09 04:57:07', '2025-03-09 04:57:07'),
(12, 'قاعة الفرنسي', 6, 55, 'محاضرات', '2025-03-09 04:57:19', '2025-03-09 04:57:19');

-- --------------------------------------------------------

--
-- Table structure for table `hall_bookings`
--

DROP TABLE IF EXISTS `hall_bookings`;
CREATE TABLE IF NOT EXISTS `hall_bookings` (
  `id` bigint UNSIGNED NOT NULL AUTO_INCREMENT,
  `hall_id` bigint UNSIGNED NOT NULL,
  `period` enum('08:00 - 10:00','10:00 - 12:00','12:00 - 02:00') COLLATE utf8mb4_unicode_ci NOT NULL,
  `level` enum('المستوى الاول','المستوى الثاني','المستوى الثالث','المستوى الرابع','المستوى الخامس','المستوى السادس','المستوى السابع') COLLATE utf8mb4_unicode_ci DEFAULT NULL,
  `department_id` bigint UNSIGNED NOT NULL,
  `course_id` bigint UNSIGNED NOT NULL,
  `teacher_id` bigint UNSIGNED NOT NULL,
  `schedule_id` bigint UNSIGNED DEFAULT NULL,
  `created_at` timestamp NULL DEFAULT NULL,
  `updated_at` timestamp NULL DEFAULT NULL,
  PRIMARY KEY (`id`),
  KEY `hall_bookings_hall_id_foreign` (`hall_id`),
  KEY `hall_bookings_department_id_foreign` (`department_id`),
  KEY `hall_bookings_course_id_foreign` (`course_id`),
  KEY `hall_bookings_teacher_id_foreign` (`teacher_id`),
  KEY `hall_bookings_schedule_id_foreign` (`schedule_id`)
) ENGINE=MyISAM AUTO_INCREMENT=9 DEFAULT CHARSET=utf8mb4 COLLATE=utf8mb4_unicode_ci;

--
-- Dumping data for table `hall_bookings`
--

INSERT INTO `hall_bookings` (`id`, `hall_id`, `period`, `level`, `department_id`, `course_id`, `teacher_id`, `schedule_id`, `created_at`, `updated_at`) VALUES
(1, 1, '10:00 - 12:00', 'المستوى الرابع', 1, 1, 1, 1, '2025-04-11 19:28:42', '2025-04-11 19:28:42'),
(2, 7, '10:00 - 12:00', 'المستوى الثالث', 1, 5, 2, 2, '2025-04-11 19:29:01', '2025-04-11 19:29:01'),
(3, 1, '10:00 - 12:00', 'المستوى الرابع', 1, 4, 9, 1, '2025-04-11 22:15:39', '2025-04-11 22:15:39'),
(4, 7, '12:00 - 02:00', 'المستوى الرابع', 2, 18, 1, 7, '2025-04-11 22:45:40', '2025-04-11 22:45:40'),
(5, 2, '08:00 - 10:00', 'المستوى الرابع', 1, 1, 8, 1, '2025-04-13 09:27:27', '2025-04-13 09:27:27'),
(6, 2, '10:00 - 12:00', 'المستوى الرابع', 1, 1, 8, 1, '2025-04-13 09:28:14', '2025-04-13 09:28:14'),
(7, 1, '10:00 - 12:00', 'المستوى الرابع', 1, 1, 1, 1, '2025-04-14 07:00:37', '2025-04-14 07:00:37'),
(8, 1, '10:00 - 12:00', 'المستوى الرابع', 1, 1, 1, 1, '2025-04-14 07:01:48', '2025-04-14 07:01:48');

-- --------------------------------------------------------

--
-- Table structure for table `interactions`
--

DROP TABLE IF EXISTS `interactions`;
CREATE TABLE IF NOT EXISTS `interactions` (
  `id` bigint UNSIGNED NOT NULL AUTO_INCREMENT,
  `post_id` bigint UNSIGNED NOT NULL,
  `user_id` bigint UNSIGNED NOT NULL,
  `like` tinyint(1) NOT NULL DEFAULT '0',
  `save` tinyint(1) NOT NULL DEFAULT '0',
  `created_at` timestamp NULL DEFAULT NULL,
  `updated_at` timestamp NULL DEFAULT NULL,
  PRIMARY KEY (`id`),
  KEY `interactions_post_id_foreign` (`post_id`),
  KEY `interactions_user_id_foreign` (`user_id`)
) ENGINE=MyISAM AUTO_INCREMENT=258 DEFAULT CHARSET=utf8mb4 COLLATE=utf8mb4_unicode_ci;

--
-- Dumping data for table `interactions`
--

INSERT INTO `interactions` (`id`, `post_id`, `user_id`, `like`, `save`, `created_at`, `updated_at`) VALUES
(1, 25, 1, 0, 0, '2025-03-10 14:36:50', '2025-03-10 14:36:50'),
(2, 24, 1, 0, 0, '2025-03-10 14:36:51', '2025-03-10 14:36:51'),
(3, 25, 2, 0, 0, '2025-03-10 14:38:05', '2025-03-10 14:38:05'),
(4, 24, 2, 0, 0, '2025-03-10 14:38:05', '2025-03-10 14:38:05'),
(5, 23, 2, 0, 0, '2025-03-10 14:38:05', '2025-03-10 14:38:05'),
(6, 22, 2, 0, 0, '2025-03-10 14:38:06', '2025-03-10 14:38:06'),
(7, 21, 2, 0, 0, '2025-03-10 14:38:29', '2025-03-10 14:38:29'),
(8, 20, 2, 0, 0, '2025-03-10 14:38:29', '2025-03-10 14:38:29'),
(9, 18, 2, 0, 0, '2025-03-10 14:38:31', '2025-03-10 14:38:31'),
(10, 9, 2, 0, 0, '2025-03-10 14:41:36', '2025-03-10 14:41:36'),
(11, 3, 2, 0, 0, '2025-03-10 14:41:36', '2025-03-10 14:41:36'),
(12, 2, 2, 0, 0, '2025-03-10 14:41:36', '2025-03-10 14:41:36'),
(13, 1, 2, 0, 0, '2025-03-10 14:41:36', '2025-03-10 14:41:36'),
(14, 23, 1, 0, 0, '2025-03-10 14:42:35', '2025-03-10 14:42:35'),
(15, 22, 1, 0, 0, '2025-03-10 14:42:37', '2025-03-10 14:42:37'),
(16, 21, 1, 0, 0, '2025-03-10 14:42:38', '2025-03-10 14:42:38'),
(17, 20, 1, 0, 1, '2025-03-10 14:42:42', '2025-03-11 08:58:02'),
(18, 18, 1, 0, 0, '2025-03-10 14:42:42', '2025-03-10 14:42:42'),
(19, 3, 1, 0, 0, '2025-03-10 14:42:43', '2025-03-10 14:42:43'),
(20, 2, 1, 0, 0, '2025-03-10 14:42:43', '2025-03-10 14:42:43'),
(21, 1, 1, 1, 0, '2025-03-10 14:42:43', '2025-03-10 19:31:07'),
(22, 11, 2, 0, 0, '2025-03-10 14:42:51', '2025-03-10 14:42:51'),
(23, 10, 2, 0, 0, '2025-03-10 14:42:51', '2025-03-10 14:42:51'),
(24, 25, 3, 1, 0, '2025-03-10 15:20:58', '2025-03-10 19:16:35'),
(25, 24, 3, 1, 0, '2025-03-10 15:21:01', '2025-03-10 19:16:37'),
(26, 23, 3, 1, 0, '2025-03-10 15:21:03', '2025-03-10 17:59:20'),
(27, 22, 3, 1, 0, '2025-03-10 15:21:11', '2025-03-10 19:16:40'),
(28, 21, 3, 1, 0, '2025-03-10 15:21:11', '2025-03-10 17:47:47'),
(29, 20, 3, 0, 0, '2025-03-10 15:21:12', '2025-03-10 15:21:12'),
(30, 11, 3, 0, 0, '2025-03-10 15:21:13', '2025-03-10 15:21:13'),
(31, 10, 3, 0, 0, '2025-03-10 15:21:13', '2025-03-10 15:21:13'),
(32, 9, 3, 0, 0, '2025-03-10 15:21:14', '2025-03-10 15:21:14'),
(33, 3, 3, 0, 0, '2025-03-10 15:21:14', '2025-03-10 15:21:14'),
(34, 2, 3, 0, 0, '2025-03-10 15:21:14', '2025-03-10 15:21:14'),
(35, 1, 3, 0, 0, '2025-03-10 15:21:14', '2025-03-10 15:21:14'),
(36, 18, 3, 0, 0, '2025-03-10 15:21:37', '2025-03-10 15:21:37'),
(37, 6, 3, 0, 0, '2025-03-10 15:31:22', '2025-03-10 15:31:22'),
(38, 25, 4, 1, 0, '2025-03-10 15:42:33', '2025-03-10 19:30:37'),
(39, 24, 4, 0, 0, '2025-03-10 15:42:33', '2025-03-10 15:42:33'),
(40, 5, 3, 0, 0, '2025-03-10 15:42:39', '2025-03-10 15:42:39'),
(41, 23, 4, 0, 0, '2025-03-10 15:42:48', '2025-03-10 15:42:48'),
(42, 22, 4, 1, 0, '2025-03-10 15:42:49', '2025-03-10 19:30:33'),
(43, 21, 4, 0, 0, '2025-03-10 15:42:51', '2025-03-10 15:42:51'),
(44, 20, 4, 0, 0, '2025-03-10 15:42:52', '2025-03-10 15:42:52'),
(45, 18, 4, 0, 0, '2025-03-10 15:42:57', '2025-03-10 15:42:57'),
(46, 11, 4, 0, 0, '2025-03-10 15:43:52', '2025-03-10 15:43:52'),
(47, 10, 4, 0, 0, '2025-03-10 15:43:52', '2025-03-10 15:43:52'),
(48, 9, 4, 0, 0, '2025-03-10 15:43:52', '2025-03-10 15:43:52'),
(49, 19, 4, 0, 0, '2025-03-10 15:46:25', '2025-03-10 15:46:25'),
(50, 17, 4, 0, 0, '2025-03-10 15:46:28', '2025-03-10 15:46:28'),
(51, 16, 4, 1, 0, '2025-03-10 15:46:41', '2025-03-10 18:02:10'),
(52, 15, 4, 0, 0, '2025-03-10 15:46:43', '2025-03-10 15:46:43'),
(53, 14, 4, 0, 0, '2025-03-10 15:46:45', '2025-03-10 15:46:45'),
(54, 13, 4, 0, 0, '2025-03-10 15:46:46', '2025-03-10 15:46:46'),
(55, 7, 4, 0, 0, '2025-03-10 15:47:24', '2025-03-10 15:47:24'),
(56, 6, 4, 0, 0, '2025-03-10 15:47:25', '2025-03-10 15:47:25'),
(57, 5, 4, 0, 0, '2025-03-10 15:47:26', '2025-03-10 15:47:26'),
(58, 4, 4, 0, 0, '2025-03-10 15:47:28', '2025-03-10 15:47:28'),
(59, 3, 4, 0, 0, '2025-03-10 15:47:30', '2025-03-10 15:47:30'),
(60, 2, 4, 0, 0, '2025-03-10 15:47:30', '2025-03-10 15:47:30'),
(61, 1, 4, 0, 0, '2025-03-10 15:47:30', '2025-03-10 15:47:30'),
(62, 19, 3, 0, 0, '2025-03-10 16:00:52', '2025-03-10 16:00:52'),
(63, 17, 3, 0, 0, '2025-03-10 16:00:53', '2025-03-10 16:00:53'),
(64, 16, 3, 1, 0, '2025-03-10 16:00:53', '2025-03-10 18:01:59'),
(65, 15, 3, 0, 0, '2025-03-10 16:00:54', '2025-03-10 16:00:54'),
(66, 14, 3, 0, 0, '2025-03-10 16:00:55', '2025-03-10 16:00:55'),
(67, 13, 3, 0, 0, '2025-03-10 16:00:55', '2025-03-10 16:00:55'),
(68, 12, 3, 0, 0, '2025-03-10 16:00:56', '2025-03-10 16:00:56'),
(69, 7, 3, 0, 0, '2025-03-10 16:01:03', '2025-03-10 16:01:03'),
(70, 4, 3, 0, 0, '2025-03-10 16:01:05', '2025-03-10 16:01:05'),
(71, 12, 4, 0, 0, '2025-03-10 16:01:38', '2025-03-10 16:01:38'),
(72, 8, 3, 0, 0, '2025-03-10 16:13:37', '2025-03-10 16:13:37'),
(73, 8, 4, 0, 0, '2025-03-10 16:15:05', '2025-03-10 16:15:05'),
(74, 19, 1, 0, 0, '2025-03-10 19:31:02', '2025-03-10 19:31:02'),
(75, 17, 1, 0, 0, '2025-03-10 19:31:03', '2025-03-10 19:31:03'),
(76, 16, 1, 0, 0, '2025-03-10 19:31:03', '2025-03-10 19:31:03'),
(77, 12, 1, 1, 0, '2025-03-10 19:31:04', '2025-03-11 08:56:48'),
(78, 11, 1, 0, 0, '2025-03-10 19:31:04', '2025-03-10 19:31:04'),
(79, 10, 1, 0, 0, '2025-03-10 19:31:04', '2025-03-10 19:31:04'),
(80, 9, 1, 0, 0, '2025-03-10 19:31:04', '2025-03-10 19:31:04'),
(81, 8, 1, 0, 0, '2025-03-10 19:31:04', '2025-03-10 19:31:04'),
(82, 7, 1, 0, 0, '2025-03-10 19:31:05', '2025-03-10 19:31:05'),
(83, 6, 1, 0, 0, '2025-03-10 19:31:05', '2025-03-10 19:31:05'),
(84, 5, 1, 0, 0, '2025-03-10 19:31:05', '2025-03-10 19:31:05'),
(85, 4, 1, 0, 0, '2025-03-10 19:31:06', '2025-03-10 19:31:06'),
(86, 15, 1, 0, 0, '2025-03-10 19:32:16', '2025-03-10 19:32:16'),
(87, 14, 1, 0, 0, '2025-03-10 19:32:16', '2025-03-10 19:32:16'),
(88, 13, 1, 0, 0, '2025-03-10 19:32:16', '2025-03-10 19:32:16'),
(89, 26, 3, 0, 0, '2025-03-10 22:42:44', '2025-03-10 22:42:44'),
(90, 27, 1, 1, 1, '2025-03-11 08:08:00', '2025-03-11 08:57:51'),
(91, 26, 1, 1, 1, '2025-03-11 08:08:00', '2025-03-11 08:58:30'),
(92, 27, 4, 1, 1, '2025-03-11 08:08:31', '2025-03-11 08:58:45'),
(93, 26, 4, 1, 0, '2025-03-11 08:08:50', '2025-03-11 08:08:52'),
(94, 27, 3, 0, 0, '2025-03-11 16:19:49', '2025-03-11 16:19:49'),
(95, 28, 3, 0, 0, '2025-03-11 16:21:52', '2025-03-11 16:21:52'),
(96, 28, 1, 0, 0, '2025-03-11 16:28:52', '2025-03-11 16:28:52'),
(97, 29, 1, 0, 0, '2025-03-11 17:03:37', '2025-03-11 17:03:37'),
(98, 30, 1, 0, 0, '2025-03-19 11:12:40', '2025-03-19 11:12:40'),
(99, 31, 1, 0, 0, '2025-03-19 11:12:40', '2025-03-19 11:12:40'),
(100, 29, 2, 0, 0, '2025-03-19 14:56:39', '2025-03-19 14:56:39'),
(101, 30, 2, 0, 0, '2025-03-19 14:56:39', '2025-03-19 14:56:39'),
(102, 31, 2, 0, 0, '2025-03-19 14:56:39', '2025-03-19 14:56:39'),
(103, 26, 2, 0, 0, '2025-03-19 14:56:39', '2025-03-19 14:56:39'),
(104, 17, 2, 0, 0, '2025-03-19 14:56:40', '2025-03-19 14:56:40'),
(105, 16, 2, 0, 0, '2025-03-19 14:56:40', '2025-03-19 14:56:40'),
(106, 15, 2, 0, 0, '2025-03-19 14:56:40', '2025-03-19 14:56:40'),
(107, 13, 2, 0, 0, '2025-03-19 14:56:41', '2025-03-19 14:56:41'),
(108, 12, 2, 0, 0, '2025-03-19 14:56:41', '2025-03-19 14:56:41'),
(109, 8, 2, 0, 0, '2025-03-19 14:56:42', '2025-03-19 14:56:42'),
(110, 7, 2, 0, 0, '2025-03-19 14:56:42', '2025-03-19 14:56:42'),
(111, 6, 2, 0, 0, '2025-03-19 14:56:42', '2025-03-19 14:56:42'),
(112, 5, 2, 0, 0, '2025-03-19 14:56:42', '2025-03-19 14:56:42'),
(113, 4, 2, 0, 0, '2025-03-19 14:56:43', '2025-03-19 14:56:43'),
(114, 32, 2, 0, 0, '2025-03-19 14:57:57', '2025-03-19 14:57:57'),
(115, 33, 2, 0, 0, '2025-03-19 14:58:26', '2025-03-19 14:58:26'),
(116, 34, 2, 0, 0, '2025-03-19 14:58:50', '2025-03-19 14:58:50'),
(117, 33, 4, 0, 0, '2025-03-19 20:49:34', '2025-03-19 20:49:34'),
(118, 34, 4, 0, 0, '2025-03-19 20:49:34', '2025-03-19 20:49:34'),
(119, 33, 1, 0, 0, '2025-03-21 16:18:09', '2025-03-21 16:18:09'),
(120, 34, 1, 0, 0, '2025-03-21 16:18:10', '2025-03-21 16:18:10'),
(121, 32, 1, 0, 0, '2025-03-21 16:18:11', '2025-03-21 16:18:11'),
(122, 33, 8, 0, 0, '2025-03-25 14:52:49', '2025-03-25 14:52:49'),
(123, 32, 8, 0, 0, '2025-03-25 14:52:49', '2025-03-25 14:52:49'),
(124, 35, 8, 0, 1, '2025-03-25 14:53:02', '2025-03-26 22:05:07'),
(125, 35, 2, 0, 0, '2025-03-26 11:00:41', '2025-03-26 11:00:41'),
(126, 33, 9, 0, 0, '2025-03-30 13:20:29', '2025-03-30 13:20:29'),
(127, 35, 9, 0, 0, '2025-03-30 13:20:30', '2025-03-30 13:20:30'),
(128, 37, 9, 0, 0, '2025-03-30 13:23:53', '2025-03-30 13:23:53'),
(129, 38, 9, 0, 0, '2025-03-30 13:23:53', '2025-03-30 13:23:53'),
(130, 39, 9, 0, 0, '2025-03-30 13:23:53', '2025-03-30 13:23:53'),
(131, 36, 9, 0, 0, '2025-03-30 13:23:53', '2025-03-30 13:23:53'),
(132, 32, 9, 0, 0, '2025-03-30 13:23:54', '2025-03-30 13:23:54'),
(133, 31, 9, 0, 0, '2025-03-30 13:23:54', '2025-03-30 13:23:54'),
(134, 30, 9, 0, 0, '2025-03-30 13:23:54', '2025-03-30 13:23:54'),
(135, 29, 9, 0, 0, '2025-03-30 13:23:54', '2025-03-30 13:23:54'),
(136, 26, 9, 0, 0, '2025-03-30 13:23:55', '2025-03-30 13:23:55'),
(137, 24, 9, 0, 0, '2025-03-30 13:23:55', '2025-03-30 13:23:55'),
(138, 21, 9, 0, 0, '2025-03-30 13:23:55', '2025-03-30 13:23:55'),
(139, 40, 9, 0, 0, '2025-03-30 13:27:35', '2025-03-30 13:27:35'),
(140, 41, 9, 0, 0, '2025-03-30 13:27:35', '2025-03-30 13:27:35'),
(141, 40, 10, 0, 0, '2025-03-30 19:30:08', '2025-03-30 19:30:08'),
(142, 41, 10, 0, 0, '2025-03-30 19:30:08', '2025-03-30 19:30:08'),
(143, 42, 10, 0, 0, '2025-03-31 20:48:03', '2025-03-31 20:48:03'),
(144, 39, 10, 0, 0, '2025-03-31 20:48:04', '2025-03-31 20:48:04'),
(145, 38, 10, 0, 0, '2025-03-31 20:48:04', '2025-03-31 20:48:04'),
(146, 37, 10, 0, 0, '2025-03-31 20:48:04', '2025-03-31 20:48:04'),
(147, 36, 10, 0, 0, '2025-03-31 20:48:04', '2025-03-31 20:48:04'),
(148, 35, 10, 0, 0, '2025-03-31 20:48:05', '2025-03-31 20:48:05'),
(149, 33, 10, 0, 0, '2025-03-31 20:48:05', '2025-03-31 20:48:05'),
(150, 43, 10, 0, 0, '2025-03-31 20:48:34', '2025-03-31 20:48:34'),
(151, 43, 12, 0, 0, '2025-04-02 22:10:33', '2025-04-02 22:10:33'),
(152, 44, 12, 0, 0, '2025-04-02 22:10:33', '2025-04-02 22:10:33'),
(153, 44, 10, 0, 0, '2025-04-02 22:10:48', '2025-04-02 22:10:48'),
(154, 42, 12, 0, 0, '2025-04-02 22:11:15', '2025-04-02 22:11:15'),
(155, 41, 12, 0, 0, '2025-04-02 22:12:13', '2025-04-02 22:12:13'),
(156, 40, 12, 0, 0, '2025-04-02 22:12:14', '2025-04-02 22:12:14'),
(157, 39, 12, 0, 0, '2025-04-02 22:12:15', '2025-04-02 22:12:15'),
(158, 37, 12, 0, 0, '2025-04-02 22:13:04', '2025-04-02 22:13:04'),
(159, 38, 12, 0, 0, '2025-04-02 22:13:05', '2025-04-02 22:13:05'),
(160, 36, 12, 0, 0, '2025-04-02 22:13:06', '2025-04-02 22:13:06'),
(161, 35, 12, 0, 0, '2025-04-02 22:13:24', '2025-04-02 22:13:24'),
(162, 33, 12, 0, 0, '2025-04-02 22:13:24', '2025-04-02 22:13:24'),
(163, 32, 10, 0, 0, '2025-04-02 22:13:29', '2025-04-02 22:13:29'),
(164, 31, 10, 0, 0, '2025-04-02 22:13:29', '2025-04-02 22:13:29'),
(165, 30, 10, 0, 0, '2025-04-02 22:13:30', '2025-04-02 22:13:30'),
(166, 29, 10, 0, 0, '2025-04-02 22:13:36', '2025-04-02 22:13:36'),
(167, 26, 10, 0, 0, '2025-04-02 22:13:36', '2025-04-02 22:13:36'),
(168, 24, 10, 0, 0, '2025-04-02 22:13:36', '2025-04-02 22:13:36'),
(169, 21, 10, 0, 0, '2025-04-02 22:13:36', '2025-04-02 22:13:36'),
(170, 18, 10, 0, 0, '2025-04-02 22:13:37', '2025-04-02 22:13:37'),
(171, 17, 10, 0, 0, '2025-04-02 22:13:37', '2025-04-02 22:13:37'),
(172, 16, 10, 0, 0, '2025-04-02 22:13:37', '2025-04-02 22:13:37'),
(173, 15, 10, 0, 0, '2025-04-02 22:13:37', '2025-04-02 22:13:37'),
(174, 13, 10, 0, 0, '2025-04-02 22:13:37', '2025-04-02 22:13:37'),
(175, 12, 10, 0, 0, '2025-04-02 22:13:37', '2025-04-02 22:13:37'),
(176, 11, 10, 0, 0, '2025-04-02 22:13:38', '2025-04-02 22:13:38'),
(177, 45, 12, 0, 0, '2025-04-02 22:14:49', '2025-04-02 22:14:49'),
(178, 46, 12, 0, 0, '2025-04-02 22:27:08', '2025-04-02 22:27:08'),
(179, 32, 12, 0, 0, '2025-04-02 22:27:13', '2025-04-02 22:27:13'),
(180, 31, 12, 0, 0, '2025-04-02 22:27:14', '2025-04-02 22:27:14'),
(181, 30, 12, 0, 0, '2025-04-02 22:27:14', '2025-04-02 22:27:14'),
(182, 29, 12, 0, 0, '2025-04-02 22:27:14', '2025-04-02 22:27:14'),
(183, 26, 12, 0, 0, '2025-04-02 22:27:15', '2025-04-02 22:27:15'),
(184, 24, 12, 0, 0, '2025-04-02 22:27:15', '2025-04-02 22:27:15'),
(185, 21, 12, 0, 0, '2025-04-02 22:27:15', '2025-04-02 22:27:15'),
(186, 18, 12, 0, 0, '2025-04-02 22:27:16', '2025-04-02 22:27:16'),
(187, 17, 12, 0, 0, '2025-04-02 22:27:16', '2025-04-02 22:27:16'),
(188, 16, 12, 0, 0, '2025-04-02 22:27:19', '2025-04-02 22:27:19'),
(189, 15, 12, 0, 0, '2025-04-02 22:27:23', '2025-04-02 22:27:23'),
(190, 13, 12, 0, 0, '2025-04-02 22:27:24', '2025-04-02 22:27:24'),
(191, 12, 12, 0, 0, '2025-04-02 22:27:24', '2025-04-02 22:27:24'),
(192, 11, 12, 0, 0, '2025-04-02 22:27:27', '2025-04-02 22:27:27'),
(193, 10, 12, 0, 0, '2025-04-02 22:27:28', '2025-04-02 22:27:28'),
(194, 9, 12, 0, 0, '2025-04-02 22:27:28', '2025-04-02 22:27:28'),
(195, 8, 12, 0, 0, '2025-04-02 22:27:29', '2025-04-02 22:27:29'),
(196, 7, 12, 0, 0, '2025-04-02 22:27:30', '2025-04-02 22:27:30'),
(197, 6, 12, 0, 0, '2025-04-02 22:27:31', '2025-04-02 22:27:31'),
(198, 5, 12, 0, 0, '2025-04-02 22:27:31', '2025-04-02 22:27:31'),
(199, 4, 12, 0, 0, '2025-04-02 22:27:33', '2025-04-02 22:27:33'),
(200, 3, 12, 0, 0, '2025-04-02 22:27:33', '2025-04-02 22:27:33'),
(201, 2, 12, 0, 0, '2025-04-02 22:27:33', '2025-04-02 22:27:33'),
(202, 1, 12, 0, 0, '2025-04-02 22:27:33', '2025-04-02 22:27:33'),
(203, 45, 17, 0, 0, '2025-04-02 22:56:18', '2025-04-02 22:56:18'),
(204, 46, 17, 0, 0, '2025-04-02 22:56:19', '2025-04-02 22:56:19'),
(205, 46, 10, 1, 0, '2025-04-02 22:56:45', '2025-04-02 23:23:51'),
(206, 47, 10, 1, 1, '2025-04-02 22:56:45', '2025-04-02 23:24:23'),
(207, 45, 10, 1, 0, '2025-04-02 22:56:45', '2025-04-02 22:59:40'),
(208, 47, 17, 1, 1, '2025-04-02 22:56:46', '2025-04-02 23:22:17'),
(209, 44, 17, 0, 0, '2025-04-02 22:56:48', '2025-04-02 22:56:48'),
(210, 43, 17, 0, 0, '2025-04-02 22:56:50', '2025-04-02 22:56:50'),
(211, 47, 12, 1, 0, '2025-04-02 22:56:53', '2025-04-02 22:56:57'),
(212, 47, 14, 0, 0, '2025-04-03 15:14:46', '2025-04-03 15:14:46'),
(213, 48, 14, 0, 0, '2025-04-03 15:14:46', '2025-04-03 15:14:46'),
(214, 46, 14, 0, 0, '2025-04-03 15:14:46', '2025-04-03 15:14:46'),
(215, 49, 14, 1, 0, '2025-04-03 15:17:08', '2025-04-03 15:17:14'),
(216, 50, 14, 0, 0, '2025-04-03 15:17:08', '2025-04-03 15:17:08'),
(217, 49, 10, 0, 0, '2025-04-03 15:17:46', '2025-04-03 15:17:46'),
(218, 50, 10, 0, 0, '2025-04-03 15:17:46', '2025-04-03 15:17:46'),
(219, 33, 14, 0, 0, '2025-04-03 15:47:14', '2025-04-03 15:47:14'),
(220, 35, 14, 0, 0, '2025-04-03 15:47:14', '2025-04-03 15:47:14'),
(221, 36, 14, 0, 0, '2025-04-03 15:47:14', '2025-04-03 15:47:14'),
(222, 37, 14, 0, 0, '2025-04-03 15:47:15', '2025-04-03 15:47:15'),
(223, 45, 14, 0, 0, '2025-04-03 15:47:15', '2025-04-03 15:47:15'),
(224, 48, 10, 0, 0, '2025-04-03 15:47:58', '2025-04-03 15:47:58'),
(225, 50, 12, 0, 0, '2025-04-03 21:35:29', '2025-04-03 21:35:29'),
(226, 51, 12, 0, 0, '2025-04-03 21:35:29', '2025-04-03 21:35:29'),
(227, 52, 12, 0, 0, '2025-04-03 21:35:29', '2025-04-03 21:35:29'),
(228, 49, 12, 0, 0, '2025-04-03 21:35:29', '2025-04-03 21:35:29'),
(229, 48, 12, 0, 0, '2025-04-03 21:35:29', '2025-04-03 21:35:29'),
(230, 49, 1, 0, 0, '2025-04-03 22:06:51', '2025-04-03 22:06:51'),
(231, 50, 1, 0, 0, '2025-04-03 22:06:51', '2025-04-03 22:06:51'),
(232, 51, 1, 0, 0, '2025-04-03 22:06:51', '2025-04-03 22:06:51'),
(233, 48, 1, 0, 0, '2025-04-03 22:06:53', '2025-04-03 22:06:53'),
(234, 53, 1, 0, 0, '2025-04-03 22:08:08', '2025-04-03 22:08:08'),
(235, 54, 1, 0, 0, '2025-04-03 22:17:23', '2025-04-03 22:17:23'),
(236, 55, 1, 0, 0, '2025-04-03 22:17:35', '2025-04-03 22:17:35'),
(237, 56, 1, 0, 0, '2025-04-03 22:17:47', '2025-04-03 22:17:47'),
(238, 57, 1, 0, 0, '2025-04-03 22:17:58', '2025-04-03 22:17:58'),
(239, 59, 1, 0, 0, '2025-04-03 22:18:34', '2025-04-03 22:18:34'),
(240, 60, 10, 0, 0, '2025-04-06 10:28:34', '2025-04-06 10:28:34'),
(241, 61, 10, 0, 0, '2025-04-06 10:28:34', '2025-04-06 10:28:34'),
(242, 59, 10, 0, 0, '2025-04-06 10:28:36', '2025-04-06 10:28:36'),
(243, 58, 10, 0, 0, '2025-04-06 10:28:42', '2025-04-06 10:28:42'),
(244, 57, 10, 0, 0, '2025-04-06 10:28:42', '2025-04-06 10:28:42'),
(245, 56, 10, 0, 0, '2025-04-06 10:28:54', '2025-04-06 10:28:54'),
(246, 61, 29, 0, 0, '2025-04-10 19:48:12', '2025-04-10 19:48:12'),
(247, 62, 29, 0, 0, '2025-04-10 19:48:12', '2025-04-10 19:48:12'),
(248, 60, 29, 0, 0, '2025-04-10 19:48:45', '2025-04-10 19:48:45'),
(249, 59, 29, 0, 0, '2025-04-10 19:48:47', '2025-04-10 19:48:47'),
(250, 63, 29, 0, 0, '2025-04-10 19:52:59', '2025-04-10 19:52:59'),
(251, 63, 25, 0, 0, '2025-04-10 19:53:31', '2025-04-10 19:53:31'),
(252, 62, 25, 0, 0, '2025-04-10 19:55:48', '2025-04-10 19:55:48'),
(253, 61, 25, 0, 0, '2025-04-10 19:55:48', '2025-04-10 19:55:48'),
(254, 60, 25, 0, 0, '2025-04-10 19:55:48', '2025-04-10 19:55:48'),
(255, 63, 22, 0, 0, '2025-04-13 09:30:45', '2025-04-13 09:30:45'),
(256, 62, 22, 0, 0, '2025-04-13 09:30:46', '2025-04-13 09:30:46'),
(257, 61, 22, 0, 0, '2025-04-13 09:30:46', '2025-04-13 09:30:46');

-- --------------------------------------------------------

--
-- Table structure for table `jobs`
--

DROP TABLE IF EXISTS `jobs`;
CREATE TABLE IF NOT EXISTS `jobs` (
  `id` bigint UNSIGNED NOT NULL AUTO_INCREMENT,
  `queue` varchar(191) COLLATE utf8mb4_unicode_ci NOT NULL,
  `payload` longtext COLLATE utf8mb4_unicode_ci NOT NULL,
  `attempts` tinyint UNSIGNED NOT NULL,
  `reserved_at` int UNSIGNED DEFAULT NULL,
  `available_at` int UNSIGNED NOT NULL,
  `created_at` int UNSIGNED NOT NULL,
  PRIMARY KEY (`id`),
  KEY `jobs_queue_index` (`queue`)
) ENGINE=MyISAM DEFAULT CHARSET=utf8mb4 COLLATE=utf8mb4_unicode_ci;

-- --------------------------------------------------------

--
-- Table structure for table `job_batches`
--

DROP TABLE IF EXISTS `job_batches`;
CREATE TABLE IF NOT EXISTS `job_batches` (
  `id` varchar(191) COLLATE utf8mb4_unicode_ci NOT NULL,
  `name` varchar(191) COLLATE utf8mb4_unicode_ci NOT NULL,
  `total_jobs` int NOT NULL,
  `pending_jobs` int NOT NULL,
  `failed_jobs` int NOT NULL,
  `failed_job_ids` longtext COLLATE utf8mb4_unicode_ci NOT NULL,
  `options` mediumtext COLLATE utf8mb4_unicode_ci,
  `cancelled_at` int DEFAULT NULL,
  `created_at` int NOT NULL,
  `finished_at` int DEFAULT NULL,
  PRIMARY KEY (`id`)
) ENGINE=MyISAM DEFAULT CHARSET=utf8mb4 COLLATE=utf8mb4_unicode_ci;

-- --------------------------------------------------------

--
-- Table structure for table `migrations`
--

DROP TABLE IF EXISTS `migrations`;
CREATE TABLE IF NOT EXISTS `migrations` (
  `id` int UNSIGNED NOT NULL AUTO_INCREMENT,
  `migration` varchar(191) COLLATE utf8mb4_unicode_ci NOT NULL,
  `batch` int NOT NULL,
  PRIMARY KEY (`id`)
) ENGINE=MyISAM AUTO_INCREMENT=75 DEFAULT CHARSET=utf8mb4 COLLATE=utf8mb4_unicode_ci;

--
-- Dumping data for table `migrations`
--

INSERT INTO `migrations` (`id`, `migration`, `batch`) VALUES
(47, '0001_01_01_000000_create_users_table', 5),
(48, '0001_01_01_000001_create_cache_table', 5),
(49, '0001_01_01_000002_create_jobs_table', 5),
(50, '2025_03_01_141431_create_site_setup_tables', 5),
(51, '2025_03_01_144404_create_permissions_management_tables', 5),
(52, '2025_03_01_145101_create_academic_management_tables', 5),
(53, '2025_03_06_002156_create_library_management_tables', 5),
(54, '2025_03_06_002838_create_chat_management_tables', 5),
(55, '2025_03_06_003641_create_interaction_management_tables', 5),
(56, '2025_03_24_195621_create_contact_messages_table', 5),
(23, '2025_03_28_035318_create_test_table', 4),
(65, '2025_04_01_232111_create_exams_tables', 6),
(74, '2025_04_08_000427_create_notification_system_tables', 7);

-- --------------------------------------------------------

--
-- Table structure for table `notifications`
--

DROP TABLE IF EXISTS `notifications`;
CREATE TABLE IF NOT EXISTS `notifications` (
  `id` bigint UNSIGNED NOT NULL AUTO_INCREMENT,
  `teacher_id` bigint UNSIGNED NOT NULL,
  `sender_id` bigint UNSIGNED NOT NULL,
  `title` varchar(191) COLLATE utf8mb4_unicode_ci NOT NULL,
  `content` text COLLATE utf8mb4_unicode_ci NOT NULL,
  `is_delivered` tinyint(1) NOT NULL DEFAULT '0',
  `department_id` bigint UNSIGNED NOT NULL,
  `course_id` bigint UNSIGNED NOT NULL,
  `hall_id` bigint UNSIGNED NOT NULL,
  `level` enum('المستوى الاول','المستوى الثاني','المستوى الثالث','المستوى الرابع','المستوى الخامس','المستوى السادس','المستوى السابع') COLLATE utf8mb4_unicode_ci DEFAULT NULL,
  `period` enum('08:00 - 10:00','10:00 - 12:00','12:00 - 02:00') COLLATE utf8mb4_unicode_ci NOT NULL,
  `schedule_id` bigint UNSIGNED NOT NULL,
  `created_at` timestamp NULL DEFAULT NULL,
  `updated_at` timestamp NULL DEFAULT NULL,
  PRIMARY KEY (`id`),
  KEY `notifications_teacher_id_foreign` (`teacher_id`),
  KEY `notifications_sender_id_foreign` (`sender_id`),
  KEY `notifications_department_id_foreign` (`department_id`),
  KEY `notifications_course_id_foreign` (`course_id`),
  KEY `notifications_hall_id_foreign` (`hall_id`),
  KEY `notifications_schedule_id_foreign` (`schedule_id`)
) ENGINE=MyISAM AUTO_INCREMENT=10 DEFAULT CHARSET=utf8mb4 COLLATE=utf8mb4_unicode_ci;

--
-- Dumping data for table `notifications`
--

INSERT INTO `notifications` (`id`, `teacher_id`, `sender_id`, `title`, `content`, `is_delivered`, `department_id`, `course_id`, `hall_id`, `level`, `period`, `schedule_id`, `created_at`, `updated_at`) VALUES
(1, 2, 30, 'تأكيد حضور المحاضرة غدًا', 'نرجو منكم تأكيد حضوركم لمحاضرة يوم غد، ضمن الجدول الدراسي المعتمد. في حال وجود أي عذر يرجى الرد على هذا الإشعار في أقرب وقت.', 1, 1, 5, 7, 'المستوى الثالث', '10:00 - 12:00', 2, '2025-04-11 19:28:34', '2025-04-11 19:29:01'),
(2, 1, 8, 'تأكيد حضور المحاضرة غدًا', 'المحاضرة غدًا حسب الجدول الدراسي', 1, 1, 1, 1, 'المستوى الرابع', '10:00 - 12:00', 1, '2025-04-11 19:28:42', '2025-04-11 19:28:42'),
(3, 7, 22, 'تأكيد حضور المحاضرة غدًا', 'نرجو منكم تأكيد حضوركم لمحاضرة يوم غد، ضمن الجدول الدراسي المعتمد. في حال وجود أي عذر يرجى الرد على هذا الإشعار في أقرب وقت.', 0, 1, 2, 1, 'المستوى الرابع', '08:00 - 10:00', 1, '2025-04-11 22:15:05', '2025-04-11 22:15:05'),
(4, 9, 22, 'تأكيد حضور المحاضرة غدًا', 'نرجو منكم تأكيد حضوركم لمحاضرة يوم غد، ضمن الجدول الدراسي المعتمد. في حال وجود أي عذر يرجى الرد على هذا الإشعار في أقرب وقت.', 1, 1, 4, 1, 'المستوى الرابع', '10:00 - 12:00', 1, '2025-04-11 22:15:10', '2025-04-11 22:15:39'),
(5, 1, 8, 'الاعتذار عن الحضور', 'اعتذر عن حضور محاضرة غدًا', 1, 2, 18, 7, 'المستوى الرابع', '12:00 - 02:00', 7, '2025-04-11 22:45:40', '2025-04-11 22:45:40'),
(6, 8, 29, 'تأكيد حضور المحاضرة غدًا', 'المحاضرة غدًا حسب الجدول الدراسي', 1, 1, 1, 2, 'المستوى الرابع', '08:00 - 10:00', 1, '2025-04-13 09:27:27', '2025-04-13 09:27:27'),
(7, 8, 22, 'تأكيد حضور المحاضرة غدًا', 'نرجو منكم تأكيد حضوركم لمحاضرة يوم غد، ضمن الجدول الدراسي المعتمد. في حال وجود أي عذر يرجى الرد على هذا الإشعار في أقرب وقت.', 1, 1, 1, 2, 'المستوى الرابع', '10:00 - 12:00', 1, '2025-04-13 09:28:03', '2025-04-13 09:28:14'),
(9, 1, 8, 'تأكيد حضور المحاضرة غدًا', 'المحاضرة غدًا حسب الجدول الدراسي', 1, 1, 1, 1, 'المستوى الرابع', '10:00 - 12:00', 1, '2025-04-14 07:01:48', '2025-04-14 07:01:48');

-- --------------------------------------------------------

--
-- Table structure for table `notification_replies`
--

DROP TABLE IF EXISTS `notification_replies`;
CREATE TABLE IF NOT EXISTS `notification_replies` (
  `id` bigint UNSIGNED NOT NULL AUTO_INCREMENT,
  `confirmation` tinyint(1) NOT NULL,
  `content` text COLLATE utf8mb4_unicode_ci,
  `notification_id` bigint UNSIGNED NOT NULL,
  `created_at` timestamp NULL DEFAULT NULL,
  `updated_at` timestamp NULL DEFAULT NULL,
  PRIMARY KEY (`id`),
  KEY `notification_replies_notification_id_foreign` (`notification_id`)
) ENGINE=MyISAM AUTO_INCREMENT=9 DEFAULT CHARSET=utf8mb4 COLLATE=utf8mb4_unicode_ci;

--
-- Dumping data for table `notification_replies`
--

INSERT INTO `notification_replies` (`id`, `confirmation`, `content`, `notification_id`, `created_at`, `updated_at`) VALUES
(1, 1, 'المحاضرة غدًا حسب الجدول الدراسي', 2, '2025-04-11 19:28:42', '2025-04-11 19:28:42'),
(2, 1, NULL, 1, '2025-04-11 19:29:01', '2025-04-11 19:29:01'),
(3, 1, NULL, 4, '2025-04-11 22:15:39', '2025-04-11 22:15:39'),
(4, 0, 'اعتذر عن حضور محاضرة غدًا', 5, '2025-04-11 22:45:40', '2025-04-11 22:45:40'),
(5, 1, 'المحاضرة غدًا حسب الجدول الدراسي', 6, '2025-04-13 09:27:27', '2025-04-13 09:27:27'),
(6, 0, '15320.', 7, '2025-04-13 09:28:14', '2025-04-13 09:28:14'),
(8, 1, 'المحاضرة غدًا حسب الجدول الدراسي', 9, '2025-04-14 07:01:48', '2025-04-14 07:01:48');

-- --------------------------------------------------------

--
-- Table structure for table `password_reset_tokens`
--

DROP TABLE IF EXISTS `password_reset_tokens`;
CREATE TABLE IF NOT EXISTS `password_reset_tokens` (
  `email` varchar(191) COLLATE utf8mb4_unicode_ci NOT NULL,
  `token` varchar(191) COLLATE utf8mb4_unicode_ci NOT NULL,
  `created_at` timestamp NULL DEFAULT NULL,
  PRIMARY KEY (`email`)
) ENGINE=MyISAM DEFAULT CHARSET=utf8mb4 COLLATE=utf8mb4_unicode_ci;

-- --------------------------------------------------------

--
-- Table structure for table `periods`
--

DROP TABLE IF EXISTS `periods`;
CREATE TABLE IF NOT EXISTS `periods` (
  `id` bigint UNSIGNED NOT NULL AUTO_INCREMENT,
  `academic_year_id` bigint UNSIGNED NOT NULL,
  `term` enum('الاول','الثاني') COLLATE utf8mb4_unicode_ci NOT NULL,
  `start_date` date NOT NULL,
  `end_date` date NOT NULL,
  `created_at` timestamp NULL DEFAULT NULL,
  `updated_at` timestamp NULL DEFAULT NULL,
  PRIMARY KEY (`id`),
  KEY `periods_academic_year_id_foreign` (`academic_year_id`)
) ENGINE=MyISAM AUTO_INCREMENT=6 DEFAULT CHARSET=utf8mb4 COLLATE=utf8mb4_unicode_ci;

--
-- Dumping data for table `periods`
--

INSERT INTO `periods` (`id`, `academic_year_id`, `term`, `start_date`, `end_date`, `created_at`, `updated_at`) VALUES
(4, 1, 'الاول', '2024-09-01', '2024-12-08', '2025-03-26 14:38:55', '2025-03-26 14:38:55'),
(5, 1, 'الثاني', '2024-12-15', '2025-05-01', '2025-03-26 14:38:55', '2025-03-26 14:38:55');

-- --------------------------------------------------------

--
-- Table structure for table `permissions`
--

DROP TABLE IF EXISTS `permissions`;
CREATE TABLE IF NOT EXISTS `permissions` (
  `id` bigint UNSIGNED NOT NULL AUTO_INCREMENT,
  `role_id` bigint UNSIGNED NOT NULL,
  `name` varchar(191) COLLATE utf8mb4_unicode_ci NOT NULL,
  `description` text COLLATE utf8mb4_unicode_ci,
  `created_at` timestamp NULL DEFAULT NULL,
  `updated_at` timestamp NULL DEFAULT NULL,
  PRIMARY KEY (`id`),
  KEY `permissions_role_id_foreign` (`role_id`)
) ENGINE=MyISAM DEFAULT CHARSET=utf8mb4 COLLATE=utf8mb4_unicode_ci;

-- --------------------------------------------------------

--
-- Table structure for table `posts`
--

DROP TABLE IF EXISTS `posts`;
CREATE TABLE IF NOT EXISTS `posts` (
  `id` bigint UNSIGNED NOT NULL AUTO_INCREMENT,
  `sender_id` bigint UNSIGNED NOT NULL,
  `content` text COLLATE utf8mb4_unicode_ci NOT NULL,
  `file_url` varchar(191) COLLATE utf8mb4_unicode_ci DEFAULT NULL,
  `file_type` enum('نص','صورة','فيديو','ملف','صوت') COLLATE utf8mb4_unicode_ci NOT NULL DEFAULT 'نص',
  `file_size` bigint NOT NULL DEFAULT '0',
  `views_count` bigint NOT NULL DEFAULT '0',
  `likes_count` bigint NOT NULL DEFAULT '0',
  `comments_count` bigint NOT NULL DEFAULT '0',
  `deleted` tinyint(1) NOT NULL DEFAULT '0',
  `created_at` timestamp NULL DEFAULT NULL,
  `updated_at` timestamp NULL DEFAULT NULL,
  PRIMARY KEY (`id`),
  KEY `posts_sender_id_foreign` (`sender_id`)
) ENGINE=MyISAM AUTO_INCREMENT=64 DEFAULT CHARSET=utf8mb4 COLLATE=utf8mb4_unicode_ci;

--
-- Dumping data for table `posts`
--

INSERT INTO `posts` (`id`, `sender_id`, `content`, `file_url`, `file_type`, `file_size`, `views_count`, `likes_count`, `comments_count`, `deleted`, `created_at`, `updated_at`) VALUES
(1, 1, 'المحتوى', NULL, 'نص', 0, 5, 1, 2, 0, '2025-03-09 21:27:46', '2025-04-02 22:27:33'),
(2, 1, 'اختبار تنقيب بيانات', NULL, 'نص', 0, 5, 0, 0, 0, '2025-03-09 19:23:46', '2025-04-02 22:27:33'),
(3, 1, 'اختبار تنقيب بيانات', NULL, 'نص', 0, 5, 0, 0, 0, '2025-03-09 19:25:05', '2025-04-02 22:27:33'),
(4, 1, 'اختبار', 'uploads/posts/230386900.jpg', 'صورة', 0, 5, 0, 0, 0, '2025-03-09 19:28:06', '2025-04-02 22:27:33'),
(5, 3, '11', 'uploads/posts/263780212.jpg', 'صورة', 0, 5, 0, 1, 0, '2025-03-09 19:30:51', '2025-04-02 22:27:31'),
(6, 3, 'العالم نوووور', 'uploads/posts/444290342.jpg', 'صورة', 0, 5, 0, 2, 0, '2025-03-09 19:35:54', '2025-04-02 22:27:31'),
(7, 1, 'موقع للاحصاء من المستوى الثاني \r\n\r\n2022/12/05', 'uploads/posts/944744804.jpeg', 'صورة', 0, 5, 0, 0, 0, '2025-03-09 19:37:27', '2025-04-02 22:27:30'),
(8, 3, '7715000000\r\n\r\n\r\n\r\n\r\n\r\n\r\n\r\n\r\n\r\n\r\n\r\n\r\n\r\n\r\n\r\n\r\n\r\n\r\n\r\n\r\n\r\n\r\n\r\n\r\n\r\n\r\n3\r\n.', NULL, 'نص', 0, 5, 0, 0, 0, '2025-03-09 19:40:38', '2025-04-02 22:27:29'),
(9, 3, '0', NULL, 'نص', 0, 5, 0, 0, 0, '2025-03-09 19:42:03', '2025-04-02 22:27:28'),
(10, 1, '55555', NULL, 'نص', 0, 5, 0, 0, 0, '2025-03-09 19:43:46', '2025-04-02 22:27:28'),
(11, 3, 'تحقق', NULL, 'نص', 0, 6, 0, 0, 0, '2025-03-10 02:58:47', '2025-04-02 22:27:27'),
(12, 3, 'قائمة', 'uploads/posts/707094976.jpeg', 'صورة', 0, 6, 1, 0, 0, '2025-03-10 03:00:12', '2025-04-02 22:27:24'),
(13, 1, 'اعضاء فريق IOT \r\n\r\n\r\nعرفات عارف عبدالله حوشبة', 'uploads/posts/678198626.png', 'صورة', 0, 6, 0, 0, 0, '2025-03-10 03:08:56', '2025-04-02 22:27:24'),
(14, 1, 'asdjhfuiasdv', 'uploads/posts/254370278.png', 'صورة', 0, 3, 0, 0, 1, '2025-03-10 05:00:08', '2025-03-11 16:58:52'),
(15, 3, 'المنزل الذكى \r\n\r\n\r\n\r\n\r\nفي مشروع انترنت الاشياء', 'uploads/posts/556723521.png', 'صورة', 0, 6, 0, 0, 0, '2025-03-10 05:19:07', '2025-04-02 22:27:23'),
(16, 2, 'كلية الحاسبات و المعلومات \r\n\r\n\r\n\r\n\r\nتضم اكثر من 1000 طالب\r\n\r\n.', 'uploads/posts/445795107.png', 'صورة', 0, 6, 2, 0, 0, '2025-03-10 05:22:46', '2025-04-02 22:27:19'),
(17, 3, '1996', 'uploads/posts/327283175.png', 'صورة', 0, 6, 0, 2, 0, '2025-03-10 05:26:14', '2025-04-02 22:27:16'),
(18, 2, '564', NULL, 'نص', 0, 6, 0, 0, 0, '2025-03-10 05:33:51', '2025-04-02 22:27:16'),
(19, 1, '.............\r\n0\r\n0\r\n0\r\n.......', 'uploads/posts/694713214.png', 'صورة', 0, 3, 0, 1, 1, '2025-03-10 05:59:28', '2025-03-11 16:56:30'),
(20, 1, 'تجربة فيديو', 'uploads/posts/317827536.MP4', 'فيديو', 5210205, 4, 0, 3, 1, '2025-03-10 08:43:19', '2025-03-11 17:00:15'),
(21, 1, 'pdf', 'uploads/posts/425832582.pdf', 'ملف', 0, 7, 1, 1, 0, '2025-03-10 08:46:08', '2025-04-02 22:27:15'),
(22, 1, 'سبحان الله \r\nسمكة البيتا هي نوع من الأسماك من فصيلة الماكروبود.', 'uploads/posts/646908990.mp4', 'فيديو', 5210205, 4, 2, 3, 1, '2025-03-10 08:52:59', '2025-03-11 17:00:02'),
(23, 1, '000', 'uploads/posts/137077779.MP4', 'فيديو', 5210205, 4, 1, 2, 1, '2025-03-10 09:29:39', '2025-03-11 16:59:55'),
(24, 1, '[],g', 'uploads/posts/285548437.pdf', 'ملف', 0, 7, 1, 3, 0, '2025-03-10 09:30:28', '2025-04-02 22:27:15'),
(25, 1, 'هذا اللي ينفع يروح معك البر يجمع الحطب 😅🏃‍♂️', 'uploads/posts/782486366.mp4', 'فيديو', 5210205, 4, 2, 7, 1, '2025-03-10 13:45:34', '2025-03-11 16:56:11'),
(26, 3, 'تجربة الوقت و التاريخ', NULL, 'نص', 0, 7, 2, 1, 0, '2025-03-10 22:42:36', '2025-04-02 22:27:15'),
(27, 1, 'Yotta Soft Logo', 'uploads/posts/113172761.png', 'صورة', 0, 3, 3, 2, 1, '2025-03-11 08:07:58', '2025-03-11 16:19:49'),
(28, 3, 'تجربة بعد اضافة حذف المنشور', NULL, 'نص', 0, 2, 0, 0, 1, '2025-03-11 16:21:49', '2025-03-11 16:57:35'),
(29, 2, 'رمضان مبارك', NULL, 'نص', 0, 5, 0, 0, 0, '2025-03-11 17:03:18', '2025-04-02 22:27:14'),
(30, 1, 'عكس المنشورات', NULL, 'نص', 0, 5, 0, 0, 0, '2025-03-11 17:09:28', '2025-04-02 22:27:14'),
(31, 3, 'تم', NULL, 'نص', 0, 5, 0, 0, 0, '2025-03-11 17:09:42', '2025-04-02 22:27:14'),
(32, 2, 'خلفية الهاتف حاليا', 'uploads/posts/163253196.jpeg', 'صورة', 0, 6, 0, 1, 0, '2025-03-19 14:57:52', '2025-04-02 22:27:13'),
(33, 2, '2019115', 'uploads/posts/754561593.gif', 'صورة', 0, 8, 0, 0, 0, '2025-03-19 14:58:23', '2025-04-03 15:47:14'),
(34, 2, '20112', 'uploads/posts/656129903.sql', 'ملف', 0, 3, 0, 0, 1, '2025-03-19 14:58:39', '2025-03-21 16:19:16'),
(35, 8, 'هلا مرحبا', NULL, 'نص', 0, 6, 0, 1, 0, '2025-03-25 14:52:59', '2025-04-03 15:47:14'),
(36, 9, '0', NULL, 'نص', 0, 4, 0, 0, 0, '2025-03-30 13:21:08', '2025-04-03 15:47:14'),
(37, 9, 'print_r($_SESSION)', NULL, 'نص', 0, 4, 0, 1, 0, '2025-03-30 13:21:27', '2025-04-03 15:47:15'),
(38, 9, '<?php print_r($_SESSION);?>', NULL, 'نص', 0, 3, 0, 0, 0, '2025-03-30 13:22:34', '2025-04-02 22:13:05'),
(39, 9, '<?php print_r($posts);?>', NULL, 'نص', 0, 3, 0, 0, 0, '2025-03-30 13:23:47', '2025-04-02 22:12:15'),
(40, 9, '0', 'uploads/posts/862401052.php', 'ملف', 1024, 3, 0, 1, 0, '2025-03-30 13:24:59', '2025-04-02 22:12:14'),
(41, 9, '0', 'uploads/posts/525334163.php', 'ملف', 1024, 3, 0, 1, 0, '2025-03-30 13:27:23', '2025-04-02 22:12:13'),
(42, 10, 'عرفات حوشبة', NULL, 'نص', 0, 2, 0, 0, 0, '2025-03-30 19:30:16', '2025-04-02 22:11:15'),
(43, 10, 'كلية الهندسة', 'uploads/posts/865243458.png', 'صورة', 0, 3, 0, 0, 0, '2025-03-31 20:48:32', '2025-04-02 22:56:50'),
(44, 10, 'كود بطاقة اختباراتي\r\n\r\n\r\nالله يعين 🫠😮‍💨😓', 'uploads/posts/567871608.jpg', 'صورة', 0, 3, 0, 4, 0, '2025-04-02 22:10:21', '2025-04-02 23:25:31'),
(45, 10, 'تجربة', NULL, 'نص', 0, 4, 1, 0, 0, '2025-04-02 22:14:03', '2025-04-03 15:47:15'),
(46, 10, 'تجربة رفع ملف كبير', 'uploads/posts/502054950.mp4', 'فيديو', 5210205, 4, 1, 2, 0, '2025-04-02 22:14:50', '2025-04-03 15:14:46'),
(47, 10, 'هههه', NULL, '', 0, 4, 3, 4, 0, '2025-04-02 22:56:42', '2025-04-03 15:14:46'),
(48, 10, 'موقع', 'uploads/posts/402706046.html', 'ملف', 0, 4, 0, 0, 0, '2025-04-03 15:11:08', '2025-04-03 22:06:53'),
(49, 14, 'Hhh', 'uploads/posts/191538665.json', 'ملف', 32859, 4, 1, 1, 0, '2025-04-03 15:15:14', '2025-04-03 22:06:51'),
(50, 14, 'هههه', NULL, '', 0, 4, 0, 0, 0, '2025-04-03 15:15:45', '2025-04-03 22:06:51'),
(51, 12, 'ج', 'uploads/posts/225145575.png', 'نص', 529, 2, 0, 0, 0, '2025-04-03 21:28:19', '2025-04-03 22:06:51'),
(52, 12, 'جججج', NULL, '', 0, 1, 0, 0, 1, '2025-04-03 21:28:51', '2025-04-03 21:35:51'),
(53, 1, 'v', 'uploads/posts/764880292.png', 'صورة', 1410181, 1, 0, 0, 0, '2025-04-03 22:08:01', '2025-04-03 22:08:08'),
(54, 1, '0', 'uploads/posts/528429706.png', 'صورة', 1410181, 1, 0, 0, 0, '2025-04-03 22:17:18', '2025-04-03 22:17:23'),
(55, 1, '0000', 'uploads/posts/748030540.png', 'صورة', 117162, 1, 0, 0, 0, '2025-04-03 22:17:33', '2025-04-03 22:17:35'),
(56, 1, '0000', 'uploads/posts/193187590.jpg', 'صورة', 459452, 2, 0, 0, 0, '2025-04-03 22:17:45', '2025-04-06 10:28:54'),
(57, 1, '00', 'uploads/posts/279117481.jpg', 'صورة', 75780, 2, 0, 0, 0, '2025-04-03 22:17:55', '2025-04-06 10:28:42'),
(58, 1, '0', 'uploads/posts/792710992.sql', 'نص', 12846, 1, 0, 0, 0, '2025-04-03 22:18:12', '2025-04-06 10:28:42'),
(59, 1, '00', 'uploads/posts/137465757.mp4', 'فيديو', 1726867, 3, 0, 0, 0, '2025-04-03 22:18:30', '2025-04-10 19:48:47'),
(60, 19, 'صورة', 'uploads/posts/760985052.jpg', 'صورة', 6594268, 3, 0, 0, 0, '2025-04-05 17:02:32', '2025-04-10 19:55:48'),
(61, 20, '(●\'◡\'●)', 'uploads/posts/379281079.jpg', 'صورة', 2713696, 4, 0, 0, 0, '2025-04-05 17:05:57', '2025-04-13 09:30:46'),
(62, 29, '👨🏼', NULL, 'نص', 0, 3, 0, 1, 0, '2025-04-10 19:48:08', '2025-04-13 09:30:46'),
(63, 29, '0', 'uploads/posts/181490597.gif', 'صورة', 2777662, 3, 0, 0, 0, '2025-04-10 19:51:38', '2025-04-13 09:30:45');

-- --------------------------------------------------------

--
-- Table structure for table `read_receipts`
--

DROP TABLE IF EXISTS `read_receipts`;
CREATE TABLE IF NOT EXISTS `read_receipts` (
  `id` bigint UNSIGNED NOT NULL AUTO_INCREMENT,
  `message_id` bigint UNSIGNED NOT NULL,
  `user_id` bigint UNSIGNED NOT NULL,
  `is_read` tinyint(1) NOT NULL DEFAULT '0',
  `created_at` timestamp NULL DEFAULT NULL,
  `updated_at` timestamp NULL DEFAULT NULL,
  PRIMARY KEY (`id`),
  KEY `read_receipts_message_id_foreign` (`message_id`),
  KEY `read_receipts_user_id_foreign` (`user_id`)
) ENGINE=MyISAM DEFAULT CHARSET=utf8mb4 COLLATE=utf8mb4_unicode_ci;

-- --------------------------------------------------------

--
-- Table structure for table `reports`
--

DROP TABLE IF EXISTS `reports`;
CREATE TABLE IF NOT EXISTS `reports` (
  `id` bigint UNSIGNED NOT NULL AUTO_INCREMENT,
  `student_id` bigint UNSIGNED NOT NULL,
  `teacher_id` bigint UNSIGNED NOT NULL,
  `title` varchar(191) COLLATE utf8mb4_unicode_ci NOT NULL,
  `content` text COLLATE utf8mb4_unicode_ci NOT NULL,
  `file_url` varchar(191) COLLATE utf8mb4_unicode_ci DEFAULT NULL,
  `submission_date` date DEFAULT NULL,
  `is_read` tinyint(1) NOT NULL DEFAULT '0',
  `created_at` timestamp NULL DEFAULT NULL,
  `updated_at` timestamp NULL DEFAULT NULL,
  PRIMARY KEY (`id`),
  KEY `reports_student_id_foreign` (`student_id`),
  KEY `reports_teacher_id_foreign` (`teacher_id`)
) ENGINE=MyISAM DEFAULT CHARSET=utf8mb4 COLLATE=utf8mb4_unicode_ci;

-- --------------------------------------------------------

--
-- Table structure for table `roles`
--

DROP TABLE IF EXISTS `roles`;
CREATE TABLE IF NOT EXISTS `roles` (
  `id` bigint UNSIGNED NOT NULL AUTO_INCREMENT,
  `name` varchar(191) COLLATE utf8mb4_unicode_ci NOT NULL,
  `type` enum('مشرف','معلم','طالب') COLLATE utf8mb4_unicode_ci NOT NULL DEFAULT 'مشرف',
  `description` text COLLATE utf8mb4_unicode_ci,
  `created_at` timestamp NULL DEFAULT NULL,
  `updated_at` timestamp NULL DEFAULT NULL,
  PRIMARY KEY (`id`),
  UNIQUE KEY `roles_name_unique` (`name`)
) ENGINE=MyISAM AUTO_INCREMENT=10 DEFAULT CHARSET=utf8mb4 COLLATE=utf8mb4_unicode_ci;

--
-- Dumping data for table `roles`
--

INSERT INTO `roles` (`id`, `name`, `type`, `description`, `created_at`, `updated_at`) VALUES
(1, 'المشرف العام', 'مشرف', 'يشرف على النظام والصلاحيات العامة', '2025-04-05 17:44:21', '2025-04-05 17:44:21'),
(2, 'مشرف', 'مشرف', 'يشرف على إدارة جزء معين من النظام', '2025-04-05 17:44:21', '2025-04-05 17:44:21'),
(3, 'معلم', 'معلم', 'معلم ومشرف على فصل دراسي أو أكثر', '2025-04-05 17:44:21', '2025-04-05 17:44:21'),
(4, 'طالب', 'طالب', 'طالب يتبع لكلية وقسم معين', '2025-04-05 17:44:21', '2025-04-05 17:44:21'),
(5, 'عميد كلية', 'معلم', 'يشرف على الكلية وأقسامها', '2025-04-05 17:44:21', '2025-04-05 17:44:21'),
(6, 'رئيس قسم', 'معلم', 'يشرف على القسم الأكاديمي داخل الكلية', '2025-04-05 17:44:21', '2025-04-05 17:44:21'),
(7, 'مندوب', 'طالب', 'يمثل طلاب القسم أمام الإدارة', '2025-04-05 17:44:21', '2025-04-05 17:44:21'),
(8, 'رئيس اللجنة العلمية', 'طالب', 'يقود اللجنة العلمية الطلابية وينسق الأنشطة الأكاديمية للطلاب', '2025-04-06 09:11:54', '2025-04-06 09:11:54'),
(9, 'عضو اللجنة العلمية', 'طالب', 'يشارك في أنشطة اللجنة العلمية ويدعم المبادرات الأكاديمية للطلاب', '2025-04-06 09:11:54', '2025-04-06 09:11:54');

-- --------------------------------------------------------

--
-- Table structure for table `schedules`
--

DROP TABLE IF EXISTS `schedules`;
CREATE TABLE IF NOT EXISTS `schedules` (
  `id` bigint UNSIGNED NOT NULL AUTO_INCREMENT,
  `department_id` bigint UNSIGNED NOT NULL,
  `level` enum('المستوى الاول','المستوى الثاني','المستوى الثالث','المستوى الرابع','المستوى الخامس','المستوى السادس','المستوى السابع') COLLATE utf8mb4_unicode_ci DEFAULT NULL,
  `term` enum('الاول','الثاني') COLLATE utf8mb4_unicode_ci DEFAULT NULL,
  `academic_year_id` bigint UNSIGNED NOT NULL,
  `schedule` json DEFAULT NULL,
  `created_at` timestamp NULL DEFAULT NULL,
  `updated_at` timestamp NULL DEFAULT NULL,
  PRIMARY KEY (`id`),
  KEY `schedules_department_id_foreign` (`department_id`),
  KEY `schedules_academic_year_id_foreign` (`academic_year_id`)
) ENGINE=MyISAM AUTO_INCREMENT=9 DEFAULT CHARSET=utf8mb4 COLLATE=utf8mb4_unicode_ci;

--
-- Dumping data for table `schedules`
--

INSERT INTO `schedules` (`id`, `department_id`, `level`, `term`, `academic_year_id`, `schedule`, `created_at`, `updated_at`) VALUES
(1, 1, 'المستوى الرابع', 'الثاني', 1, '[[{\"hall\": \"\", \"course\": \"\", \"teacher\": \"\"}, {\"hall\": \"1\", \"course\": \"1\", \"teacher\": \"1\"}, {\"hall\": \"\", \"course\": \"\", \"teacher\": \"\"}], [{\"hall\": \"1\", \"course\": \"2\", \"teacher\": \"7\"}, {\"hall\": \"1\", \"course\": \"4\", \"teacher\": \"9\"}, {\"hall\": \"\", \"course\": \"\", \"teacher\": \"\"}], [{\"hall\": \"2\", \"course\": \"1\", \"teacher\": \"8\"}, {\"hall\": \"2\", \"course\": \"1\", \"teacher\": \"8\"}, {\"hall\": \"\", \"course\": \"\", \"teacher\": \"\"}], [{\"hall\": \"\", \"course\": \"\", \"teacher\": \"\"}, {\"hall\": \"1\", \"course\": \"1\", \"teacher\": \"1\"}, {\"hall\": \"\", \"course\": \"\", \"teacher\": \"\"}], [{\"hall\": \"\", \"course\": \"\", \"teacher\": \"\"}, {\"hall\": \"\", \"course\": \"\", \"teacher\": \"\"}, {\"hall\": \"\", \"course\": \"\", \"teacher\": \"\"}], [{\"hall\": \"\", \"course\": \"\", \"teacher\": \"\"}, {\"hall\": \"\", \"course\": \"\", \"teacher\": \"\"}, {\"hall\": \"\", \"course\": \"\", \"teacher\": \"\"}]]', '2025-03-07 14:43:43', '2025-03-07 14:43:43'),
(2, 1, 'المستوى الثالث', 'الثاني', 1, '[[{\"hall\": \"\", \"course\": \"\", \"teacher\": \"\"}, {\"hall\": \"7\", \"course\": \"5\", \"teacher\": \"2\"}, {\"hall\": \"\", \"course\": \"\", \"teacher\": \"\"}], [{\"hall\": \"8\", \"course\": \"8\", \"teacher\": \"3\"}, {\"hall\": \"\", \"course\": \"\", \"teacher\": \"\"}, {\"hall\": \"\", \"course\": \"\", \"teacher\": \"\"}], [{\"hall\": \"2\", \"course\": \"6\", \"teacher\": \"10\"}, {\"hall\": \"2\", \"course\": \"6\", \"teacher\": \"10\"}, {\"hall\": \"4\", \"course\": \"7\", \"teacher\": \"5\"}], [{\"hall\": \"9\", \"course\": \"7\", \"teacher\": \"11\"}, {\"hall\": \"9\", \"course\": \"7\", \"teacher\": \"11\"}, {\"hall\": \"9\", \"course\": \"7\", \"teacher\": \"11\"}], [{\"hall\": \"9\", \"course\": \"8\", \"teacher\": \"14\"}, {\"hall\": \"9\", \"course\": \"8\", \"teacher\": \"14\"}, {\"hall\": \"9\", \"course\": \"8\", \"teacher\": \"14\"}], [{\"hall\": \"4\", \"course\": \"9\", \"teacher\": \"13\"}, {\"hall\": \"8\", \"course\": \"10\", \"teacher\": \"12\"}, {\"hall\": \"\", \"course\": \"\", \"teacher\": \"\"}]]', '2025-03-08 14:18:10', '2025-03-08 14:18:10'),
(3, 4, 'المستوى الاول', 'الثاني', 1, '[[{\"hall\": \"\", \"course\": \"\", \"teacher\": \"\"}, {\"hall\": \"\", \"course\": \"\", \"teacher\": \"\"}, {\"hall\": \"10\", \"course\": \"12\", \"teacher\": \"15\"}], [{\"hall\": \"11\", \"course\": \"13\", \"teacher\": \"16\"}, {\"hall\": \"11\", \"course\": \"13\", \"teacher\": \"16\"}, {\"hall\": \"\", \"course\": \"\", \"teacher\": \"\"}], [{\"hall\": \"\", \"course\": \"\", \"teacher\": \"\"}, {\"hall\": \"\", \"course\": \"\", \"teacher\": \"\"}, {\"hall\": \"\", \"course\": \"\", \"teacher\": \"\"}], [{\"hall\": \"\", \"course\": \"\", \"teacher\": \"\"}, {\"hall\": \"\", \"course\": \"\", \"teacher\": \"\"}, {\"hall\": \"\", \"course\": \"\", \"teacher\": \"\"}], [{\"hall\": \"\", \"course\": \"\", \"teacher\": \"\"}, {\"hall\": \"12\", \"course\": \"14\", \"teacher\": \"17\"}, {\"hall\": \"12\", \"course\": \"14\", \"teacher\": \"17\"}], [{\"hall\": \"10\", \"course\": \"12\", \"teacher\": \"15\"}, {\"hall\": \"\", \"course\": \"\", \"teacher\": \"\"}, {\"hall\": \"10\", \"course\": \"14\", \"teacher\": \"15\"}]]', '2025-03-09 04:59:06', '2025-03-09 04:59:06'),
(4, 2, 'المستوى الرابع', 'الاول', 1, '[[{\"hall\": \"\", \"course\": \"\", \"teacher\": \"\"}, {\"hall\": \"8\", \"course\": \"16\", \"teacher\": \"7\"}, {\"hall\": \"\", \"course\": \"\", \"teacher\": \"\"}], [{\"hall\": \"3\", \"course\": \"17\", \"teacher\": \"12\"}, {\"hall\": \"\", \"course\": \"\", \"teacher\": \"\"}, {\"hall\": \"\", \"course\": \"\", \"teacher\": \"\"}], [{\"hall\": \"\", \"course\": \"\", \"teacher\": \"\"}, {\"hall\": \"\", \"course\": \"\", \"teacher\": \"\"}, {\"hall\": \"7\", \"course\": \"17\", \"teacher\": \"9\"}], [{\"hall\": \"7\", \"course\": \"17\", \"teacher\": \"12\"}, {\"hall\": \"\", \"course\": \"\", \"teacher\": \"\"}, {\"hall\": \"\", \"course\": \"\", \"teacher\": \"\"}], [{\"hall\": \"\", \"course\": \"\", \"teacher\": \"\"}, {\"hall\": \"\", \"course\": \"\", \"teacher\": \"\"}, {\"hall\": \"\", \"course\": \"\", \"teacher\": \"\"}], [{\"hall\": \"\", \"course\": \"\", \"teacher\": \"\"}, {\"hall\": \"\", \"course\": \"\", \"teacher\": \"\"}, {\"hall\": \"\", \"course\": \"\", \"teacher\": \"\"}]]', '2025-03-10 05:08:49', '2025-03-10 05:08:49'),
(6, 1, 'المستوى الرابع', 'الاول', 2, '[[{\"hall\": \"\", \"course\": \"\", \"teacher\": \"\"}, {\"hall\": \"1\", \"course\": \"11\", \"teacher\": \"1\"}, {\"hall\": \"\", \"course\": \"\", \"teacher\": \"\"}], [{\"hall\": \"\", \"course\": \"\", \"teacher\": \"\"}, {\"hall\": \"\", \"course\": \"\", \"teacher\": \"\"}, {\"hall\": \"1\", \"course\": \"11\", \"teacher\": \"1\"}], [{\"hall\": \"\", \"course\": \"\", \"teacher\": \"\"}, {\"hall\": \"\", \"course\": \"\", \"teacher\": \"\"}, {\"hall\": \"\", \"course\": \"\", \"teacher\": \"\"}], [{\"hall\": \"\", \"course\": \"\", \"teacher\": \"\"}, {\"hall\": \"\", \"course\": \"\", \"teacher\": \"\"}, {\"hall\": \"\", \"course\": \"\", \"teacher\": \"\"}], [{\"hall\": \"\", \"course\": \"\", \"teacher\": \"\"}, {\"hall\": \"\", \"course\": \"\", \"teacher\": \"\"}, {\"hall\": \"\", \"course\": \"\", \"teacher\": \"\"}], [{\"hall\": \"\", \"course\": \"\", \"teacher\": \"\"}, {\"hall\": \"1\", \"course\": \"11\", \"teacher\": \"1\"}, {\"hall\": \"\", \"course\": \"\", \"teacher\": \"\"}]]', '2025-03-25 19:23:38', '2025-03-25 19:23:38'),
(7, 2, 'المستوى الرابع', 'الثاني', 1, '[[{\"hall\": \"\", \"course\": \"\", \"teacher\": \"\"}, {\"hall\": \"1\", \"course\": \"16\", \"teacher\": \"7\"}, {\"hall\": \"\", \"course\": \"\", \"teacher\": \"\"}], [{\"hall\": \"\", \"course\": \"\", \"teacher\": \"\"}, {\"hall\": \"\", \"course\": \"\", \"teacher\": \"\"}, {\"hall\": \"7\", \"course\": \"18\", \"teacher\": \"1\"}], [{\"hall\": \"\", \"course\": \"\", \"teacher\": \"\"}, {\"hall\": \"8\", \"course\": \"17\", \"teacher\": \"1\"}, {\"hall\": \"\", \"course\": \"\", \"teacher\": \"\"}], [{\"hall\": \"\", \"course\": \"\", \"teacher\": \"\"}, {\"hall\": \"\", \"course\": \"\", \"teacher\": \"\"}, {\"hall\": \"\", \"course\": \"\", \"teacher\": \"\"}], [{\"hall\": \"\", \"course\": \"\", \"teacher\": \"\"}, {\"hall\": \"\", \"course\": \"\", \"teacher\": \"\"}, {\"hall\": \"\", \"course\": \"\", \"teacher\": \"\"}], [{\"hall\": \"\", \"course\": \"\", \"teacher\": \"\"}, {\"hall\": \"1\", \"course\": \"17\", \"teacher\": \"1\"}, {\"hall\": \"\", \"course\": \"\", \"teacher\": \"\"}]]', '2025-03-26 14:51:08', '2025-03-26 14:51:08'),
(8, 5, 'المستوى الاول', 'الثاني', 1, '[[{\"hall\": \"\", \"course\": \"\", \"teacher\": \"\"}, {\"hall\": \"6\", \"course\": \"24\", \"teacher\": \"17\"}, {\"hall\": \"\", \"course\": \"\", \"teacher\": \"\"}], [{\"hall\": \"\", \"course\": \"\", \"teacher\": \"\"}, {\"hall\": \"\", \"course\": \"\", \"teacher\": \"\"}, {\"hall\": \"\", \"course\": \"\", \"teacher\": \"\"}], [{\"hall\": \"\", \"course\": \"\", \"teacher\": \"\"}, {\"hall\": \"\", \"course\": \"\", \"teacher\": \"\"}, {\"hall\": \"\", \"course\": \"\", \"teacher\": \"\"}], [{\"hall\": \"\", \"course\": \"\", \"teacher\": \"\"}, {\"hall\": \"\", \"course\": \"\", \"teacher\": \"\"}, {\"hall\": \"\", \"course\": \"\", \"teacher\": \"\"}], [{\"hall\": \"5\", \"course\": \"24\", \"teacher\": \"17\"}, {\"hall\": \"\", \"course\": \"\", \"teacher\": \"\"}, {\"hall\": \"5\", \"course\": \"25\", \"teacher\": \"16\"}], [{\"hall\": \"\", \"course\": \"\", \"teacher\": \"\"}, {\"hall\": \"6\", \"course\": \"26\", \"teacher\": \"15\"}, {\"hall\": \"\", \"course\": \"\", \"teacher\": \"\"}]]', '2025-04-08 21:54:14', '2025-04-08 21:54:14');

-- --------------------------------------------------------

--
-- Table structure for table `sessions`
--

DROP TABLE IF EXISTS `sessions`;
CREATE TABLE IF NOT EXISTS `sessions` (
  `id` varchar(191) COLLATE utf8mb4_unicode_ci NOT NULL,
  `user_id` bigint UNSIGNED DEFAULT NULL,
  `ip_address` varchar(45) COLLATE utf8mb4_unicode_ci DEFAULT NULL,
  `user_agent` text COLLATE utf8mb4_unicode_ci,
  `payload` longtext COLLATE utf8mb4_unicode_ci NOT NULL,
  `last_activity` int NOT NULL,
  PRIMARY KEY (`id`),
  KEY `sessions_user_id_index` (`user_id`),
  KEY `sessions_last_activity_index` (`last_activity`)
) ENGINE=MyISAM DEFAULT CHARSET=utf8mb4 COLLATE=utf8mb4_unicode_ci;

--
-- Dumping data for table `sessions`
--

INSERT INTO `sessions` (`id`, `user_id`, `ip_address`, `user_agent`, `payload`, `last_activity`) VALUES
('1VC7gCkK9OY6zTHYjaTekEffKcje1TYK3N3BbSwu', NULL, '127.0.0.1', 'Mozilla/5.0 (Windows NT 10.0; Win64; x64) AppleWebKit/537.36 (KHTML, like Gecko) Chrome/135.0.0.0 Safari/537.36', 'YToxMjp7czo5OiJfcHJldmlvdXMiO2E6MTp7czozOiJ1cmwiO3M6MjE6Imh0dHA6Ly8xMjcuMC4wLjE6ODAwMCI7fXM6NjoiX2ZsYXNoIjthOjI6e3M6Mzoib2xkIjthOjA6e31zOjM6Im5ldyI7YTowOnt9fXM6NjoiX3Rva2VuIjtzOjQwOiJmdWIyQXZxbGlvRGl5WFJ1M01EOU5NdnlvTllLQzQ3TzdqQXVBMFZnIjtzOjk6InVzZXJfdHlwZSI7czo4OiLZhdi02LHZgSI7czo3OiJ1c2VyX2lkIjtpOjE7czo4OiJ1c2VybmFtZSI7czoyMToi2LnYsdmB2KfYqiDYrdmI2LTYqNipIjtzOjU6ImVtYWlsIjtzOjIwOiJzdXBlcmFkbWluQGdtYWlsLmNvbSI7czo5OiJpbWFnZV91cmwiO3M6MjE6ImltYWdlcy9wcm9maWxlcy8xLmpwZyI7czo3OiJyb2xlX2lkIjtpOjE7czoxMjoicGhvbmVfbnVtYmVyIjtzOjk6Ijc3NzE1MDA4NiI7czoxMToidXNlcl9yZWZfaWQiO047czo5OiJsb2dnZWRfaW4iO2I6MTt9', 1744614791),
('8JpfHv2yXLT6qUFVxDoHrivH37iE4VoyYNbCO8Ic', NULL, '127.0.0.1', 'Mozilla/5.0 (Windows NT 10.0; Win64; x64) AppleWebKit/537.36 (KHTML, like Gecko) Chrome/135.0.0.0 Safari/537.36 Edg/135.0.0.0', 'YToxMzp7czo5OiJfcHJldmlvdXMiO2E6MTp7czozOiJ1cmwiO3M6Mjc6Imh0dHA6Ly8xMjcuMC4wLjE6ODAwMC9sZXZlbCI7fXM6NjoiX2ZsYXNoIjthOjI6e3M6Mzoib2xkIjthOjA6e31zOjM6Im5ldyI7YTowOnt9fXM6NjoiX3Rva2VuIjtzOjQwOiI3SFY5MDFWcndjTVF1a3pVRkU0anllY0tGZU1Od0ZEZTNCeEx0Y2MwIjtzOjk6InVzZXJfdHlwZSI7czo4OiLZhdi52YTZhSI7czo3OiJ1c2VyX2lkIjtpOjg7czo4OiJ1c2VybmFtZSI7czozMDoi2KMu2K8uINio2LTZitixINin2YTZhdmC2KfZhNitIjtzOjU6ImVtYWlsIjtzOjIwOiJiYXNoZWVyNzc3QGdtYWlsLmNvbSI7czo5OiJpbWFnZV91cmwiO3M6MjE6ImltYWdlcy9wcm9maWxlcy84LmpwZyI7czo3OiJyb2xlX2lkIjtpOjI7czoxMjoicGhvbmVfbnVtYmVyIjtzOjk6Ijc3Nzg4ODQ1NCI7czoxMToidXNlcl9yZWZfaWQiO2k6MTtzOjk6ImxvZ2dlZF9pbiI7YjoxO3M6NzoiY29sbGVnZSI7aToxO30=', 1744614243);

-- --------------------------------------------------------

--
-- Table structure for table `students`
--

DROP TABLE IF EXISTS `students`;
CREATE TABLE IF NOT EXISTS `students` (
  `id` bigint UNSIGNED NOT NULL AUTO_INCREMENT,
  `card` varchar(191) COLLATE utf8mb4_unicode_ci NOT NULL,
  `name` varchar(191) COLLATE utf8mb4_unicode_ci NOT NULL,
  `gender` enum('ذكر','انثى') COLLATE utf8mb4_unicode_ci DEFAULT NULL,
  `address` varchar(191) COLLATE utf8mb4_unicode_ci DEFAULT NULL,
  `birth_date` date DEFAULT NULL,
  `enrollment_year` int DEFAULT NULL,
  `department_id` bigint UNSIGNED NOT NULL,
  `level` enum('المستوى الاول','المستوى الثاني','المستوى الثالث','المستوى الرابع','المستوى الخامس','المستوى السادس','المستوى السابع') COLLATE utf8mb4_unicode_ci DEFAULT NULL,
  `active_code` varchar(191) COLLATE utf8mb4_unicode_ci NOT NULL,
  `qualification` enum('الدبلوم','البكالوريوس','الماجستير','الدكتوراه') COLLATE utf8mb4_unicode_ci NOT NULL,
  `is_used` tinyint(1) NOT NULL DEFAULT '0',
  `timeout` datetime DEFAULT NULL,
  `is_login` tinyint(1) NOT NULL DEFAULT '0',
  `created_at` timestamp NULL DEFAULT NULL,
  `updated_at` timestamp NULL DEFAULT NULL,
  PRIMARY KEY (`id`),
  UNIQUE KEY `students_card_unique` (`card`),
  KEY `students_department_id_foreign` (`department_id`)
) ENGINE=MyISAM AUTO_INCREMENT=322 DEFAULT CHARSET=utf8mb4 COLLATE=utf8mb4_unicode_ci;

--
-- Dumping data for table `students`
--

INSERT INTO `students` (`id`, `card`, `name`, `gender`, `address`, `birth_date`, `enrollment_year`, `department_id`, `level`, `active_code`, `qualification`, `is_used`, `timeout`, `is_login`, `created_at`, `updated_at`) VALUES
(1, '2021040002', 'ابتسام نبيل حسن سلامه', 'انثى', NULL, NULL, 2021, 1, 'المستوى الرابع', '2021040002', 'البكالوريوس', 0, NULL, 0, '2025-03-30 17:08:05', '2025-03-30 17:08:05'),
(2, '2021040003', 'ابراهيم عبده محمد علي عيسى', 'ذكر', NULL, NULL, 2021, 1, 'المستوى الرابع', '2021040003', 'البكالوريوس', 1, NULL, 1, '2025-03-30 17:08:05', '2025-03-31 13:59:37'),
(3, '2020040221', 'احمد زيد علي التام', 'ذكر', NULL, NULL, 2021, 1, 'المستوى الرابع', '2020040221', 'البكالوريوس', 0, NULL, 0, '2025-03-30 17:08:05', '2025-03-30 17:08:05'),
(4, '2021040006', 'احمد عبدالله عثمان سعيد حيدر', 'ذكر', NULL, NULL, 2021, 1, 'المستوى الرابع', '2021040006', 'البكالوريوس', 0, NULL, 0, '2025-03-30 17:08:05', '2025-03-30 17:08:05'),
(5, '2020040005', 'احمد عبده محمد المصقري', 'ذكر', NULL, NULL, 2021, 1, 'المستوى الرابع', '2020040005', 'البكالوريوس', 0, NULL, 0, '2025-03-30 17:08:05', '2025-03-30 17:08:05'),
(6, '2021040007', 'احمد قايد محمد عقيل زياد', 'ذكر', NULL, NULL, 2021, 1, 'المستوى الرابع', '2021040007', 'البكالوريوس', 0, NULL, 0, '2025-03-30 17:08:05', '2025-03-30 17:08:05'),
(7, '2021040008', 'احمد محمد عبدالله احمد المصنف', 'ذكر', NULL, NULL, 2021, 1, 'المستوى الرابع', '2021040008', 'البكالوريوس', 0, NULL, 0, '2025-03-30 17:08:05', '2025-03-30 17:08:05'),
(8, '2020040222', 'اسامه اسماعيل عبدالله العزيني', 'ذكر', NULL, NULL, 2021, 1, 'المستوى الرابع', '2020040222', 'البكالوريوس', 0, NULL, 0, '2025-03-30 17:08:05', '2025-03-30 17:08:05'),
(9, '2021040229', 'اسامه زيد علي محمد الحسني', 'ذكر', NULL, NULL, 2021, 1, 'المستوى الرابع', '2021040229', 'البكالوريوس', 0, NULL, 0, '2025-03-30 17:08:05', '2025-03-30 17:08:05'),
(10, '2021040009', 'اسامه سعد علي حسين عيسى', 'ذكر', NULL, NULL, 2021, 1, 'المستوى الرابع', '2021040009', 'البكالوريوس', 0, NULL, 0, '2025-03-30 17:08:05', '2025-03-30 17:08:05'),
(11, '2021040011', 'اسعد محمد حسين القوزعي', 'ذكر', NULL, NULL, 2021, 1, 'المستوى الرابع', '2021040011', 'البكالوريوس', 0, NULL, 0, '2025-03-30 17:08:05', '2025-03-30 17:08:05'),
(12, '2021040012', 'اسماء عبدالجبار محمد علوان', 'انثى', NULL, NULL, 2021, 1, 'المستوى الرابع', '2021040012', 'البكالوريوس', 0, NULL, 0, '2025-03-30 17:08:05', '2025-03-30 17:08:05'),
(13, '2021040013', 'اسماء عبدالقوي محمد الاعرج', 'انثى', NULL, NULL, 2021, 1, 'المستوى الرابع', '2021040013', 'البكالوريوس', 0, NULL, 0, '2025-03-30 17:08:05', '2025-03-30 17:08:05'),
(14, '2021040014', 'اشراق عصام توفيق الفحفه', 'انثى', NULL, NULL, 2021, 1, 'المستوى الرابع', '2021040014', 'البكالوريوس', 0, NULL, 0, '2025-03-30 17:08:05', '2025-03-30 17:08:05'),
(15, '2021040015', 'اشرف غائم احمد مثنى', 'ذكر', NULL, NULL, 2021, 1, 'المستوى الرابع', '2021040015', 'البكالوريوس', 0, NULL, 0, '2025-03-30 17:08:05', '2025-03-30 17:08:05'),
(16, '2020040013', 'اصيل توفيق عبده محمد الرضاع', 'ذكر', NULL, NULL, 2021, 1, 'المستوى الرابع', '2020040013', 'البكالوريوس', 0, NULL, 0, '2025-03-30 17:08:05', '2025-03-30 17:08:05'),
(17, '2021040261', 'اصيل نبيل عبدالقادر صلاح', 'ذكر', NULL, NULL, 2021, 1, 'المستوى الرابع', '2021040261', 'البكالوريوس', 0, NULL, 0, '2025-03-30 17:08:05', '2025-03-30 17:08:05'),
(18, '2021040017', 'اكرم صالح احمد مثنى', 'ذكر', NULL, NULL, 2021, 1, 'المستوى الرابع', '2021040017', 'البكالوريوس', 0, NULL, 0, '2025-03-30 17:08:05', '2025-03-30 17:08:05'),
(19, '2021040262', 'الحسين صالح محمد حرام', 'ذكر', NULL, NULL, 2021, 1, 'المستوى الرابع', '2021040262', 'البكالوريوس', 0, NULL, 0, '2025-03-30 17:08:05', '2025-03-30 17:08:05'),
(20, '2021040263', 'اماني محمد عبدالله الدغار', 'انثى', NULL, NULL, 2021, 1, 'المستوى الرابع', '2021040263', 'البكالوريوس', 0, NULL, 0, '2025-03-30 17:08:05', '2025-03-30 17:08:05'),
(21, '2021040284', 'امكالله عزالدين انس العزائي', 'انثى', NULL, NULL, 2021, 1, 'المستوى الرابع', '2021040284', 'البكالوريوس', 0, NULL, 0, '2025-03-30 17:08:05', '2025-03-30 17:08:05'),
(22, '2021040021', 'امجد محمد مهدوب حمود', 'ذكر', NULL, NULL, 2021, 1, 'المستوى الرابع', '2021040021', 'البكالوريوس', 0, NULL, 0, '2025-03-30 17:08:05', '2025-03-30 17:08:05'),
(23, '2021040288', 'انس احمد محمد مرح', 'ذكر', NULL, NULL, 2021, 1, 'المستوى الرابع', '2021040288', 'البكالوريوس', 0, NULL, 0, '2025-03-30 17:08:05', '2025-03-30 17:08:05'),
(24, '2021040222', 'انور علي يحيى مهدي السناحي', 'ذكر', NULL, NULL, 2021, 1, 'المستوى الرابع', '2021040222', 'البكالوريوس', 0, NULL, 0, '2025-03-30 17:08:05', '2025-03-30 17:08:05'),
(25, '2021040023', 'اوسان جمال علي تاج الدين', 'ذكر', NULL, NULL, 2021, 1, 'المستوى الرابع', '2021040023', 'البكالوريوس', 0, NULL, 0, '2025-03-30 17:08:05', '2025-03-30 17:08:05'),
(26, '2021040024', 'ايمان صالح عبدالله حجر', 'انثى', NULL, NULL, 2021, 1, 'المستوى الرابع', '2021040024', 'البكالوريوس', 0, NULL, 0, '2025-03-30 17:08:05', '2025-03-30 17:08:05'),
(27, '2020040027', 'ايمن احمد صالح حسن الريمي', 'ذكر', NULL, NULL, 2021, 1, 'المستوى الرابع', '2020040027', 'البكالوريوس', 0, NULL, 0, '2025-03-30 17:08:05', '2025-03-30 17:08:05'),
(28, '2019040277', 'ايمن فؤاد احمد علي القاسمي', 'ذكر', NULL, NULL, 2021, 1, 'المستوى الرابع', '2019040277', 'البكالوريوس', 0, NULL, 0, '2025-03-30 17:08:05', '2025-03-30 17:08:05'),
(29, '2021040026', 'ايوب بللا محمد محمد مشرح', 'ذكر', NULL, NULL, 2021, 1, 'المستوى الرابع', '2021040026', 'البكالوريوس', 0, NULL, 0, '2025-03-30 17:08:05', '2025-03-30 17:08:05'),
(30, '2021040027', 'بازل علي احمد محمد عبدالله', 'ذكر', NULL, NULL, 2021, 1, 'المستوى الرابع', '2021040027', 'البكالوريوس', 0, NULL, 0, '2025-03-30 17:08:05', '2025-03-30 17:08:05'),
(31, '2021040029', 'بللا ناصر علي ابوعاطف', 'ذكر', NULL, NULL, 2021, 1, 'المستوى الرابع', '2021040029', 'البكالوريوس', 0, NULL, 0, '2025-03-30 17:08:05', '2025-03-30 17:08:05'),
(32, '2021040265', 'حاتم محمد غالب محمد صالح', 'ذكر', NULL, NULL, 2021, 1, 'المستوى الرابع', '2021040265', 'البكالوريوس', 1, NULL, 1, '2025-03-30 17:08:05', '2025-04-06 09:21:03'),
(33, '2021040285', 'حزام ابراهيم احمد اليافعي', 'ذكر', NULL, NULL, 2021, 1, 'المستوى الرابع', '2021040285', 'البكالوريوس', 0, NULL, 0, '2025-03-30 17:08:05', '2025-03-30 17:08:05'),
(34, '20189919', 'حسن علي صالح دغيش', 'ذكر', NULL, NULL, 2021, 1, 'المستوى الرابع', '20189919', 'البكالوريوس', 0, NULL, 0, '2025-03-30 17:08:05', '2025-03-30 17:08:05'),
(35, '2021040032', 'حمزه يوسف منصور غالب', 'ذكر', NULL, NULL, 2021, 1, 'المستوى الرابع', '2021040032', 'البكالوريوس', 0, NULL, 0, '2025-03-30 17:08:05', '2025-03-30 17:08:05'),
(36, '2021040266', 'حميد عبدالرحمن محمد الفاضلي', 'ذكر', NULL, NULL, 2021, 1, 'المستوى الرابع', '2021040266', 'البكالوريوس', 0, NULL, 0, '2025-03-30 17:08:05', '2025-03-30 17:08:05'),
(37, '2021040267', 'حميد منصور محمد ناصر المجدوب', 'ذكر', NULL, NULL, 2021, 1, 'المستوى الرابع', '2021040267', 'البكالوريوس', 0, NULL, 0, '2025-03-30 17:08:05', '2025-03-30 17:08:05'),
(38, '2021040033', 'حنين محمد علي شجاب', 'انثى', NULL, NULL, 2021, 1, 'المستوى الرابع', '2021040033', 'البكالوريوس', 0, NULL, 0, '2025-03-30 17:08:05', '2025-03-30 17:08:05'),
(39, '2021040241', 'خالد احمد عبدالله صالح', 'ذكر', NULL, NULL, 2021, 1, 'المستوى الرابع', '2021040241', 'البكالوريوس', 0, NULL, 0, '2025-03-30 17:08:05', '2025-03-30 17:08:05'),
(40, '2021040034', 'خالد بن الوليد بحبي ناصر البخيتي', 'ذكر', NULL, NULL, 2021, 1, 'المستوى الرابع', '2021040034', 'البكالوريوس', 0, NULL, 0, '2025-03-30 17:08:05', '2025-03-30 17:08:05'),
(41, '2020040038', 'خالد وليد محمد علوي ربيد', 'ذكر', NULL, NULL, 2021, 1, 'المستوى الرابع', '2020040038', 'البكالوريوس', 0, NULL, 0, '2025-03-30 17:08:05', '2025-03-30 17:08:05'),
(42, '2019050244', 'رضوان قايد محمد السبعوري', 'ذكر', NULL, NULL, 2021, 1, 'المستوى الرابع', '2019050244', 'البكالوريوس', 0, NULL, 0, '2025-03-30 17:08:05', '2025-03-30 17:08:05'),
(43, '2021040036', 'رعد صالح احمد القوياتي', 'ذكر', NULL, NULL, 2021, 1, 'المستوى الرابع', '2021040036', 'البكالوريوس', 0, NULL, 0, '2025-03-30 17:08:05', '2025-03-30 17:08:05'),
(44, '2021040037', 'رفيع محمد مطيع السدعي', 'ذكر', NULL, NULL, 2021, 1, 'المستوى الرابع', '2021040037', 'البكالوريوس', 0, NULL, 0, '2025-03-30 17:08:05', '2025-03-30 17:08:05'),
(45, '2021040268', 'رقية احمد صالح العستوت', 'انثى', NULL, NULL, 2021, 1, 'المستوى الرابع', '2021040268', 'البكالوريوس', 0, NULL, 0, '2025-03-30 17:08:05', '2025-03-30 17:08:05'),
(46, '2020040049', 'رمزي حزام ثابت الطاهوش', 'ذكر', NULL, NULL, 2021, 1, 'المستوى الرابع', '2020040049', 'البكالوريوس', 0, NULL, 0, '2025-03-30 17:08:05', '2025-03-30 17:08:05'),
(47, '2021040038', 'ريان عبدالولي عبدربه احمد زياد', 'ذكر', NULL, NULL, 2021, 1, 'المستوى الرابع', '2021040038', 'البكالوريوس', 0, NULL, 0, '2025-03-30 17:08:05', '2025-03-30 17:08:05'),
(48, '2018190523', 'ريم عبده احمد راجح', 'انثى', NULL, NULL, 2021, 1, 'المستوى الرابع', '2018190523', 'البكالوريوس', 0, NULL, 0, '2025-03-30 17:08:05', '2025-03-30 17:08:05'),
(49, '2021040231', 'زين الله بحبي عبدالله صالح', 'ذكر', NULL, NULL, 2021, 1, 'المستوى الرابع', '2021040231', 'البكالوريوس', 0, NULL, 0, '2025-03-30 17:08:05', '2025-03-30 17:08:05'),
(50, '2021040042', 'زين علي عوض علي', 'ذكر', NULL, NULL, 2021, 1, 'المستوى الرابع', '2021040042', 'البكالوريوس', 0, NULL, 0, '2025-03-30 17:08:05', '2025-03-30 17:08:05'),
(51, '2021040043', 'سارة عبدالكريم بحبي السماوي', 'انثى', NULL, NULL, 2021, 1, 'المستوى الرابع', '2021040043', 'البكالوريوس', 0, NULL, 0, '2025-03-30 17:08:06', '2025-03-30 17:08:06'),
(52, '2021040044', 'سامي عبدالحميد صالح المنصوب', 'ذكر', NULL, NULL, 2021, 1, 'المستوى الرابع', '2021040044', 'البكالوريوس', 0, NULL, 0, '2025-03-30 17:08:06', '2025-03-30 17:08:06'),
(53, '2021040045', 'سرمد احمد عبدالرزاق احمد', 'ذكر', NULL, NULL, 2021, 1, 'المستوى الرابع', '2021040045', 'البكالوريوس', 0, NULL, 0, '2025-03-30 17:08:06', '2025-03-30 17:08:06'),
(54, '2021040046', 'سفيان محمد محمد احمد الغيسي', 'ذكر', NULL, NULL, 2021, 1, 'المستوى الرابع', '2021040046', 'البكالوريوس', 0, NULL, 0, '2025-03-30 17:08:06', '2025-03-30 17:08:06'),
(55, '2021040047', 'سلطان محمد صالح عبدالله الخيل', 'ذكر', NULL, NULL, 2021, 1, 'المستوى الرابع', '2021040047', 'البكالوريوس', 1, NULL, 1, '2025-03-30 17:08:06', '2025-04-01 15:02:46'),
(56, '2020040053', 'سليم احمد سعد احمد المصقري', 'ذكر', NULL, NULL, 2021, 1, 'المستوى الرابع', '2020040053', 'البكالوريوس', 0, NULL, 0, '2025-03-30 17:08:06', '2025-03-30 17:08:06'),
(57, '2021040049', 'سليم حسين ناصر احمد', 'ذكر', NULL, NULL, 2021, 1, 'المستوى الرابع', '2021040049', 'البكالوريوس', 0, NULL, 0, '2025-03-30 17:08:06', '2025-03-30 17:08:06'),
(58, '2021040050', 'سيف احمد عزي بركات', 'ذكر', NULL, NULL, 2021, 1, 'المستوى الرابع', '8871645', 'البكالوريوس', 1, '2025-04-09 13:01:17', 1, '2025-03-30 17:08:06', '2025-04-08 10:01:17'),
(59, '2019040139', 'شرف الدين محمد احمد عقه', 'ذكر', NULL, NULL, 2021, 1, 'المستوى الرابع', '2019040139', 'البكالوريوس', 0, NULL, 0, '2025-03-30 17:08:06', '2025-03-30 17:08:06'),
(60, '2020050367', 'شهد عتيق علي حيدر', 'انثى', NULL, NULL, 2021, 1, 'المستوى الرابع', '2020050367', 'البكالوريوس', 0, NULL, 0, '2025-03-30 17:08:06', '2025-03-30 17:08:06'),
(61, '2021040052', 'صديق فرحان عبدالشكور الشرعبي', 'ذكر', NULL, NULL, 2021, 1, 'المستوى الرابع', '2021040052', 'البكالوريوس', 0, NULL, 0, '2025-03-30 17:08:06', '2025-03-30 17:08:06'),
(62, '2020040283', 'طه احمد علي المجاهد', 'ذكر', NULL, NULL, 2021, 1, 'المستوى الرابع', '2020040283', 'البكالوريوس', 0, NULL, 0, '2025-03-30 17:08:06', '2025-03-30 17:08:06'),
(63, '2020040251', 'عاد علي معاذ حسن الكبودي', 'ذكر', NULL, NULL, 2021, 1, 'المستوى الرابع', '2020040251', 'البكالوريوس', 0, NULL, 0, '2025-03-30 17:08:06', '2025-03-30 17:08:06'),
(64, '2021040055', 'عبداﻻله احمد علي الصهيبي', 'ذكر', NULL, NULL, 2021, 1, 'المستوى الرابع', '2021040055', 'البكالوريوس', 0, NULL, 0, '2025-03-30 17:08:06', '2025-03-30 17:08:06'),
(65, '2021040249', 'عبداﻻله عبده ثابت احمد الشامي', 'ذكر', NULL, NULL, 2021, 1, 'المستوى الرابع', '2021040249', 'البكالوريوس', 0, NULL, 0, '2025-03-30 17:08:06', '2025-03-30 17:08:06'),
(66, '2021040250', 'عبدالحفيظ علي احمد مهدي السماوي', 'ذكر', NULL, NULL, 2021, 1, 'المستوى الرابع', '2021040250', 'البكالوريوس', 0, NULL, 0, '2025-03-30 17:08:06', '2025-03-30 17:08:06'),
(67, '2021040058', 'عبدالرحمن صادق علي محمد ضوره  ', 'ذكر', NULL, NULL, 2021, 1, 'المستوى الرابع', '2021040058', 'البكالوريوس', 0, NULL, 0, '2025-03-30 17:08:06', '2025-03-30 17:08:06'),
(68, '2021040168', 'عبدالرحمن محمد حسن مرعي', 'ذكر', NULL, NULL, 2021, 1, 'المستوى الرابع', '2021040168', 'البكالوريوس', 0, NULL, 0, '2025-03-30 17:08:06', '2025-03-30 17:08:06'),
(69, '2021040283', 'عبدالرحمن محمد مطهر صالح خالد', 'ذكر', NULL, NULL, 2021, 1, 'المستوى الرابع', '2021040283', 'البكالوريوس', 0, NULL, 0, '2025-03-30 17:08:06', '2025-03-30 17:08:06'),
(70, '2021040059', 'عبدالرحمن يحيى علي مشرح', 'ذكر', NULL, NULL, 2021, 1, 'المستوى الرابع', '2021040059', 'البكالوريوس', 0, NULL, 0, '2025-03-30 17:08:06', '2025-03-30 17:08:06'),
(71, '2021040251', 'عبدالرحيم محمد غالب محمد الضيباني', 'ذكر', NULL, NULL, 2021, 1, 'المستوى الرابع', '2021040251', 'البكالوريوس', 0, NULL, 0, '2025-03-30 17:08:06', '2025-03-30 17:08:06'),
(72, '2021040060', 'عبدالرزاق محمد علي عمران', 'ذكر', NULL, NULL, 2021, 1, 'المستوى الرابع', '2021040060', 'البكالوريوس', 0, NULL, 0, '2025-03-30 17:08:06', '2025-03-30 17:08:06'),
(73, '2021040061', 'عبدالسلام حاتم علي الكرمدي', 'ذكر', NULL, NULL, 2021, 1, 'المستوى الرابع', '2021040061', 'البكالوريوس', 0, NULL, 0, '2025-03-30 17:08:06', '2025-03-30 17:08:06'),
(74, '2021040282', 'عبدالكريم احمد محمد صالح القيسي', 'ذكر', NULL, NULL, 2021, 1, 'المستوى الرابع', '2021040282', 'البكالوريوس', 0, NULL, 0, '2025-03-30 17:08:06', '2025-03-30 17:08:06'),
(75, '2021040063', 'عبدالله احمد عبده قايد', 'ذكر', NULL, NULL, 2021, 1, 'المستوى الرابع', '2021040063', 'البكالوريوس', 0, NULL, 0, '2025-03-30 17:08:06', '2025-03-30 17:08:06'),
(76, '2020040069', 'عبدالله احمد محمد النشاد', 'ذكر', NULL, NULL, 2021, 1, 'المستوى الرابع', '2020040069', 'البكالوريوس', 0, NULL, 0, '2025-03-30 17:08:06', '2025-03-30 17:08:06'),
(77, '2020040070', 'عبدالله عبدالكريم عبدالله محمد الديلمي', 'ذكر', NULL, NULL, 2021, 1, 'المستوى الرابع', '2020040070', 'البكالوريوس', 0, NULL, 0, '2025-03-30 17:08:06', '2025-03-30 17:08:06'),
(78, '2021040064', 'عبدالله عبدالله مهدي حنش', 'ذكر', NULL, NULL, 2021, 1, 'المستوى الرابع', '2021040064', 'البكالوريوس', 0, NULL, 0, '2025-03-30 17:08:06', '2025-03-30 17:08:06'),
(79, '2021040252', 'عبدالله فتح الدين محمد حاتم', 'ذكر', NULL, NULL, 2021, 1, 'المستوى الرابع', '2021040252', 'البكالوريوس', 0, NULL, 0, '2025-03-30 17:08:06', '2025-03-30 17:08:06'),
(80, '2021040253', 'عبدالله نشطان خالد عبده الهتاري', 'ذكر', NULL, NULL, 2021, 1, 'المستوى الرابع', '2021040253', 'البكالوريوس', 0, NULL, 0, '2025-03-30 17:08:06', '2025-03-30 17:08:06'),
(81, '2019040227', 'عبدالمجيد عبدالله احمد صالح النقيب', 'ذكر', NULL, NULL, 2021, 1, 'المستوى الرابع', '2019040227', 'البكالوريوس', 0, NULL, 0, '2025-03-30 17:08:06', '2025-03-30 17:08:06'),
(82, '2021040065', 'عبدالمجيد عبدالله علي الخولاني', 'ذكر', NULL, NULL, 2021, 1, 'المستوى الرابع', '2021040065', 'البكالوريوس', 0, NULL, 0, '2025-03-30 17:08:06', '2025-03-30 17:08:06'),
(83, '2021040067', 'عبدالوكيل عباس عبدالله الخضر', 'ذكر', NULL, NULL, 2021, 1, 'المستوى الرابع', '2021040067', 'البكالوريوس', 0, NULL, 0, '2025-03-30 17:08:06', '2025-03-30 17:08:06'),
(84, '2021040069', 'عبدالوهاب عادل صالح محمد حسان', 'ذكر', NULL, NULL, 2021, 1, 'المستوى الرابع', '2021040069', 'البكالوريوس', 0, NULL, 0, '2025-03-30 17:08:06', '2025-03-30 17:08:06'),
(85, '2021040070', 'عرفات عارف عبدالله حوشية', 'ذكر', 'تعز -الراهدة', '2001-08-22', 2021, 1, 'المستوى الرابع', '2021040070', 'البكالوريوس', 1, NULL, 1, '2025-03-30 17:08:06', '2025-03-31 18:52:29'),
(86, '2021040071', 'عزالدين عبده احمد علي البحري', 'ذكر', NULL, NULL, 2021, 1, 'المستوى الرابع', '2021040071', 'البكالوريوس', 0, NULL, 0, '2025-03-30 17:08:06', '2025-03-30 17:08:06'),
(87, '2019040222', 'عصام محمد احمد محمد القرني', 'ذكر', NULL, NULL, 2021, 1, 'المستوى الرابع', '2019040222', 'البكالوريوس', 0, NULL, 0, '2025-03-30 17:08:06', '2025-03-30 17:08:06'),
(88, '2021040073', 'علا حسن صالح محمد العبسي', 'انثى', NULL, NULL, 2021, 1, 'المستوى الرابع', '2021040073', 'البكالوريوس', 0, NULL, 0, '2025-03-30 17:08:06', '2025-03-30 17:08:06'),
(89, '2021040074', 'علوية حسن صالح العيسي', 'انثى', NULL, NULL, 2021, 1, 'المستوى الرابع', '2021040074', 'البكالوريوس', 0, NULL, 0, '2025-03-30 17:08:06', '2025-03-30 17:08:06'),
(90, '2021040075', 'علي خالد علي سالم الربيعان', 'ذكر', NULL, NULL, 2021, 1, 'المستوى الرابع', '2021040075', 'البكالوريوس', 0, NULL, 0, '2025-03-30 17:08:06', '2025-03-30 17:08:06'),
(91, '2019040158', 'علي صالح محمد القمري', 'ذكر', NULL, NULL, 2021, 1, 'المستوى الرابع', '2019040158', 'البكالوريوس', 0, NULL, 0, '2025-03-30 17:08:06', '2025-03-30 17:08:06'),
(92, '2021040234', 'علي مجاهد مهدي هادي العفاد', 'ذكر', NULL, NULL, 2021, 1, 'المستوى الرابع', '2021040234', 'البكالوريوس', 0, NULL, 0, '2025-03-30 17:08:06', '2025-03-30 17:08:06'),
(93, '2021040076', 'علياء احمد عبدالله علي الوشلي', 'انثى', NULL, NULL, 2021, 1, 'المستوى الرابع', '2021040076', 'البكالوريوس', 0, NULL, 0, '2025-03-30 17:08:06', '2025-03-30 17:08:06'),
(94, '2021040077', 'عماد عادل علي احمد السنباني', 'ذكر', NULL, NULL, 2021, 1, 'المستوى الرابع', '2021040077', 'البكالوريوس', 0, NULL, 0, '2025-03-30 17:08:06', '2025-03-30 17:08:06'),
(95, '2021040255', 'عمادالدين رياض صالح مهدي المنصوب', 'ذكر', NULL, NULL, 2021, 1, 'المستوى الرابع', '2021040255', 'البكالوريوس', 1, NULL, 1, '2025-03-30 17:08:06', '2025-04-01 15:11:46'),
(96, '2020040082', 'عمار علي علي السماوي', 'ذكر', NULL, NULL, 2021, 1, 'المستوى الرابع', '2020040082', 'البكالوريوس', 0, NULL, 0, '2025-03-30 17:08:06', '2025-03-30 17:08:06'),
(97, '2021040078', 'عمر احمد عثمان علي', 'ذكر', NULL, NULL, 2021, 1, 'المستوى الرابع', '2021040078', 'البكالوريوس', 0, NULL, 0, '2025-03-30 17:08:06', '2025-03-30 17:08:06'),
(98, '2021040079', 'عمر عبده محمد جارالله العسكري', 'ذكر', NULL, NULL, 2021, 1, 'المستوى الرابع', '2021040079', 'البكالوريوس', 0, NULL, 0, '2025-03-30 17:08:06', '2025-03-30 17:08:06'),
(99, '2020040083', 'عمرو عايش سعيد عوض', 'ذكر', NULL, NULL, 2021, 1, 'المستوى الرابع', '2020040083', 'البكالوريوس', 0, NULL, 0, '2025-03-30 17:08:06', '2025-03-30 17:08:06'),
(100, '2020040274', 'عمرو فواز محمد الحبشي', 'ذكر', NULL, NULL, 2021, 1, 'المستوى الرابع', '2020040274', 'البكالوريوس', 0, NULL, 0, '2025-03-30 17:08:06', '2025-03-30 17:08:06'),
(101, '2021040272', 'عمرو قاسم علي محمد القعاري', 'ذكر', NULL, NULL, 2021, 1, 'المستوى الرابع', '2021040272', 'البكالوريوس', 0, NULL, 0, '2025-03-30 17:08:06', '2025-03-30 17:08:06'),
(102, '2021040080', 'عهد بشير علي الكولي', 'انثى', NULL, NULL, 2021, 1, 'المستوى الرابع', '2021040080', 'البكالوريوس', 0, NULL, 0, '2025-03-30 17:08:06', '2025-03-30 17:08:06'),
(103, '2021040081', 'عبسي احمد حسين الجعدبي', 'ذكر', NULL, NULL, 2021, 1, 'المستوى الرابع', '2021040081', 'البكالوريوس', 0, NULL, 0, '2025-03-30 17:08:06', '2025-03-30 17:08:06'),
(104, '2021040236', 'عبسي عمران مقرح سعيد', 'ذكر', NULL, NULL, 2021, 1, 'المستوى الرابع', '2021040236', 'البكالوريوس', 0, NULL, 0, '2025-03-30 17:08:06', '2025-03-30 17:08:06'),
(105, '2019040223', 'فاطمة عبده طاهر عبدالرحمن النهاري', 'انثى', NULL, NULL, 2021, 1, 'المستوى الرابع', '2019040223', 'البكالوريوس', 0, NULL, 0, '2025-03-30 17:08:06', '2025-03-30 17:08:06'),
(106, '2021040083', 'فضل حاتم غالب محمد', 'ذكر', NULL, NULL, 2021, 1, 'المستوى الرابع', '2021040083', 'البكالوريوس', 0, NULL, 0, '2025-03-30 17:08:06', '2025-03-30 17:08:06'),
(107, '2019040161', 'فيصل صالح احمد احمد عيسى', 'ذكر', NULL, NULL, 2021, 1, 'المستوى الرابع', '2019040161', 'البكالوريوس', 0, NULL, 0, '2025-03-30 17:08:06', '2025-03-30 17:08:06'),
(108, '2021040084', 'قناف احمد عبدالله عبدربه المرامي', 'ذكر', NULL, NULL, 2021, 1, 'المستوى الرابع', '2021040084', 'البكالوريوس', 0, NULL, 0, '2025-03-30 17:08:06', '2025-03-30 17:08:06'),
(109, '2021040256', 'لؤي عبدالله احمد عبدالله', 'ذكر', NULL, NULL, 2021, 1, 'المستوى الرابع', '2021040256', 'البكالوريوس', 0, NULL, 0, '2025-03-30 17:08:06', '2025-03-30 17:08:06'),
(110, '2020040196', 'ماجد عبدالله يحيى عبده', 'ذكر', NULL, NULL, 2021, 1, 'المستوى الرابع', '2020040196', 'البكالوريوس', 0, NULL, 0, '2025-03-30 17:08:06', '2025-03-30 17:08:06'),
(111, '2021040257', 'محمد احمد علي محمد صالح', 'ذكر', NULL, NULL, 2021, 1, 'المستوى الرابع', '2021040257', 'البكالوريوس', 0, NULL, 0, '2025-03-30 17:08:06', '2025-03-30 17:08:06'),
(112, '2021040238', 'محمد احمد محمد الرشيدي', 'ذكر', NULL, NULL, 2021, 1, 'المستوى الرابع', '2021040238', 'البكالوريوس', 0, NULL, 0, '2025-03-30 17:08:06', '2025-03-30 17:08:06'),
(113, '2020030202', 'محمد تيسير احمد علي قاسم', 'ذكر', NULL, NULL, 2021, 1, 'المستوى الرابع', '2020030202', 'البكالوريوس', 0, NULL, 0, '2025-03-30 17:08:06', '2025-03-30 17:08:06'),
(114, '2021040086', 'محمد دحان احمد قاسم محرم', 'ذكر', NULL, NULL, 2021, 1, 'المستوى الرابع', '2021040086', 'البكالوريوس', 0, NULL, 0, '2025-03-30 17:08:06', '2025-03-30 17:08:06'),
(115, '2021040242', 'محمد عارف محمد المجهلي', 'ذكر', NULL, NULL, 2021, 1, 'المستوى الرابع', '2021040242', 'البكالوريوس', 0, NULL, 0, '2025-03-30 17:08:06', '2025-03-30 17:08:06'),
(116, '2021040273', 'محمد عبدالرحمن جزام صالح العماري', 'ذكر', NULL, NULL, 2021, 1, 'المستوى الرابع', '2021040273', 'البكالوريوس', 0, NULL, 0, '2025-03-30 17:08:06', '2025-03-30 17:08:06'),
(117, '2020040260', 'محمد عبدالعزيز صالح محمد مصلح', 'ذكر', NULL, NULL, 2021, 1, 'المستوى الرابع', '2020040260', 'البكالوريوس', 0, NULL, 0, '2025-03-30 17:08:06', '2025-03-30 17:08:06'),
(118, '2021040274', 'محمد عبدالكريم حسن ناجي السلامي', 'ذكر', NULL, NULL, 2021, 1, 'المستوى الرابع', '2021040274', 'البكالوريوس', 0, NULL, 0, '2025-03-30 17:08:06', '2025-03-30 17:08:06'),
(119, '2021040275', 'محمد عبدالكريم محمد النهاري', 'ذكر', NULL, NULL, 2021, 1, 'المستوى الرابع', '2021040275', 'البكالوريوس', 0, NULL, 0, '2025-03-30 17:08:06', '2025-03-30 17:08:06'),
(120, '2021040090', 'محمد علي عبدالله علي القرش', 'ذكر', NULL, NULL, 2021, 1, 'المستوى الرابع', '2021040090', 'البكالوريوس', 0, NULL, 0, '2025-03-30 17:08:06', '2025-03-30 17:08:06'),
(121, '2021040091', 'محمد مراد يحيى البخيتي', 'ذكر', NULL, NULL, 2021, 1, 'المستوى الرابع', '2021040091', 'البكالوريوس', 0, NULL, 0, '2025-03-30 17:08:06', '2025-03-30 17:08:06'),
(122, '2021040243', 'محمد منير مقبل عوض العيسى', 'ذكر', NULL, NULL, 2021, 1, 'المستوى الرابع', '2021040243', 'البكالوريوس', 0, NULL, 0, '2025-03-30 17:08:06', '2025-03-30 17:08:06'),
(123, '2021040286', 'مروان عادل ناصر علي شرھان', 'ذكر', NULL, NULL, 2021, 1, 'المستوى الرابع', '2021040286', 'البكالوريوس', 0, NULL, 0, '2025-03-30 17:08:06', '2025-03-30 17:08:06'),
(124, '2021040205', 'مسعد علي مسعد محمد العولقي', 'ذكر', NULL, NULL, 2021, 1, 'المستوى الرابع', '2021040205', 'البكالوريوس', 0, NULL, 0, '2025-03-30 17:08:06', '2025-03-30 17:08:06'),
(125, '2021040287', 'مطرف محمد احمد شقام', 'ذكر', NULL, NULL, 2021, 1, 'المستوى الرابع', '2021040287', 'البكالوريوس', 0, NULL, 0, '2025-03-30 17:08:06', '2025-03-30 17:08:06'),
(126, '2021040223', 'معاذ عبدالسلام حيدر علي الصالحي', 'ذكر', NULL, NULL, 2021, 1, 'المستوى الرابع', '2021040223', 'البكالوريوس', 1, NULL, 1, '2025-03-30 17:08:06', '2025-04-01 15:10:32'),
(127, '2021040094', 'معاذ محمد عبده محمد الذيب', 'ذكر', NULL, NULL, 2021, 1, 'المستوى الرابع', '2021040094', 'البكالوريوس', 0, NULL, 0, '2025-03-30 17:08:06', '2025-03-30 17:08:06'),
(128, '2021040096', 'منال محمد علي الحدي', 'انثى', NULL, NULL, 2021, 1, 'المستوى الرابع', '2021040096', 'البكالوريوس', 0, NULL, 0, '2025-03-30 17:08:06', '2025-03-30 17:08:06'),
(129, '2019040213', 'مهند وھيب حسن عبدالرحمن', 'ذكر', NULL, NULL, 2021, 1, 'المستوى الرابع', '2019040213', 'البكالوريوس', 0, NULL, 0, '2025-03-30 17:08:06', '2025-03-30 17:08:06'),
(130, '2021040098', 'موسى محروز علي صالح الجلال', 'ذكر', NULL, NULL, 2021, 1, 'المستوى الرابع', '2021040098', 'البكالوريوس', 0, NULL, 0, '2025-03-30 17:08:06', '2025-03-30 17:08:06'),
(131, '2021040099', 'ميس احمد محمد زندال', 'انثى', NULL, NULL, 2021, 1, 'المستوى الرابع', '2021040099', 'البكالوريوس', 0, NULL, 0, '2025-03-30 17:08:06', '2025-03-30 17:08:06'),
(132, '2021040258', 'ناظم قيس ناجي قايد الفحفه', 'ذكر', NULL, NULL, 2021, 1, 'المستوى الرابع', '2021040258', 'البكالوريوس', 0, NULL, 0, '2025-03-30 17:08:06', '2025-03-30 17:08:06'),
(133, '2021040259', 'نايف محمد محمد مصلح منيف', 'ذكر', NULL, NULL, 2021, 1, 'المستوى الرابع', '2021040259', 'البكالوريوس', 0, NULL, 0, '2025-03-30 17:08:06', '2025-03-30 17:08:06'),
(134, '2021040240', 'نجم الدين احمد حسين يحيى القعافي', 'ذكر', NULL, NULL, 2021, 1, 'المستوى الرابع', '2021040240', 'البكالوريوس', 0, NULL, 0, '2025-03-30 17:08:06', '2025-03-30 17:08:06'),
(135, '2021040101', 'نصر الدين محمد احمد علي قاسم', 'ذكر', NULL, NULL, 2021, 1, 'المستوى الرابع', '2021040101', 'البكالوريوس', 0, NULL, 0, '2025-03-30 17:08:06', '2025-03-30 17:08:06'),
(136, '2021040102', 'نوال عبدالواسع عبدالله النهاري', 'انثى', NULL, NULL, 2021, 1, 'المستوى الرابع', '2021040102', 'البكالوريوس', 0, NULL, 0, '2025-03-30 17:08:06', '2025-03-30 17:08:06'),
(137, '2021040103', 'نورالعين نبيل مالك العزاني', 'انثى', NULL, NULL, 2021, 1, 'المستوى الرابع', '2021040103', 'البكالوريوس', 0, NULL, 0, '2025-03-30 17:08:06', '2025-03-30 17:08:06'),
(138, '2021040104', 'هارون محمد محمد علي محمد الشويخ', 'ذكر', NULL, NULL, 2021, 1, 'المستوى الرابع', '2021040104', 'البكالوريوس', 0, NULL, 0, '2025-03-30 17:08:06', '2025-03-30 17:08:06'),
(139, '2021040276', 'هديل عبدالسلام مصلح غانم', 'انثى', NULL, NULL, 2021, 1, 'المستوى الرابع', '2021040276', 'البكالوريوس', 0, NULL, 0, '2025-03-30 17:08:06', '2025-03-30 17:08:06'),
(140, '2021040106', 'هديل يحبي محمد احمد المجهلي', 'انثى', NULL, NULL, 2021, 1, 'المستوى الرابع', '2021040106', 'البكالوريوس', 0, NULL, 0, '2025-03-30 17:08:06', '2025-03-30 17:08:06'),
(141, '2021040107', 'هلا عبده هائل سلام نعمان', 'انثى', NULL, NULL, 2021, 1, 'المستوى الرابع', '2021040107', 'البكالوريوس', 0, NULL, 0, '2025-03-30 17:08:06', '2025-03-30 17:08:06'),
(142, '2021040108', 'وجدان بسام عبدالله الهتاري', 'انثى', NULL, NULL, 2021, 1, 'المستوى الرابع', '2021040108', 'البكالوريوس', 0, NULL, 0, '2025-03-30 17:08:06', '2025-03-30 17:08:06'),
(143, '2021040109', 'وجدان نجيب مانع المقدشي', 'انثى', NULL, NULL, 2021, 1, 'المستوى الرابع', '2021040109', 'البكالوريوس', 0, NULL, 0, '2025-03-30 17:08:06', '2025-03-30 17:08:06'),
(144, '2021040277', 'وهيب علي علي سعيد الضيباني', 'ذكر', NULL, NULL, 2021, 1, 'المستوى الرابع', '2021040277', 'البكالوريوس', 0, NULL, 0, '2025-03-30 17:08:06', '2025-03-30 17:08:06'),
(145, '2021040278', 'يحيى عبدالله مانع سعد المقدشي', 'ذكر', NULL, NULL, 2021, 1, 'المستوى الرابع', '2021040278', 'البكالوريوس', 0, NULL, 0, '2025-03-30 17:08:06', '2025-03-30 17:08:06'),
(146, '2021040110', 'يحيى محمد يحبي عباش', 'ذكر', NULL, NULL, 2021, 1, 'المستوى الرابع', '2021040110', 'البكالوريوس', 0, NULL, 0, '2025-03-30 17:08:06', '2025-03-30 17:08:06'),
(147, '2023050001', 'علي محمد أحمد', 'ذكر', NULL, NULL, 2023, 1, 'المستوى الاول', '2023050001', 'البكالوريوس', 1, NULL, 1, '2025-03-30 17:08:06', '2025-04-08 09:26:56'),
(148, '2022050002', 'فاطمة عبدالله حسن', 'انثى', NULL, NULL, 2022, 2, 'المستوى الثاني', '2022050002', 'البكالوريوس', 0, NULL, 0, '2025-03-30 17:08:06', '2025-03-30 17:08:06'),
(149, '2021050003', 'محمد خالد سعيد', 'ذكر', NULL, NULL, 2021, 1, 'المستوى الثالث', '2021050003', 'البكالوريوس', 1, NULL, 1, '2025-03-30 17:08:06', '2025-04-07 22:09:11'),
(150, '2020050004', 'سارة أحمد علي', 'انثى', NULL, NULL, 2020, 2, 'المستوى الرابع', '2020050004', 'البكالوريوس', 0, NULL, 0, '2025-03-30 17:08:06', '2025-03-30 17:08:06'),
(151, '2023050005', 'عبدالله سليمان محمد', 'ذكر', NULL, NULL, 2023, 1, 'المستوى الاول', '2023050005', 'البكالوريوس', 0, NULL, 0, '2025-03-30 17:08:06', '2025-03-30 17:08:06'),
(152, '2022050006', 'ليلى محمود حسن', 'انثى', NULL, NULL, 2022, 2, 'المستوى الثاني', '2022050006', 'البكالوريوس', 0, NULL, 0, '2025-03-30 17:08:06', '2025-03-30 17:08:06'),
(153, '2021050007', 'خالد أحمد علي', 'ذكر', NULL, NULL, 2021, 1, 'المستوى الثالث', '2021050007', 'البكالوريوس', 0, NULL, 0, '2025-03-30 17:08:06', '2025-03-30 17:08:06'),
(154, '2020050008', 'أمل سعيد عبدالله', 'انثى', NULL, NULL, 2020, 2, 'المستوى الرابع', '2020050008', 'البكالوريوس', 0, NULL, 0, '2025-03-30 17:08:06', '2025-03-30 17:08:06'),
(155, '2023050009', 'يوسف محمد حسن', 'ذكر', NULL, NULL, 2023, 1, 'المستوى الاول', '2023050009', 'البكالوريوس', 0, NULL, 0, '2025-03-30 17:08:06', '2025-03-30 17:08:06'),
(156, '2022050010', 'نورا علي سليمان', 'انثى', NULL, NULL, 2022, 2, 'المستوى الثاني', '2022050010', 'البكالوريوس', 0, NULL, 0, '2025-03-30 17:08:06', '2025-03-30 17:08:06'),
(157, '2021020002', 'محمود حسين حسين عيسى', 'ذكر', NULL, NULL, 2021, 3, 'المستوى الثاني', '2021020002', 'البكالوريوس', 0, NULL, 0, '2025-03-30 17:13:14', '2025-03-30 17:13:14'),
(158, '2021030003', 'فاطمة إبراهيم علي المهدي', 'انثى', NULL, NULL, 2021, 1, 'المستوى الثالث', '2021030003', 'البكالوريوس', 0, NULL, 0, '2025-03-30 17:13:14', '2025-03-30 17:13:14'),
(159, '2021020004', 'أحمد مصطفى أحمد سلامه', 'ذكر', NULL, NULL, 2021, 5, 'المستوى الثاني', '2021020004', 'البكالوريوس', 0, NULL, 0, '2025-03-30 17:13:14', '2025-03-30 17:13:14'),
(160, '2021030005', 'أحمد أحمد أحمد الشريف', 'ذكر', NULL, NULL, 2021, 3, 'المستوى الثالث', '2021030005', 'البكالوريوس', 0, NULL, 0, '2025-03-30 17:13:14', '2025-03-30 17:13:14'),
(161, '2021010006', 'هبة محمد مصطفى الشريف', 'انثى', NULL, NULL, 2021, 4, 'المستوى الاول', '2021010006', 'البكالوريوس', 0, NULL, 0, '2025-03-30 17:13:14', '2025-03-30 17:13:14'),
(162, '2021030007', 'إيمان أحمد عبده الشريف', 'انثى', NULL, NULL, 2021, 2, 'المستوى الثالث', '2021030007', 'البكالوريوس', 0, NULL, 0, '2025-03-30 17:13:14', '2025-03-30 17:13:14'),
(163, '2021030008', 'نورا نبيل إبراهيم المهدي', 'انثى', NULL, NULL, 2021, 3, 'المستوى الثالث', '2021030008', 'البكالوريوس', 1, NULL, 1, '2025-03-30 17:13:14', '2025-04-05 16:58:15'),
(164, '2021020010', 'منى حسين علي الزهراني', 'انثى', NULL, NULL, 2021, 3, 'المستوى الثاني', '2021020010', 'البكالوريوس', 0, NULL, 0, '2025-03-30 17:13:14', '2025-03-30 17:13:14'),
(165, '2021020011', 'إيمان مصطفى حسين المهدي', 'انثى', NULL, NULL, 2021, 5, 'المستوى الثاني', '2021020011', 'البكالوريوس', 0, NULL, 0, '2025-03-30 17:13:14', '2025-03-30 17:13:14'),
(166, '2021010012', 'منى عبده مصطفى الشريف', 'انثى', NULL, NULL, 2021, 5, 'المستوى الاول', '2021010012', 'البكالوريوس', 0, NULL, 0, '2025-03-30 17:13:14', '2025-03-30 17:13:14'),
(167, '2021030014', 'محمد أحمد أحمد عيسى', 'ذكر', NULL, NULL, 2021, 1, 'المستوى الثالث', '2021030014', 'البكالوريوس', 0, NULL, 0, '2025-03-30 17:13:14', '2025-03-30 17:13:14'),
(168, '2021040016', 'منى محمد نبيل عيسى', 'انثى', NULL, NULL, 2021, 2, 'المستوى الرابع', '2021040016', 'البكالوريوس', 0, NULL, 0, '2025-03-30 17:13:14', '2025-03-30 17:13:14'),
(169, '2021030017', 'إبراهيم أحمد علي السيد', 'ذكر', NULL, NULL, 2021, 2, 'المستوى الثالث', '2021030017', 'البكالوريوس', 0, NULL, 0, '2025-03-30 17:13:14', '2025-03-30 17:13:14'),
(170, '2021030018', 'سعيد محمد نبيل مراد', 'ذكر', NULL, NULL, 2021, 1, 'المستوى الثالث', '2021030018', 'البكالوريوس', 1, NULL, 1, '2025-03-30 17:13:14', '2025-04-10 22:07:07'),
(171, '2021040019', 'حسن مصطفى محمد مراد', 'ذكر', NULL, NULL, 2021, 5, 'المستوى الرابع', '2021040019', 'البكالوريوس', 0, NULL, 0, '2025-03-30 17:13:14', '2025-03-30 17:13:14'),
(172, '2021010020', 'سعاد حسين عبده السيد', 'انثى', NULL, NULL, 2021, 2, 'المستوى الاول', '2021010020', 'البكالوريوس', 0, NULL, 0, '2025-03-30 17:13:14', '2025-03-30 17:13:14'),
(173, '2021010021', 'سعاد مصطفى علي السيد', 'انثى', NULL, NULL, 2021, 4, 'المستوى الاول', '2021010021', 'البكالوريوس', 0, NULL, 0, '2025-03-30 17:13:14', '2025-03-30 17:13:14'),
(174, '2021010022', 'محمد محمد مصطفى الزهراني', 'ذكر', NULL, NULL, 2021, 3, 'المستوى الاول', '2021010022', 'البكالوريوس', 1, NULL, 1, '2025-03-30 17:13:14', '2025-04-05 17:04:52'),
(175, '2021010023', 'منى حسين علي سلامه', 'انثى', NULL, NULL, 2021, 1, 'المستوى الاول', '2021010023', 'البكالوريوس', 1, NULL, 1, '2025-03-30 17:13:14', '2025-04-08 09:34:18'),
(176, '2021020024', 'فاطمة نبيل مصطفى عيسى', 'انثى', NULL, NULL, 2021, 1, 'المستوى الثاني', '2021020024', 'البكالوريوس', 0, NULL, 0, '2025-03-30 17:13:14', '2025-03-30 17:13:14'),
(177, '2021010025', 'مريم عبده مصطفى الزهراني', 'انثى', NULL, NULL, 2021, 3, 'المستوى الاول', '2021010025', 'البكالوريوس', 0, NULL, 0, '2025-03-30 17:13:14', '2025-03-30 17:13:14'),
(178, '2021030026', 'هبة عبده حسين السيد', 'انثى', NULL, NULL, 2021, 2, 'المستوى الثالث', '2021030026', 'البكالوريوس', 0, NULL, 0, '2025-03-30 17:13:14', '2025-03-30 17:13:14'),
(179, '2021040028', 'نورا علي أحمد عيسى', 'انثى', NULL, NULL, 2021, 2, 'المستوى الرابع', '2021040028', 'البكالوريوس', 1, NULL, 1, '2025-03-30 17:13:14', '2025-04-03 18:58:04'),
(180, '2021010029', 'نورا أحمد حسين الزهراني', 'انثى', NULL, NULL, 2021, 1, 'المستوى الاول', '2021010029', 'البكالوريوس', 0, NULL, 0, '2025-03-30 17:13:14', '2025-03-30 17:13:14'),
(181, '2021020030', 'محمد نبيل حسين الشريف', 'ذكر', NULL, NULL, 2021, 3, 'المستوى الثاني', '2021020030', 'البكالوريوس', 0, NULL, 0, '2025-03-30 17:13:14', '2025-03-30 17:13:14'),
(182, '2021010031', 'ابتسام عبده عبده مراد', 'انثى', NULL, NULL, 2021, 5, 'المستوى الاول', '2021010031', 'البكالوريوس', 0, NULL, 0, '2025-03-30 17:13:14', '2025-03-30 17:13:14'),
(183, '2021020032', 'إيمان مصطفى نبيل المهدي', 'انثى', NULL, NULL, 2021, 5, 'المستوى الثاني', '2021020032', 'البكالوريوس', 0, NULL, 0, '2025-03-30 17:13:14', '2025-03-30 17:13:14'),
(184, '2021010033', 'سعاد حسين أحمد المهدي', 'انثى', NULL, NULL, 2021, 2, 'المستوى الاول', '2021010033', 'البكالوريوس', 0, NULL, 0, '2025-03-30 17:13:14', '2025-03-30 17:13:14'),
(185, '2021030035', 'خالد محمد علي المهدي', 'ذكر', NULL, NULL, 2021, 3, 'المستوى الثالث', '2021030035', 'البكالوريوس', 0, NULL, 0, '2025-03-30 17:13:14', '2025-03-30 17:13:14'),
(186, '2021020036', 'ابتسام مصطفى محمد مراد', 'انثى', NULL, NULL, 2021, 2, 'المستوى الثاني', '2021020036', 'البكالوريوس', 0, NULL, 0, '2025-03-30 17:13:14', '2025-03-30 17:13:14'),
(187, '2021030039', 'حسن أحمد محمد السيد', 'ذكر', NULL, NULL, 2021, 3, 'المستوى الثالث', '2021030039', 'البكالوريوس', 0, NULL, 0, '2025-03-30 17:13:14', '2025-03-30 17:13:14'),
(188, '2021020040', 'إبراهيم علي نبيل عيسى', 'ذكر', NULL, NULL, 2021, 3, 'المستوى الثاني', '2021020040', 'البكالوريوس', 0, NULL, 0, '2025-03-30 17:13:14', '2025-03-30 17:13:14'),
(189, '2021010041', 'يوسف مصطفى محمد مراد', 'ذكر', NULL, NULL, 2021, 1, 'المستوى الاول', '2021010041', 'البكالوريوس', 0, NULL, 0, '2025-03-30 17:13:14', '2025-03-30 17:13:14'),
(190, '2021010042', 'حسن أحمد محمد المهدي', 'ذكر', NULL, NULL, 2021, 4, 'المستوى الاول', '2021010042', 'البكالوريوس', 1, NULL, 1, '2025-03-30 17:13:14', '2025-04-08 19:58:47'),
(191, '2021020043', 'إبراهيم علي محمد الشريف', 'ذكر', NULL, NULL, 2021, 2, 'المستوى الثاني', '2021020043', 'البكالوريوس', 0, NULL, 0, '2025-03-30 17:13:14', '2025-03-30 17:13:14'),
(192, '2021020044', 'فاطمة علي محمد الزهراني', 'انثى', NULL, NULL, 2021, 4, 'المستوى الثاني', '2021020044', 'البكالوريوس', 0, NULL, 0, '2025-03-30 17:13:14', '2025-03-30 17:13:14'),
(193, '2021010045', 'مريم عبده عبده عيسى', 'انثى', 'تعز  - الراهدة', '2001-08-22', 2021, 5, 'المستوى الاول', '2021010045', 'البكالوريوس', 1, NULL, 1, '2025-03-30 17:13:14', '2025-03-31 18:46:50'),
(194, '2021030046', 'محمود أحمد نبيل سلامه', 'ذكر', NULL, NULL, 2021, 4, 'المستوى الثالث', '2021030046', 'البكالوريوس', 0, NULL, 0, '2025-03-30 17:13:14', '2025-03-30 17:13:14'),
(195, '2021020048', 'سعيد إبراهيم نبيل السيد', 'ذكر', NULL, NULL, 2021, 1, 'المستوى الثاني', '2021020048', 'البكالوريوس', 0, NULL, 0, '2025-03-30 17:13:14', '2025-03-30 17:13:14'),
(196, '2021010049', 'يوسف أحمد أحمد مراد', 'ذكر', NULL, NULL, 2021, 1, 'المستوى الاول', '2021010049', 'البكالوريوس', 0, NULL, 0, '2025-03-30 17:13:14', '2025-03-30 17:13:14'),
(197, '2021020050', 'سعيد عبده نبيل عيسى', 'ذكر', NULL, NULL, 2021, 4, 'المستوى الثاني', '2021020050', 'البكالوريوس', 0, NULL, 0, '2025-03-30 17:13:14', '2025-03-30 17:13:14'),
(198, '2021030051', 'إبراهيم مصطفى إبراهيم مراد', 'ذكر', NULL, NULL, 2021, 5, 'المستوى الثالث', '2021030051', 'البكالوريوس', 0, NULL, 0, '2025-03-30 17:13:14', '2025-03-30 17:13:14'),
(199, '2024010001', 'ليان أحمد عبد القادر العلي', 'انثى', NULL, NULL, 2024, 6, 'المستوى الاول', '2024010001', 'الدبلوم', 0, NULL, 0, '2025-04-04 20:17:31', '2025-04-04 20:17:31'),
(200, '2024010002', 'رهف محمد عبد الباسط درويش', 'انثى', NULL, NULL, 2024, 6, 'المستوى الاول', '2024010002', 'الدبلوم', 0, NULL, 0, '2025-04-04 20:17:31', '2025-04-04 20:17:31'),
(201, '2024010003', 'ميساء حاتم صالح الجرمي', 'انثى', NULL, NULL, 2024, 6, 'المستوى الاول', '2024010003', 'الدبلوم', 0, NULL, 0, '2025-04-04 20:17:31', '2025-04-04 20:17:31'),
(202, '2024010004', 'وسن عبد الحليم سامي عاشور', 'انثى', NULL, NULL, 2024, 6, 'المستوى الاول', '2024010004', 'الدبلوم', 0, NULL, 0, '2025-04-04 20:17:31', '2025-04-04 20:17:31'),
(203, '2024010005', 'مرح مازن عبد اللطيف نوفل', 'انثى', NULL, NULL, 2024, 6, 'المستوى الاول', '2024010005', 'الدبلوم', 0, NULL, 0, '2025-04-04 20:17:31', '2025-04-04 20:17:31'),
(204, '2024010006', 'ريهام يوسف عبد الناصر سلامة', 'انثى', NULL, NULL, 2024, 6, 'المستوى الاول', '2024010006', 'الدبلوم', 0, NULL, 0, '2025-04-04 20:17:31', '2025-04-04 20:17:31'),
(205, '2024010007', 'شهد بسام عبد الرحمن خطاب', 'انثى', 'ذمار - عتمه', '2005-07-20', 2024, 6, 'المستوى الاول', '4080541', 'الدبلوم', 1, '2025-04-07 01:35:10', 1, '2025-04-04 20:17:31', '2025-04-05 22:35:10'),
(206, '2024010008', 'ربى سامر يوسف مقداد', 'انثى', NULL, NULL, 2024, 6, 'المستوى الاول', '2024010008', 'الدبلوم', 0, NULL, 0, '2025-04-04 20:17:31', '2025-04-04 20:17:31'),
(207, '2024010009', 'جنى سليم محمد شاهين', 'انثى', NULL, NULL, 2024, 6, 'المستوى الاول', '2024010009', 'الدبلوم', 0, NULL, 0, '2025-04-04 20:17:31', '2025-04-04 20:17:31'),
(208, '2024010010', 'سناء عادل حمد القاضي', 'انثى', NULL, NULL, 2024, 6, 'المستوى الاول', '2024010010', 'الدبلوم', 0, NULL, 0, '2025-04-04 20:17:31', '2025-04-04 20:17:31'),
(209, '2024010011', 'هالة عبد الرحيم ناصر خطاب', 'انثى', NULL, NULL, 2024, 6, 'المستوى الاول', '2024010011', 'الدبلوم', 0, NULL, 0, '2025-04-04 20:17:31', '2025-04-04 20:17:31'),
(210, '2024010012', 'يمنى نبيل أحمد القاسم', 'انثى', NULL, NULL, 2024, 6, 'المستوى الاول', '2024010012', 'الدبلوم', 0, NULL, 0, '2025-04-04 20:17:31', '2025-04-04 20:17:31'),
(211, '2024010013', 'بيان عيسى عبد القادر الخطيب', 'انثى', NULL, NULL, 2024, 6, 'المستوى الاول', '2024010013', 'الدبلوم', 0, NULL, 0, '2025-04-04 20:17:31', '2025-04-04 20:17:31'),
(212, '2024010014', 'أدهم يحيى عبد الرحمن حسين', 'ذكر', NULL, NULL, 2024, 6, 'المستوى الاول', '2024010014', 'الدبلوم', 0, NULL, 0, '2025-04-04 20:17:31', '2025-04-04 20:17:31'),
(213, '2024010015', 'سليم خالد يونس المدهون', 'ذكر', NULL, NULL, 2024, 6, 'المستوى الاول', '2024010015', 'الدبلوم', 0, NULL, 0, '2025-04-04 20:17:31', '2025-04-04 20:17:31'),
(214, '2024010016', 'أمير فهد حسين المدهون', 'ذكر', NULL, NULL, 2024, 6, 'المستوى الاول', '2024010016', 'الدبلوم', 0, NULL, 0, '2025-04-04 20:17:31', '2025-04-04 20:17:31'),
(215, '2023030001', 'باسل سامي عبد السلام يوسف', 'ذكر', NULL, NULL, 2023, 6, 'المستوى الثاني', '2023030001', 'الدبلوم', 0, NULL, 0, '2025-04-04 20:17:31', '2025-04-04 20:17:31'),
(216, '2023030002', 'محمد جمال نبيل الكحلوت', 'ذكر', NULL, NULL, 2023, 6, 'المستوى الثاني', '2023030002', 'الدبلوم', 0, NULL, 0, '2025-04-04 20:17:31', '2025-04-04 20:17:31'),
(217, '2023030003', 'طارق فؤاد عدنان حمدان', 'ذكر', NULL, NULL, 2023, 6, 'المستوى الثاني', '2023030003', 'الدبلوم', 0, NULL, 0, '2025-04-04 20:17:31', '2025-04-04 20:17:31'),
(218, '2023030004', 'خالد أحمد ناصر العمري', 'ذكر', NULL, NULL, 2023, 6, 'المستوى الثاني', '2023030004', 'الدبلوم', 0, NULL, 0, '2025-04-04 20:17:31', '2025-04-04 20:17:31'),
(219, '2023030005', 'عبد الله سفيان نمر المصري', 'ذكر', NULL, NULL, 2023, 6, 'المستوى الثاني', '2023030005', 'الدبلوم', 0, NULL, 0, '2025-04-04 20:17:31', '2025-04-04 20:17:31'),
(220, '2023030006', 'أحمد حسام عبد الله العطار', 'ذكر', NULL, NULL, 2023, 6, 'المستوى الثاني', '2023030006', 'الدبلوم', 0, NULL, 0, '2025-04-04 20:17:31', '2025-04-04 20:17:31'),
(221, '2023030007', 'ياسر وليد ناصر أبو شعبان', 'ذكر', NULL, NULL, 2023, 6, 'المستوى الثاني', '2023030007', 'الدبلوم', 0, NULL, 0, '2025-04-04 20:17:31', '2025-04-04 20:17:31'),
(222, '2023030008', 'رامي حسن سليمان عوض', 'ذكر', NULL, NULL, 2023, 6, 'المستوى الثاني', '2023030008', 'الدبلوم', 0, NULL, 0, '2025-04-04 20:17:31', '2025-04-04 20:17:31'),
(223, '2023030009', 'باسل عمر كمال رضوان', 'ذكر', NULL, NULL, 2023, 6, 'المستوى الثاني', '2023030009', 'الدبلوم', 0, NULL, 0, '2025-04-04 20:17:31', '2025-04-04 20:17:31'),
(224, '2023030010', 'جواد محمود عبد الحي الأسطل', 'ذكر', NULL, NULL, 2023, 6, 'المستوى الثاني', '2023030010', 'الدبلوم', 0, NULL, 0, '2025-04-04 20:17:31', '2025-04-04 20:17:31'),
(225, '2021010001', 'أحمد علي محمد حسن', 'ذكر', NULL, NULL, 2021, 9, 'المستوى الاول', '2021010001', 'البكالوريوس', 0, NULL, 0, '2025-04-08 11:08:28', '2025-04-08 11:08:28'),
(226, '2021010002', 'سارة خالد عبد الرحمن', 'انثى', NULL, NULL, 2021, 10, 'المستوى الاول', '2021010002', 'البكالوريوس', 0, NULL, 0, '2025-04-08 11:08:28', '2025-04-08 11:08:28'),
(227, '2021010003', 'خالد وليد محمود', 'ذكر', NULL, NULL, 2021, 11, 'المستوى الاول', '2021010003', 'البكالوريوس', 0, NULL, 0, '2025-04-08 11:08:28', '2025-04-08 11:08:28'),
(228, '2021010004', 'نورا سعد عبد الله', 'انثى', NULL, NULL, 2021, 12, 'المستوى الاول', '2021010004', 'البكالوريوس', 0, NULL, 0, '2025-04-08 11:08:28', '2025-04-08 11:08:28'),
(229, '2021010005', 'ياسر عماد فاروق', 'ذكر', NULL, NULL, 2021, 13, 'المستوى الاول', '2021010005', 'البكالوريوس', 0, NULL, 0, '2025-04-08 11:08:28', '2025-04-08 11:08:28'),
(230, '2021010007', 'عمر محمد ناصر', 'ذكر', NULL, NULL, 2021, 15, 'المستوى الاول', '2021010007', 'البكالوريوس', 0, NULL, 0, '2025-04-08 11:08:28', '2025-04-08 11:08:28'),
(231, '2021010008', 'لمى وائل كمال', 'انثى', NULL, NULL, 2021, 16, 'المستوى الاول', '2021010008', 'البكالوريوس', 0, NULL, 0, '2025-04-08 11:08:28', '2025-04-08 11:08:28'),
(232, '2021010009', 'باسم رفعت سامي', 'ذكر', NULL, NULL, 2021, 9, 'المستوى الاول', '2021010009', 'البكالوريوس', 0, NULL, 0, '2025-04-08 11:08:28', '2025-04-08 11:08:28'),
(233, '2021010010', 'آية عمرو حازم', 'انثى', NULL, NULL, 2021, 10, 'المستوى الاول', '2021010010', 'البكالوريوس', 0, NULL, 0, '2025-04-08 11:08:28', '2025-04-08 11:08:28'),
(234, '2022010011', 'محمود خليل أسامة', 'ذكر', NULL, NULL, 2022, 11, 'المستوى الثاني', '2022010011', 'البكالوريوس', 0, NULL, 0, '2025-04-08 11:08:28', '2025-04-08 11:08:28'),
(235, '2022010012', 'جنى وليد رامي', 'انثى', NULL, NULL, 2022, 12, 'المستوى الثاني', '2022010012', 'البكالوريوس', 0, NULL, 0, '2025-04-08 11:08:28', '2025-04-08 11:08:28'),
(236, '2022010013', 'ياسين أحمد نبيل', 'ذكر', NULL, NULL, 2022, 13, 'المستوى الثاني', '2022010013', 'البكالوريوس', 0, NULL, 0, '2025-04-08 11:08:28', '2025-04-08 11:08:28'),
(237, '2022010014', 'سلمى حازم محمد', 'انثى', NULL, NULL, 2022, 14, 'المستوى الثاني', '2022010014', 'البكالوريوس', 0, NULL, 0, '2025-04-08 11:08:28', '2025-04-08 11:08:28'),
(238, '2022010015', 'كريم أسامة خالد', 'ذكر', NULL, NULL, 2022, 15, 'المستوى الثاني', '2022010015', 'البكالوريوس', 0, NULL, 0, '2025-04-08 11:08:28', '2025-04-08 11:08:28'),
(239, '2022010016', 'رنا عمرو ياسر', 'انثى', NULL, NULL, 2022, 16, 'المستوى الثاني', '2022010016', 'البكالوريوس', 0, NULL, 0, '2025-04-08 11:08:28', '2025-04-08 11:08:28'),
(240, '2022010017', 'أيمن سعيد حمدي', 'ذكر', NULL, NULL, 2022, 9, 'المستوى الثاني', '2022010017', 'البكالوريوس', 0, NULL, 0, '2025-04-08 11:08:28', '2025-04-08 11:08:28'),
(241, '2022010018', 'هبة نادر كريم', 'انثى', NULL, NULL, 2022, 10, 'المستوى الثاني', '2022010018', 'البكالوريوس', 0, NULL, 0, '2025-04-08 11:08:28', '2025-04-08 11:08:28'),
(242, '2022010019', 'صلاح عبد الرحمن وائل', 'ذكر', NULL, NULL, 2022, 11, 'المستوى الثاني', '2022010019', 'البكالوريوس', 0, NULL, 0, '2025-04-08 11:08:28', '2025-04-08 11:08:28'),
(243, '2022010020', 'فاطمة زاهر رضا', 'انثى', NULL, NULL, 2022, 12, 'المستوى الثاني', '2022010020', 'البكالوريوس', 0, NULL, 0, '2025-04-08 11:08:28', '2025-04-08 11:08:28'),
(244, '2023010021', 'طارق هشام عادل', 'ذكر', NULL, NULL, 2023, 13, 'المستوى الثالث', '2023010021', 'البكالوريوس', 0, NULL, 0, '2025-04-08 11:08:28', '2025-04-08 11:08:28'),
(245, '2023010022', 'مريم أسعد سليم', 'انثى', NULL, NULL, 2023, 14, 'المستوى الثالث', '2023010022', 'البكالوريوس', 0, NULL, 0, '2025-04-08 11:08:28', '2025-04-08 11:08:28'),
(246, '2023010023', 'وسيم رامي نبيل', 'ذكر', NULL, NULL, 2023, 15, 'المستوى الثالث', '2023010023', 'البكالوريوس', 0, NULL, 0, '2025-04-08 11:08:28', '2025-04-08 11:08:28'),
(247, '2023010024', 'يارا باسل ماهر', 'انثى', NULL, NULL, 2023, 16, 'المستوى الثالث', '2023010024', 'البكالوريوس', 0, NULL, 0, '2025-04-08 11:08:28', '2025-04-08 11:08:28'),
(248, '2023010025', 'عماد حسين سمير', 'ذكر', NULL, NULL, 2023, 9, 'المستوى الثالث', '2023010025', 'البكالوريوس', 0, NULL, 0, '2025-04-08 11:08:28', '2025-04-08 11:08:28'),
(249, '2023010026', 'دنيا وليد هشام', 'انثى', NULL, NULL, 2023, 10, 'المستوى الثالث', '2023010026', 'البكالوريوس', 0, NULL, 0, '2025-04-08 11:08:28', '2025-04-08 11:08:28'),
(250, '2023010027', 'مازن ربيع سامح', 'ذكر', NULL, NULL, 2023, 11, 'المستوى الثالث', '2023010027', 'البكالوريوس', 0, NULL, 0, '2025-04-08 11:08:28', '2025-04-08 11:08:28'),
(251, '2023010028', 'جهاد كمال ناصر', 'ذكر', NULL, NULL, 2023, 12, 'المستوى الثالث', '2023010028', 'البكالوريوس', 0, NULL, 0, '2025-04-08 11:08:28', '2025-04-08 11:08:28'),
(252, '2023010029', 'نادين عصام حازم', 'انثى', NULL, NULL, 2023, 13, 'المستوى الثالث', '2023010029', 'البكالوريوس', 0, NULL, 0, '2025-04-08 11:08:28', '2025-04-08 11:08:28'),
(253, '2023010030', 'هاني رفعت عاطف', 'ذكر', NULL, NULL, 2023, 14, 'المستوى الثالث', '2023010030', 'البكالوريوس', 0, NULL, 0, '2025-04-08 11:08:28', '2025-04-08 11:08:28'),
(254, '2024010031', 'إيناس سامي رامي', 'انثى', NULL, NULL, 2024, 15, 'المستوى الرابع', '2024010031', 'البكالوريوس', 0, NULL, 0, '2025-04-08 11:08:28', '2025-04-08 11:08:28'),
(255, '2024010032', 'عبد الله ماهر حمدي', 'ذكر', NULL, NULL, 2024, 16, 'المستوى الرابع', '2024010032', 'البكالوريوس', 0, NULL, 0, '2025-04-08 11:08:28', '2025-04-08 11:08:28'),
(256, '2024010033', 'ريماس نادر كمال', 'انثى', NULL, NULL, 2024, 9, 'المستوى الرابع', '2024010033', 'البكالوريوس', 0, NULL, 0, '2025-04-08 11:08:28', '2025-04-08 11:08:28'),
(257, '2024010034', 'خالد أسامة فاروق', 'ذكر', NULL, NULL, 2024, 10, 'المستوى الرابع', '2024010034', 'البكالوريوس', 0, NULL, 0, '2025-04-08 11:08:28', '2025-04-08 11:08:28'),
(258, '2024010035', 'سهام وائل عماد', 'انثى', NULL, NULL, 2024, 11, 'المستوى الرابع', '2024010035', 'البكالوريوس', 0, NULL, 0, '2025-04-08 11:08:28', '2025-04-08 11:08:28'),
(259, '2024010036', 'ناصر رضا سعد', 'ذكر', NULL, NULL, 2024, 12, 'المستوى الرابع', '2024010036', 'البكالوريوس', 0, NULL, 0, '2025-04-08 11:08:28', '2025-04-08 11:08:28'),
(260, '2024010037', 'دعاء هاني محسن', 'انثى', NULL, NULL, 2024, 13, 'المستوى الرابع', '2024010037', 'البكالوريوس', 0, NULL, 0, '2025-04-08 11:08:28', '2025-04-08 11:08:28'),
(261, '2024010038', 'بسام كريم حاتم', 'ذكر', NULL, NULL, 2024, 14, 'المستوى الرابع', '2024010038', 'البكالوريوس', 0, NULL, 0, '2025-04-08 11:08:28', '2025-04-08 11:08:28'),
(262, '2024010039', 'آدم علي يوسف', 'ذكر', NULL, NULL, 2024, 15, 'المستوى الرابع', '2024010039', 'البكالوريوس', 0, NULL, 0, '2025-04-08 11:08:28', '2025-04-08 11:08:28'),
(263, '2024010040', 'لينا سليم رامز', 'انثى', NULL, NULL, 2024, 16, 'المستوى الرابع', '2024010040', 'البكالوريوس', 0, NULL, 0, '2025-04-08 11:08:28', '2025-04-08 11:08:28'),
(264, '2025010041', 'ياسر نبيل حازم', 'ذكر', NULL, NULL, 2025, 9, 'المستوى الخامس', '2025010041', 'البكالوريوس', 0, NULL, 0, '2025-04-08 11:08:28', '2025-04-08 11:08:28'),
(265, '2025010042', 'مها عمرو خليل', 'انثى', NULL, NULL, 2025, 10, 'المستوى الخامس', '2025010042', 'البكالوريوس', 0, NULL, 0, '2025-04-08 11:08:28', '2025-04-08 11:08:28'),
(266, '2025010043', 'أشرف سامح رضا', 'ذكر', NULL, NULL, 2025, 11, 'المستوى الخامس', '2025010043', 'البكالوريوس', 0, NULL, 0, '2025-04-08 11:08:28', '2025-04-08 11:08:28'),
(267, '2025010044', 'جمانة وليد نادر', 'انثى', NULL, NULL, 2025, 12, 'المستوى الخامس', '2025010044', 'البكالوريوس', 0, NULL, 0, '2025-04-08 11:08:28', '2025-04-08 11:08:28'),
(268, '2025010045', 'صلاح الدين حمدي كامل', 'ذكر', NULL, NULL, 2025, 13, 'المستوى الخامس', '2025010045', 'البكالوريوس', 0, NULL, 0, '2025-04-08 11:08:28', '2025-04-08 11:08:28'),
(269, '2025010046', 'سمر هشام رامي', 'انثى', NULL, NULL, 2025, 14, 'المستوى الخامس', '2025010046', 'البكالوريوس', 0, NULL, 0, '2025-04-08 11:08:28', '2025-04-08 11:08:28'),
(270, '2025010047', 'محمود سعيد عادل', 'ذكر', NULL, NULL, 2025, 15, 'المستوى الخامس', '2025010047', 'البكالوريوس', 0, NULL, 0, '2025-04-08 11:08:28', '2025-04-08 11:08:28'),
(271, '2025010048', 'فيروز كمال أسعد', 'انثى', NULL, NULL, 2025, 16, 'المستوى الخامس', '2025010048', 'البكالوريوس', 0, NULL, 0, '2025-04-08 11:08:28', '2025-04-08 11:08:28'),
(272, '2025010049', 'أيمن رامز نبيل', 'ذكر', NULL, NULL, 2025, 9, 'المستوى الخامس', '2025010049', 'البكالوريوس', 0, NULL, 0, '2025-04-08 11:08:28', '2025-04-08 11:08:28'),
(273, '2025010050', 'هبة الله سليم ماهر', 'انثى', NULL, NULL, 2025, 10, 'المستوى الخامس', '2025010050', 'البكالوريوس', 0, NULL, 0, '2025-04-08 11:08:28', '2025-04-08 11:08:28'),
(274, '2021010051', 'علي حسين محمد', 'ذكر', NULL, NULL, 2021, 11, 'المستوى الاول', '2021010051', 'البكالوريوس', 0, NULL, 0, '2025-04-08 11:08:28', '2025-04-08 11:08:28'),
(275, '2021010052', 'نورين خالد أسامة', 'انثى', NULL, NULL, 2021, 12, 'المستوى الاول', '2021010052', 'البكالوريوس', 0, NULL, 0, '2025-04-08 11:08:28', '2025-04-08 11:08:28'),
(276, '2021010053', 'مصطفى رامي سامح', 'ذكر', NULL, NULL, 2021, 13, 'المستوى الاول', '2021010053', 'البكالوريوس', 0, NULL, 0, '2025-04-08 11:08:28', '2025-04-08 11:08:28'),
(277, '2021010054', 'شيماء عماد ناصر', 'انثى', NULL, NULL, 2021, 14, 'المستوى الاول', '2021010054', 'البكالوريوس', 0, NULL, 0, '2025-04-08 11:08:28', '2025-04-08 11:08:28'),
(278, '2021010055', 'أحمد سعد حاتم', 'ذكر', NULL, NULL, 2021, 15, 'المستوى الاول', '2021010055', 'البكالوريوس', 0, NULL, 0, '2025-04-08 11:08:28', '2025-04-08 11:08:28'),
(279, '2021010056', 'رغد وائل كريم', 'انثى', NULL, NULL, 2021, 16, 'المستوى الاول', '2021010056', 'البكالوريوس', 0, NULL, 0, '2025-04-08 11:08:28', '2025-04-08 11:08:28'),
(280, '2021010057', 'أسامة محمود رضا', 'ذكر', NULL, NULL, 2021, 9, 'المستوى الاول', '2021010057', 'البكالوريوس', 0, NULL, 0, '2025-04-08 11:08:28', '2025-04-08 11:08:28');
INSERT INTO `students` (`id`, `card`, `name`, `gender`, `address`, `birth_date`, `enrollment_year`, `department_id`, `level`, `active_code`, `qualification`, `is_used`, `timeout`, `is_login`, `created_at`, `updated_at`) VALUES
(281, '2021010058', 'لمياء هاني سمير', 'انثى', NULL, NULL, 2021, 10, 'المستوى الاول', '2021010058', 'البكالوريوس', 0, NULL, 0, '2025-04-08 11:08:28', '2025-04-08 11:08:28'),
(282, '2021010059', 'كريم زاهر عاطف', 'ذكر', NULL, NULL, 2021, 11, 'المستوى الاول', '2021010059', 'البكالوريوس', 0, NULL, 0, '2025-04-08 11:08:28', '2025-04-08 11:08:28'),
(283, '2021010060', 'سارة ماهر حازم', 'انثى', NULL, NULL, 2021, 12, 'المستوى الاول', '2021010060', 'البكالوريوس', 0, NULL, 0, '2025-04-08 11:08:28', '2025-04-08 11:08:28'),
(284, '2022010061', 'عمر أحمد نادر', 'ذكر', NULL, NULL, 2022, 13, 'المستوى الثاني', '2022010061', 'البكالوريوس', 0, NULL, 0, '2025-04-08 11:08:28', '2025-04-08 11:08:28'),
(285, '2022010062', 'ياسمين رامي سليم', 'انثى', NULL, NULL, 2022, 14, 'المستوى الثاني', '2022010062', 'البكالوريوس', 0, NULL, 0, '2025-04-08 11:08:28', '2025-04-08 11:08:28'),
(286, '2022010063', 'محمود خالد أسعد', 'ذكر', NULL, NULL, 2022, 15, 'المستوى الثاني', '2022010063', 'البكالوريوس', 0, NULL, 0, '2025-04-08 11:08:28', '2025-04-08 11:08:28'),
(287, '2022010064', 'آية عمرو نبيل', 'انثى', NULL, NULL, 2022, 16, 'المستوى الثاني', '2022010064', 'البكالوريوس', 0, NULL, 0, '2025-04-08 11:08:28', '2025-04-08 11:08:28'),
(288, '2022010065', 'أيمن سامي رامز', 'ذكر', NULL, NULL, 2022, 9, 'المستوى الثاني', '2022010065', 'البكالوريوس', 0, NULL, 0, '2025-04-08 11:08:28', '2025-04-08 11:08:28'),
(289, '2022010066', 'جنى وائل كمال', 'انثى', NULL, NULL, 2022, 10, 'المستوى الثاني', '2022010066', 'البكالوريوس', 0, NULL, 0, '2025-04-08 11:08:28', '2025-04-08 11:08:28'),
(290, '2022010067', 'باسم حمدي فاروق', 'ذكر', NULL, NULL, 2022, 11, 'المستوى الثاني', '2022010067', 'البكالوريوس', 0, NULL, 0, '2025-04-08 11:08:28', '2025-04-08 11:08:28'),
(291, '2022010068', 'سلمى ناصر رامي', 'انثى', NULL, NULL, 2022, 12, 'المستوى الثاني', '2022010068', 'البكالوريوس', 0, NULL, 0, '2025-04-08 11:08:28', '2025-04-08 11:08:28'),
(292, '2022010069', 'طارق كريم حاتم', 'ذكر', NULL, NULL, 2022, 13, 'المستوى الثاني', '2022010069', 'البكالوريوس', 0, NULL, 0, '2025-04-08 11:08:28', '2025-04-08 11:08:28'),
(293, '2022010070', 'هند أسامة سعد', 'انثى', NULL, NULL, 2022, 14, 'المستوى الثاني', '2022010070', 'البكالوريوس', 0, NULL, 0, '2025-04-08 11:08:28', '2025-04-08 11:08:28'),
(294, '2023010071', 'خالد محسن ياسر', 'ذكر', NULL, NULL, 2023, 15, 'المستوى الثالث', '2023010071', 'البكالوريوس', 0, NULL, 0, '2025-04-08 11:08:28', '2025-04-08 11:08:28'),
(295, '2023010072', 'رنا هشام عماد', 'انثى', NULL, NULL, 2023, 16, 'المستوى الثالث', '2023010072', 'البكالوريوس', 0, NULL, 0, '2025-04-08 11:08:28', '2025-04-08 11:08:28'),
(296, '2023010073', 'مازن سمير نبيل', 'ذكر', NULL, NULL, 2023, 9, 'المستوى الثالث', '2023010073', 'البكالوريوس', 0, NULL, 0, '2025-04-08 11:08:28', '2025-04-08 11:08:28'),
(297, '2023010074', 'ليلى وليد حازم', 'انثى', NULL, NULL, 2023, 10, 'المستوى الثالث', '2023010074', 'البكالوريوس', 0, NULL, 0, '2025-04-08 11:08:28', '2025-04-08 11:08:28'),
(298, '2023010075', 'نادر رامي سامح', 'ذكر', NULL, NULL, 2023, 11, 'المستوى الثالث', '2023010075', 'البكالوريوس', 0, NULL, 0, '2025-04-08 11:08:28', '2025-04-08 11:08:28'),
(299, '2023010076', 'سارة خليل ناصر', 'انثى', NULL, NULL, 2023, 12, 'المستوى الثالث', '2023010076', 'البكالوريوس', 0, NULL, 0, '2025-04-08 11:08:28', '2025-04-08 11:08:28'),
(300, '2023010077', 'أحمد عادل رضا', 'ذكر', NULL, NULL, 2023, 13, 'المستوى الثالث', '2023010077', 'البكالوريوس', 0, NULL, 0, '2025-04-08 11:08:28', '2025-04-08 11:08:28'),
(301, '2023010078', 'مريم كمال أسامة', 'انثى', NULL, NULL, 2023, 14, 'المستوى الثالث', '2023010078', 'البكالوريوس', 0, NULL, 0, '2025-04-08 11:08:28', '2025-04-08 11:08:28'),
(302, '2023010079', 'عمرو سعد حمدي', 'ذكر', NULL, NULL, 2023, 15, 'المستوى الثالث', '2023010079', 'البكالوريوس', 0, NULL, 0, '2025-04-08 11:08:28', '2025-04-08 11:08:28'),
(303, '2023010080', 'نورا رامز هاني', 'انثى', NULL, NULL, 2023, 16, 'المستوى الثالث', '2023010080', 'البكالوريوس', 0, NULL, 0, '2025-04-08 11:08:28', '2025-04-08 11:08:28'),
(304, '2024010081', 'ياسين ماهر سمير', 'ذكر', NULL, NULL, 2024, 9, 'المستوى الرابع', '2024010081', 'البكالوريوس', 0, NULL, 0, '2025-04-08 11:08:28', '2025-04-08 11:08:28'),
(305, '2024010082', 'جهاد وائل كريم', 'انثى', NULL, NULL, 2024, 10, 'المستوى الرابع', '2024010082', 'البكالوريوس', 0, NULL, 0, '2025-04-08 11:08:28', '2025-04-08 11:08:28'),
(306, '2024010083', 'رامي نادر حازم', 'ذكر', NULL, NULL, 2024, 11, 'المستوى الرابع', '2024010083', 'البكالوريوس', 0, NULL, 0, '2025-04-08 11:08:28', '2025-04-08 11:08:28'),
(307, '2024010084', 'سما عمرو رامي', 'انثى', NULL, NULL, 2024, 12, 'المستوى الرابع', '2024010084', 'البكالوريوس', 0, NULL, 0, '2025-04-08 11:08:28', '2025-04-08 11:08:28'),
(308, '2024010085', 'محمود خليل أسعد', 'ذكر', NULL, NULL, 2024, 13, 'المستوى الرابع', '2024010085', 'البكالوريوس', 0, NULL, 0, '2025-04-08 11:08:28', '2025-04-08 11:08:28'),
(309, '2024010086', 'هبة سامي نبيل', 'انثى', NULL, NULL, 2024, 14, 'المستوى الرابع', '2024010086', 'البكالوريوس', 0, NULL, 0, '2025-04-08 11:08:28', '2025-04-08 11:08:28'),
(310, '2024010087', 'أيمن رضا عاطف', 'ذكر', NULL, NULL, 2024, 15, 'المستوى الرابع', '2024010087', 'البكالوريوس', 0, NULL, 0, '2025-04-08 11:08:28', '2025-04-08 11:08:28'),
(311, '2024010088', 'فاطمة زكريا سليم', 'انثى', NULL, NULL, 2024, 16, 'المستوى الرابع', '2024010088', 'البكالوريوس', 0, NULL, 0, '2025-04-08 11:08:28', '2025-04-08 11:08:28'),
(312, '2024010089', 'عبد الرحمن حمدي كامل', 'ذكر', NULL, NULL, 2024, 9, 'المستوى الرابع', '2024010089', 'البكالوريوس', 0, NULL, 0, '2025-04-08 11:08:28', '2025-04-08 11:08:28'),
(313, '2024010090', 'لمى أسامة نادر', 'انثى', NULL, NULL, 2024, 10, 'المستوى الرابع', '2024010090', 'البكالوريوس', 0, NULL, 0, '2025-04-08 11:08:28', '2025-04-08 11:08:28'),
(314, '2025010091', 'كريم هشام رامز', 'ذكر', NULL, NULL, 2025, 11, 'المستوى الخامس', '2025010091', 'البكالوريوس', 0, NULL, 0, '2025-04-08 11:08:28', '2025-04-08 11:08:28'),
(315, '2025010092', 'ياسمين عماد سعد', 'انثى', NULL, NULL, 2025, 12, 'المستوى الخامس', '2025010092', 'البكالوريوس', 0, NULL, 0, '2025-04-08 11:08:28', '2025-04-08 11:08:28'),
(316, '2025010093', 'أحمد نبيل حاتم', 'ذكر', NULL, NULL, 2025, 13, 'المستوى الخامس', '2025010093', 'البكالوريوس', 0, NULL, 0, '2025-04-08 11:08:28', '2025-04-08 11:08:28'),
(317, '2025010094', 'سارة ماهر كمال', 'انثى', NULL, NULL, 2025, 14, 'المستوى الخامس', '2025010094', 'البكالوريوس', 0, NULL, 0, '2025-04-08 11:08:28', '2025-04-08 11:08:28'),
(318, '2025010095', 'محمد وليد سمير', 'ذكر', NULL, NULL, 2025, 15, 'المستوى الخامس', '2025010095', 'البكالوريوس', 0, NULL, 0, '2025-04-08 11:08:28', '2025-04-08 11:08:28'),
(319, '2025010096', 'رنا رامي ناصر', 'انثى', NULL, NULL, 2025, 16, 'المستوى الخامس', '2025010096', 'البكالوريوس', 0, NULL, 0, '2025-04-08 11:08:28', '2025-04-08 11:08:28'),
(320, '2025010097', 'عمرو خالد أسعد', 'ذكر', NULL, NULL, 2025, 9, 'المستوى الخامس', '2025010097', 'البكالوريوس', 0, NULL, 0, '2025-04-08 11:08:28', '2025-04-08 11:08:28'),
(321, '2025010098', 'جنى سامح رضا', 'انثى', NULL, NULL, 2025, 10, 'المستوى الخامس', '2025010098', 'البكالوريوس', 0, NULL, 0, '2025-04-08 11:08:28', '2025-04-08 11:08:28');

-- --------------------------------------------------------

--
-- Table structure for table `students_data`
--

DROP TABLE IF EXISTS `students_data`;
CREATE TABLE IF NOT EXISTS `students_data` (
  `id` bigint UNSIGNED NOT NULL AUTO_INCREMENT,
  `name` varchar(191) COLLATE utf8mb4_unicode_ci NOT NULL,
  `data` json NOT NULL,
  `status` tinyint(1) NOT NULL DEFAULT '1',
  `created_at` timestamp NULL DEFAULT NULL,
  `updated_at` timestamp NULL DEFAULT NULL,
  PRIMARY KEY (`id`)
) ENGINE=MyISAM AUTO_INCREMENT=6 DEFAULT CHARSET=utf8mb4 COLLATE=utf8mb4_unicode_ci;

--
-- Dumping data for table `students_data`
--

INSERT INTO `students_data` (`id`, `name`, `data`, `status`, `created_at`, `updated_at`) VALUES
(1, 'طلاب الجامعة جميع الاقسام', '[{\"card\": \"2021040002\", \"name\": \"ابتسام نبيل حسن سلامه\", \"level\": 4, \"gender\": \"انثى\", \"college\": 1, \"department\": 1, \"active_code\": \"2021040002\", \"qualification\": \"البكالوريوس\", \"enrollment_year\": 2021}, {\"card\": \"2021040003\", \"name\": \"ابراهيم عبده محمد علي عيسى\", \"level\": 4, \"gender\": \"ذكر\", \"college\": 1, \"department\": 1, \"active_code\": \"2021040003\", \"qualification\": \"البكالوريوس\", \"enrollment_year\": 2021}, {\"card\": \"2020040221\", \"name\": \"احمد زيد علي التام\", \"level\": 4, \"gender\": \"ذكر\", \"college\": 1, \"department\": 1, \"active_code\": \"2020040221\", \"qualification\": \"البكالوريوس\", \"enrollment_year\": 2021}, {\"card\": \"2021040006\", \"name\": \"احمد عبدالله عثمان سعيد حيدر\", \"level\": 4, \"gender\": \"ذكر\", \"college\": 1, \"department\": 1, \"active_code\": \"2021040006\", \"qualification\": \"البكالوريوس\", \"enrollment_year\": 2021}, {\"card\": \"2020040005\", \"name\": \"احمد عبده محمد المصقري\", \"level\": 4, \"gender\": \"ذكر\", \"college\": 1, \"department\": 1, \"active_code\": \"2020040005\", \"qualification\": \"البكالوريوس\", \"enrollment_year\": 2021}, {\"card\": \"2021040007\", \"name\": \"احمد قايد محمد عقيل زياد\", \"level\": 4, \"gender\": \"ذكر\", \"college\": 1, \"department\": 1, \"active_code\": \"2021040007\", \"qualification\": \"البكالوريوس\", \"enrollment_year\": 2021}, {\"card\": \"2021040008\", \"name\": \"احمد محمد عبدالله احمد المصنف\", \"level\": 4, \"gender\": \"ذكر\", \"college\": 1, \"department\": 1, \"active_code\": \"2021040008\", \"qualification\": \"البكالوريوس\", \"enrollment_year\": 2021}, {\"card\": \"2020040222\", \"name\": \"اسامه اسماعيل عبدالله العزيني\", \"level\": 4, \"gender\": \"ذكر\", \"college\": 1, \"department\": 1, \"active_code\": \"2020040222\", \"qualification\": \"البكالوريوس\", \"enrollment_year\": 2021}, {\"card\": \"2021040229\", \"name\": \"اسامه زيد علي محمد الحسني\", \"level\": 4, \"gender\": \"ذكر\", \"college\": 1, \"department\": 1, \"active_code\": \"2021040229\", \"qualification\": \"البكالوريوس\", \"enrollment_year\": 2021}, {\"card\": \"2021040009\", \"name\": \"اسامه سعد علي حسين عيسى\", \"level\": 4, \"gender\": \"ذكر\", \"college\": 1, \"department\": 1, \"active_code\": \"2021040009\", \"qualification\": \"البكالوريوس\", \"enrollment_year\": 2021}, {\"card\": \"2021040011\", \"name\": \"اسعد محمد حسين القوزعي\", \"level\": 4, \"gender\": \"ذكر\", \"college\": 1, \"department\": 1, \"active_code\": \"2021040011\", \"qualification\": \"البكالوريوس\", \"enrollment_year\": 2021}, {\"card\": \"2021040012\", \"name\": \"اسماء عبدالجبار محمد علوان\", \"level\": 4, \"gender\": \"انثى\", \"college\": 1, \"department\": 1, \"active_code\": \"2021040012\", \"qualification\": \"البكالوريوس\", \"enrollment_year\": 2021}, {\"card\": \"2021040013\", \"name\": \"اسماء عبدالقوي محمد الاعرج\", \"level\": 4, \"gender\": \"انثى\", \"college\": 1, \"department\": 1, \"active_code\": \"2021040013\", \"qualification\": \"البكالوريوس\", \"enrollment_year\": 2021}, {\"card\": \"2021040014\", \"name\": \"اشراق عصام توفيق الفحفه\", \"level\": 4, \"gender\": \"انثى\", \"college\": 1, \"department\": 1, \"active_code\": \"2021040014\", \"qualification\": \"البكالوريوس\", \"enrollment_year\": 2021}, {\"card\": \"2021040015\", \"name\": \"اشرف غائم احمد مثنى\", \"level\": 4, \"gender\": \"ذكر\", \"college\": 1, \"department\": 1, \"active_code\": \"2021040015\", \"qualification\": \"البكالوريوس\", \"enrollment_year\": 2021}, {\"card\": \"2020040013\", \"name\": \"اصيل توفيق عبده محمد الرضاع\", \"level\": 4, \"gender\": \"ذكر\", \"college\": 1, \"department\": 1, \"active_code\": \"2020040013\", \"qualification\": \"البكالوريوس\", \"enrollment_year\": 2021}, {\"card\": \"2021040261\", \"name\": \"اصيل نبيل عبدالقادر صلاح\", \"level\": 4, \"gender\": \"ذكر\", \"college\": 1, \"department\": 1, \"active_code\": \"2021040261\", \"qualification\": \"البكالوريوس\", \"enrollment_year\": 2021}, {\"card\": \"2021040017\", \"name\": \"اكرم صالح احمد مثنى\", \"level\": 4, \"gender\": \"ذكر\", \"college\": 1, \"department\": 1, \"active_code\": \"2021040017\", \"qualification\": \"البكالوريوس\", \"enrollment_year\": 2021}, {\"card\": \"2021040262\", \"name\": \"الحسين صالح محمد حرام\", \"level\": 4, \"gender\": \"ذكر\", \"college\": 1, \"department\": 1, \"active_code\": \"2021040262\", \"qualification\": \"البكالوريوس\", \"enrollment_year\": 2021}, {\"card\": \"2021040263\", \"name\": \"اماني محمد عبدالله الدغار\", \"level\": 4, \"gender\": \"انثى\", \"college\": 1, \"department\": 1, \"active_code\": \"2021040263\", \"qualification\": \"البكالوريوس\", \"enrollment_year\": 2021}, {\"card\": \"2021040284\", \"name\": \"امكالله عزالدين انس العزائي\", \"level\": 4, \"gender\": \"انثى\", \"college\": 1, \"department\": 1, \"active_code\": \"2021040284\", \"qualification\": \"البكالوريوس\", \"enrollment_year\": 2021}, {\"card\": \"2021040021\", \"name\": \"امجد محمد مهدوب حمود\", \"level\": 4, \"gender\": \"ذكر\", \"college\": 1, \"department\": 1, \"active_code\": \"2021040021\", \"qualification\": \"البكالوريوس\", \"enrollment_year\": 2021}, {\"card\": \"2021040288\", \"name\": \"انس احمد محمد مرح\", \"level\": 4, \"gender\": \"ذكر\", \"college\": 1, \"department\": 1, \"active_code\": \"2021040288\", \"qualification\": \"البكالوريوس\", \"enrollment_year\": 2021}, {\"card\": \"2021040222\", \"name\": \"انور علي يحيى مهدي السناحي\", \"level\": 4, \"gender\": \"ذكر\", \"college\": 1, \"department\": 1, \"active_code\": \"2021040222\", \"qualification\": \"البكالوريوس\", \"enrollment_year\": 2021}, {\"card\": \"2021040023\", \"name\": \"اوسان جمال علي تاج الدين\", \"level\": 4, \"gender\": \"ذكر\", \"college\": 1, \"department\": 1, \"active_code\": \"2021040023\", \"qualification\": \"البكالوريوس\", \"enrollment_year\": 2021}, {\"card\": \"2021040024\", \"name\": \"ايمان صالح عبدالله حجر\", \"level\": 4, \"gender\": \"انثى\", \"college\": 1, \"department\": 1, \"active_code\": \"2021040024\", \"qualification\": \"البكالوريوس\", \"enrollment_year\": 2021}, {\"card\": \"2020040027\", \"name\": \"ايمن احمد صالح حسن الريمي\", \"level\": 4, \"gender\": \"ذكر\", \"college\": 1, \"department\": 1, \"active_code\": \"2020040027\", \"qualification\": \"البكالوريوس\", \"enrollment_year\": 2021}, {\"card\": \"2019040277\", \"name\": \"ايمن فؤاد احمد علي القاسمي\", \"level\": 4, \"gender\": \"ذكر\", \"college\": 1, \"department\": 1, \"active_code\": \"2019040277\", \"qualification\": \"البكالوريوس\", \"enrollment_year\": 2021}, {\"card\": \"2021040026\", \"name\": \"ايوب بللا محمد محمد مشرح\", \"level\": 4, \"gender\": \"ذكر\", \"college\": 1, \"department\": 1, \"active_code\": \"2021040026\", \"qualification\": \"البكالوريوس\", \"enrollment_year\": 2021}, {\"card\": \"2021040027\", \"name\": \"بازل علي احمد محمد عبدالله\", \"level\": 4, \"gender\": \"ذكر\", \"college\": 1, \"department\": 1, \"active_code\": \"2021040027\", \"qualification\": \"البكالوريوس\", \"enrollment_year\": 2021}, {\"card\": \"2021040029\", \"name\": \"بللا ناصر علي ابوعاطف\", \"level\": 4, \"gender\": \"ذكر\", \"college\": 1, \"department\": 1, \"active_code\": \"2021040029\", \"qualification\": \"البكالوريوس\", \"enrollment_year\": 2021}, {\"card\": \"2021040265\", \"name\": \"حاتم محمد غالب محمد صالح\", \"level\": 4, \"gender\": \"ذكر\", \"college\": 1, \"department\": 1, \"active_code\": \"2021040265\", \"qualification\": \"البكالوريوس\", \"enrollment_year\": 2021}, {\"card\": \"2021040285\", \"name\": \"حزام ابراهيم احمد اليافعي\", \"level\": 4, \"gender\": \"ذكر\", \"college\": 1, \"department\": 1, \"active_code\": \"2021040285\", \"qualification\": \"البكالوريوس\", \"enrollment_year\": 2021}, {\"card\": \"20189919\", \"name\": \"حسن علي صالح دغيش\", \"level\": 4, \"gender\": \"ذكر\", \"college\": 1, \"department\": 1, \"active_code\": \"20189919\", \"qualification\": \"البكالوريوس\", \"enrollment_year\": 2021}, {\"card\": \"2021040032\", \"name\": \"حمزه يوسف منصور غالب\", \"level\": 4, \"gender\": \"ذكر\", \"college\": 1, \"department\": 1, \"active_code\": \"2021040032\", \"qualification\": \"البكالوريوس\", \"enrollment_year\": 2021}, {\"card\": \"2021040266\", \"name\": \"حميد عبدالرحمن محمد الفاضلي\", \"level\": 4, \"gender\": \"ذكر\", \"college\": 1, \"department\": 1, \"active_code\": \"2021040266\", \"qualification\": \"البكالوريوس\", \"enrollment_year\": 2021}, {\"card\": \"2021040267\", \"name\": \"حميد منصور محمد ناصر المجدوب\", \"level\": 4, \"gender\": \"ذكر\", \"college\": 1, \"department\": 1, \"active_code\": \"2021040267\", \"qualification\": \"البكالوريوس\", \"enrollment_year\": 2021}, {\"card\": \"2021040033\", \"name\": \"حنين محمد علي شجاب\", \"level\": 4, \"gender\": \"انثى\", \"college\": 1, \"department\": 1, \"active_code\": \"2021040033\", \"qualification\": \"البكالوريوس\", \"enrollment_year\": 2021}, {\"card\": \"2021040241\", \"name\": \"خالد احمد عبدالله صالح\", \"level\": 4, \"gender\": \"ذكر\", \"college\": 1, \"department\": 1, \"active_code\": \"2021040241\", \"qualification\": \"البكالوريوس\", \"enrollment_year\": 2021}, {\"card\": \"2021040034\", \"name\": \"خالد بن الوليد بحبي ناصر البخيتي\", \"level\": 4, \"gender\": \"ذكر\", \"college\": 1, \"department\": 1, \"active_code\": \"2021040034\", \"qualification\": \"البكالوريوس\", \"enrollment_year\": 2021}, {\"card\": \"2020040038\", \"name\": \"خالد وليد محمد علوي ربيد\", \"level\": 4, \"gender\": \"ذكر\", \"college\": 1, \"department\": 1, \"active_code\": \"2020040038\", \"qualification\": \"البكالوريوس\", \"enrollment_year\": 2021}, {\"card\": \"2019050244\", \"name\": \"رضوان قايد محمد السبعوري\", \"level\": 4, \"gender\": \"ذكر\", \"college\": 1, \"department\": 1, \"active_code\": \"2019050244\", \"qualification\": \"البكالوريوس\", \"enrollment_year\": 2021}, {\"card\": \"2021040036\", \"name\": \"رعد صالح احمد القوياتي\", \"level\": 4, \"gender\": \"ذكر\", \"college\": 1, \"department\": 1, \"active_code\": \"2021040036\", \"qualification\": \"البكالوريوس\", \"enrollment_year\": 2021}, {\"card\": \"2021040037\", \"name\": \"رفيع محمد مطيع السدعي\", \"level\": 4, \"gender\": \"ذكر\", \"college\": 1, \"department\": 1, \"active_code\": \"2021040037\", \"qualification\": \"البكالوريوس\", \"enrollment_year\": 2021}, {\"card\": \"2021040268\", \"name\": \"رقية احمد صالح العستوت\", \"level\": 4, \"gender\": \"انثى\", \"college\": 1, \"department\": 1, \"active_code\": \"2021040268\", \"qualification\": \"البكالوريوس\", \"enrollment_year\": 2021}, {\"card\": \"2020040049\", \"name\": \"رمزي حزام ثابت الطاهوش\", \"level\": 4, \"gender\": \"ذكر\", \"college\": 1, \"department\": 1, \"active_code\": \"2020040049\", \"qualification\": \"البكالوريوس\", \"enrollment_year\": 2021}, {\"card\": \"2021040038\", \"name\": \"ريان عبدالولي عبدربه احمد زياد\", \"level\": 4, \"gender\": \"ذكر\", \"college\": 1, \"department\": 1, \"active_code\": \"2021040038\", \"qualification\": \"البكالوريوس\", \"enrollment_year\": 2021}, {\"card\": \"2018190523\", \"name\": \"ريم عبده احمد راجح\", \"level\": 4, \"gender\": \"انثى\", \"college\": 1, \"department\": 1, \"active_code\": \"2018190523\", \"qualification\": \"البكالوريوس\", \"enrollment_year\": 2021}, {\"card\": \"2021040231\", \"name\": \"زين الله بحبي عبدالله صالح\", \"level\": 4, \"gender\": \"ذكر\", \"college\": 1, \"department\": 1, \"active_code\": \"2021040231\", \"qualification\": \"البكالوريوس\", \"enrollment_year\": 2021}, {\"card\": \"2021040042\", \"name\": \"زين علي عوض علي\", \"level\": 4, \"gender\": \"ذكر\", \"college\": 1, \"department\": 1, \"active_code\": \"2021040042\", \"qualification\": \"البكالوريوس\", \"enrollment_year\": 2021}, {\"card\": \"2021040043\", \"name\": \"سارة عبدالكريم بحبي السماوي\", \"level\": 4, \"gender\": \"انثى\", \"college\": 1, \"department\": 1, \"active_code\": \"2021040043\", \"qualification\": \"البكالوريوس\", \"enrollment_year\": 2021}, {\"card\": \"2021040044\", \"name\": \"سامي عبدالحميد صالح المنصوب\", \"level\": 4, \"gender\": \"ذكر\", \"college\": 1, \"department\": 1, \"active_code\": \"2021040044\", \"qualification\": \"البكالوريوس\", \"enrollment_year\": 2021}, {\"card\": \"2021040045\", \"name\": \"سرمد احمد عبدالرزاق احمد\", \"level\": 4, \"gender\": \"ذكر\", \"college\": 1, \"department\": 1, \"active_code\": \"2021040045\", \"qualification\": \"البكالوريوس\", \"enrollment_year\": 2021}, {\"card\": \"2021040046\", \"name\": \"سفيان محمد محمد احمد الغيسي\", \"level\": 4, \"gender\": \"ذكر\", \"college\": 1, \"department\": 1, \"active_code\": \"2021040046\", \"qualification\": \"البكالوريوس\", \"enrollment_year\": 2021}, {\"card\": \"2021040047\", \"name\": \"سلطان محمد صالح عبدالله الخيل\", \"level\": 4, \"gender\": \"ذكر\", \"college\": 1, \"department\": 1, \"active_code\": \"2021040047\", \"qualification\": \"البكالوريوس\", \"enrollment_year\": 2021}, {\"card\": \"2020040053\", \"name\": \"سليم احمد سعد احمد المصقري\", \"level\": 4, \"gender\": \"ذكر\", \"college\": 1, \"department\": 1, \"active_code\": \"2020040053\", \"qualification\": \"البكالوريوس\", \"enrollment_year\": 2021}, {\"card\": \"2021040049\", \"name\": \"سليم حسين ناصر احمد\", \"level\": 4, \"gender\": \"ذكر\", \"college\": 1, \"department\": 1, \"active_code\": \"2021040049\", \"qualification\": \"البكالوريوس\", \"enrollment_year\": 2021}, {\"card\": \"2021040050\", \"name\": \"سيف احمد عزي بركات\", \"level\": 4, \"gender\": \"ذكر\", \"college\": 1, \"department\": 1, \"active_code\": \"2021040050\", \"qualification\": \"البكالوريوس\", \"enrollment_year\": 2021}, {\"card\": \"2019040139\", \"name\": \"شرف الدين محمد احمد عقه\", \"level\": 4, \"gender\": \"ذكر\", \"college\": 1, \"department\": 1, \"active_code\": \"2019040139\", \"qualification\": \"البكالوريوس\", \"enrollment_year\": 2021}, {\"card\": \"2020050367\", \"name\": \"شهد عتيق علي حيدر\", \"level\": 4, \"gender\": \"انثى\", \"college\": 1, \"department\": 1, \"active_code\": \"2020050367\", \"qualification\": \"البكالوريوس\", \"enrollment_year\": 2021}, {\"card\": \"2021040052\", \"name\": \"صديق فرحان عبدالشكور الشرعبي\", \"level\": 4, \"gender\": \"ذكر\", \"college\": 1, \"department\": 1, \"active_code\": \"2021040052\", \"qualification\": \"البكالوريوس\", \"enrollment_year\": 2021}, {\"card\": \"2020040283\", \"name\": \"طه احمد علي المجاهد\", \"level\": 4, \"gender\": \"ذكر\", \"college\": 1, \"department\": 1, \"active_code\": \"2020040283\", \"qualification\": \"البكالوريوس\", \"enrollment_year\": 2021}, {\"card\": \"2020040251\", \"name\": \"عاد علي معاذ حسن الكبودي\", \"level\": 4, \"gender\": \"ذكر\", \"college\": 1, \"department\": 1, \"active_code\": \"2020040251\", \"qualification\": \"البكالوريوس\", \"enrollment_year\": 2021}, {\"card\": \"2021040055\", \"name\": \"عبداﻻله احمد علي الصهيبي\", \"level\": 4, \"gender\": \"ذكر\", \"college\": 1, \"department\": 1, \"active_code\": \"2021040055\", \"qualification\": \"البكالوريوس\", \"enrollment_year\": 2021}, {\"card\": \"2021040249\", \"name\": \"عبداﻻله عبده ثابت احمد الشامي\", \"level\": 4, \"gender\": \"ذكر\", \"college\": 1, \"department\": 1, \"active_code\": \"2021040249\", \"qualification\": \"البكالوريوس\", \"enrollment_year\": 2021}, {\"card\": \"2021040250\", \"name\": \"عبدالحفيظ علي احمد مهدي السماوي\", \"level\": 4, \"gender\": \"ذكر\", \"college\": 1, \"department\": 1, \"active_code\": \"2021040250\", \"qualification\": \"البكالوريوس\", \"enrollment_year\": 2021}, {\"card\": \"2021040058\", \"name\": \"عبدالرحمن صادق علي محمد ضوره  \", \"level\": 4, \"gender\": \"ذكر\", \"college\": 1, \"department\": 1, \"active_code\": \"2021040058\", \"qualification\": \"البكالوريوس\", \"enrollment_year\": 2021}, {\"card\": \"2021040168\", \"name\": \"عبدالرحمن محمد حسن مرعي\", \"level\": 4, \"gender\": \"ذكر\", \"college\": 1, \"department\": 1, \"active_code\": \"2021040168\", \"qualification\": \"البكالوريوس\", \"enrollment_year\": 2021}, {\"card\": \"2021040283\", \"name\": \"عبدالرحمن محمد مطهر صالح خالد\", \"level\": 4, \"gender\": \"ذكر\", \"college\": 1, \"department\": 1, \"active_code\": \"2021040283\", \"qualification\": \"البكالوريوس\", \"enrollment_year\": 2021}, {\"card\": \"2021040059\", \"name\": \"عبدالرحمن يحيى علي مشرح\", \"level\": 4, \"gender\": \"ذكر\", \"college\": 1, \"department\": 1, \"active_code\": \"2021040059\", \"qualification\": \"البكالوريوس\", \"enrollment_year\": 2021}, {\"card\": \"2021040251\", \"name\": \"عبدالرحيم محمد غالب محمد الضيباني\", \"level\": 4, \"gender\": \"ذكر\", \"college\": 1, \"department\": 1, \"active_code\": \"2021040251\", \"qualification\": \"البكالوريوس\", \"enrollment_year\": 2021}, {\"card\": \"2021040060\", \"name\": \"عبدالرزاق محمد علي عمران\", \"level\": 4, \"gender\": \"ذكر\", \"college\": 1, \"department\": 1, \"active_code\": \"2021040060\", \"qualification\": \"البكالوريوس\", \"enrollment_year\": 2021}, {\"card\": \"2021040061\", \"name\": \"عبدالسلام حاتم علي الكرمدي\", \"level\": 4, \"gender\": \"ذكر\", \"college\": 1, \"department\": 1, \"active_code\": \"2021040061\", \"qualification\": \"البكالوريوس\", \"enrollment_year\": 2021}, {\"card\": \"2021040282\", \"name\": \"عبدالكريم احمد محمد صالح القيسي\", \"level\": 4, \"gender\": \"ذكر\", \"college\": 1, \"department\": 1, \"active_code\": \"2021040282\", \"qualification\": \"البكالوريوس\", \"enrollment_year\": 2021}, {\"card\": \"2021040063\", \"name\": \"عبدالله احمد عبده قايد\", \"level\": 4, \"gender\": \"ذكر\", \"college\": 1, \"department\": 1, \"active_code\": \"2021040063\", \"qualification\": \"البكالوريوس\", \"enrollment_year\": 2021}, {\"card\": \"2020040069\", \"name\": \"عبدالله احمد محمد النشاد\", \"level\": 4, \"gender\": \"ذكر\", \"college\": 1, \"department\": 1, \"active_code\": \"2020040069\", \"qualification\": \"البكالوريوس\", \"enrollment_year\": 2021}, {\"card\": \"2020040070\", \"name\": \"عبدالله عبدالكريم عبدالله محمد الديلمي\", \"level\": 4, \"gender\": \"ذكر\", \"college\": 1, \"department\": 1, \"active_code\": \"2020040070\", \"qualification\": \"البكالوريوس\", \"enrollment_year\": 2021}, {\"card\": \"2021040064\", \"name\": \"عبدالله عبدالله مهدي حنش\", \"level\": 4, \"gender\": \"ذكر\", \"college\": 1, \"department\": 1, \"active_code\": \"2021040064\", \"qualification\": \"البكالوريوس\", \"enrollment_year\": 2021}, {\"card\": \"2021040252\", \"name\": \"عبدالله فتح الدين محمد حاتم\", \"level\": 4, \"gender\": \"ذكر\", \"college\": 1, \"department\": 1, \"active_code\": \"2021040252\", \"qualification\": \"البكالوريوس\", \"enrollment_year\": 2021}, {\"card\": \"2021040253\", \"name\": \"عبدالله نشطان خالد عبده الهتاري\", \"level\": 4, \"gender\": \"ذكر\", \"college\": 1, \"department\": 1, \"active_code\": \"2021040253\", \"qualification\": \"البكالوريوس\", \"enrollment_year\": 2021}, {\"card\": \"2019040227\", \"name\": \"عبدالمجيد عبدالله احمد صالح النقيب\", \"level\": 4, \"gender\": \"ذكر\", \"college\": 1, \"department\": 1, \"active_code\": \"2019040227\", \"qualification\": \"البكالوريوس\", \"enrollment_year\": 2021}, {\"card\": \"2021040065\", \"name\": \"عبدالمجيد عبدالله علي الخولاني\", \"level\": 4, \"gender\": \"ذكر\", \"college\": 1, \"department\": 1, \"active_code\": \"2021040065\", \"qualification\": \"البكالوريوس\", \"enrollment_year\": 2021}, {\"card\": \"2021040067\", \"name\": \"عبدالوكيل عباس عبدالله الخضر\", \"level\": 4, \"gender\": \"ذكر\", \"college\": 1, \"department\": 1, \"active_code\": \"2021040067\", \"qualification\": \"البكالوريوس\", \"enrollment_year\": 2021}, {\"card\": \"2021040069\", \"name\": \"عبدالوهاب عادل صالح محمد حسان\", \"level\": 4, \"gender\": \"ذكر\", \"college\": 1, \"department\": 1, \"active_code\": \"2021040069\", \"qualification\": \"البكالوريوس\", \"enrollment_year\": 2021}, {\"card\": \"2021040070\", \"name\": \"عرفات عارف عبدالله حوشية\", \"level\": 4, \"gender\": \"ذكر\", \"college\": 1, \"department\": 1, \"active_code\": \"2021040070\", \"qualification\": \"البكالوريوس\", \"enrollment_year\": 2021}, {\"card\": \"2021040071\", \"name\": \"عزالدين عبده احمد علي البحري\", \"level\": 4, \"gender\": \"ذكر\", \"college\": 1, \"department\": 1, \"active_code\": \"2021040071\", \"qualification\": \"البكالوريوس\", \"enrollment_year\": 2021}, {\"card\": \"2019040222\", \"name\": \"عصام محمد احمد محمد القرني\", \"level\": 4, \"gender\": \"ذكر\", \"college\": 1, \"department\": 1, \"active_code\": \"2019040222\", \"qualification\": \"البكالوريوس\", \"enrollment_year\": 2021}, {\"card\": \"2021040073\", \"name\": \"علا حسن صالح محمد العبسي\", \"level\": 4, \"gender\": \"انثى\", \"college\": 1, \"department\": 1, \"active_code\": \"2021040073\", \"qualification\": \"البكالوريوس\", \"enrollment_year\": 2021}, {\"card\": \"2021040074\", \"name\": \"علوية حسن صالح العيسي\", \"level\": 4, \"gender\": \"انثى\", \"college\": 1, \"department\": 1, \"active_code\": \"2021040074\", \"qualification\": \"البكالوريوس\", \"enrollment_year\": 2021}, {\"card\": \"2021040075\", \"name\": \"علي خالد علي سالم الربيعان\", \"level\": 4, \"gender\": \"ذكر\", \"college\": 1, \"department\": 1, \"active_code\": \"2021040075\", \"qualification\": \"البكالوريوس\", \"enrollment_year\": 2021}, {\"card\": \"2019040158\", \"name\": \"علي صالح محمد القمري\", \"level\": 4, \"gender\": \"ذكر\", \"college\": 1, \"department\": 1, \"active_code\": \"2019040158\", \"qualification\": \"البكالوريوس\", \"enrollment_year\": 2021}, {\"card\": \"2021040234\", \"name\": \"علي مجاهد مهدي هادي العفاد\", \"level\": 4, \"gender\": \"ذكر\", \"college\": 1, \"department\": 1, \"active_code\": \"2021040234\", \"qualification\": \"البكالوريوس\", \"enrollment_year\": 2021}, {\"card\": \"2021040076\", \"name\": \"علياء احمد عبدالله علي الوشلي\", \"level\": 4, \"gender\": \"انثى\", \"college\": 1, \"department\": 1, \"active_code\": \"2021040076\", \"qualification\": \"البكالوريوس\", \"enrollment_year\": 2021}, {\"card\": \"2021040077\", \"name\": \"عماد عادل علي احمد السنباني\", \"level\": 4, \"gender\": \"ذكر\", \"college\": 1, \"department\": 1, \"active_code\": \"2021040077\", \"qualification\": \"البكالوريوس\", \"enrollment_year\": 2021}, {\"card\": \"2021040255\", \"name\": \"عمادالدين رياض صالح مهدي المنصوب\", \"level\": 4, \"gender\": \"ذكر\", \"college\": 1, \"department\": 1, \"active_code\": \"2021040255\", \"qualification\": \"البكالوريوس\", \"enrollment_year\": 2021}, {\"card\": \"2020040082\", \"name\": \"عمار علي علي السماوي\", \"level\": 4, \"gender\": \"ذكر\", \"college\": 1, \"department\": 1, \"active_code\": \"2020040082\", \"qualification\": \"البكالوريوس\", \"enrollment_year\": 2021}, {\"card\": \"2021040078\", \"name\": \"عمر احمد عثمان علي\", \"level\": 4, \"gender\": \"ذكر\", \"college\": 1, \"department\": 1, \"active_code\": \"2021040078\", \"qualification\": \"البكالوريوس\", \"enrollment_year\": 2021}, {\"card\": \"2021040079\", \"name\": \"عمر عبده محمد جارالله العسكري\", \"level\": 4, \"gender\": \"ذكر\", \"college\": 1, \"department\": 1, \"active_code\": \"2021040079\", \"qualification\": \"البكالوريوس\", \"enrollment_year\": 2021}, {\"card\": \"2020040083\", \"name\": \"عمرو عايش سعيد عوض\", \"level\": 4, \"gender\": \"ذكر\", \"college\": 1, \"department\": 1, \"active_code\": \"2020040083\", \"qualification\": \"البكالوريوس\", \"enrollment_year\": 2021}, {\"card\": \"2020040274\", \"name\": \"عمرو فواز محمد الحبشي\", \"level\": 4, \"gender\": \"ذكر\", \"college\": 1, \"department\": 1, \"active_code\": \"2020040274\", \"qualification\": \"البكالوريوس\", \"enrollment_year\": 2021}, {\"card\": \"2021040272\", \"name\": \"عمرو قاسم علي محمد القعاري\", \"level\": 4, \"gender\": \"ذكر\", \"college\": 1, \"department\": 1, \"active_code\": \"2021040272\", \"qualification\": \"البكالوريوس\", \"enrollment_year\": 2021}, {\"card\": \"2021040080\", \"name\": \"عهد بشير علي الكولي\", \"level\": 4, \"gender\": \"انثى\", \"college\": 1, \"department\": 1, \"active_code\": \"2021040080\", \"qualification\": \"البكالوريوس\", \"enrollment_year\": 2021}, {\"card\": \"2021040081\", \"name\": \"عبسي احمد حسين الجعدبي\", \"level\": 4, \"gender\": \"ذكر\", \"college\": 1, \"department\": 1, \"active_code\": \"2021040081\", \"qualification\": \"البكالوريوس\", \"enrollment_year\": 2021}, {\"card\": \"2021040236\", \"name\": \"عبسي عمران مقرح سعيد\", \"level\": 4, \"gender\": \"ذكر\", \"college\": 1, \"department\": 1, \"active_code\": \"2021040236\", \"qualification\": \"البكالوريوس\", \"enrollment_year\": 2021}, {\"card\": \"2021040236\", \"name\": \"غدير علي صالح الفحفه\", \"level\": 4, \"gender\": \"انثى\", \"college\": 1, \"department\": 1, \"active_code\": \"2021040236\", \"qualification\": \"البكالوريوس\", \"enrollment_year\": 2021}, {\"card\": \"2019040223\", \"name\": \"فاطمة عبده طاهر عبدالرحمن النهاري\", \"level\": 4, \"gender\": \"انثى\", \"college\": 1, \"department\": 1, \"active_code\": \"2019040223\", \"qualification\": \"البكالوريوس\", \"enrollment_year\": 2021}, {\"card\": \"2021040083\", \"name\": \"فضل حاتم غالب محمد\", \"level\": 4, \"gender\": \"ذكر\", \"college\": 1, \"department\": 1, \"active_code\": \"2021040083\", \"qualification\": \"البكالوريوس\", \"enrollment_year\": 2021}, {\"card\": \"2019040161\", \"name\": \"فيصل صالح احمد احمد عيسى\", \"level\": 4, \"gender\": \"ذكر\", \"college\": 1, \"department\": 1, \"active_code\": \"2019040161\", \"qualification\": \"البكالوريوس\", \"enrollment_year\": 2021}, {\"card\": \"2021040084\", \"name\": \"قناف احمد عبدالله عبدربه المرامي\", \"level\": 4, \"gender\": \"ذكر\", \"college\": 1, \"department\": 1, \"active_code\": \"2021040084\", \"qualification\": \"البكالوريوس\", \"enrollment_year\": 2021}, {\"card\": \"2021040256\", \"name\": \"لؤي عبدالله احمد عبدالله\", \"level\": 4, \"gender\": \"ذكر\", \"college\": 1, \"department\": 1, \"active_code\": \"2021040256\", \"qualification\": \"البكالوريوس\", \"enrollment_year\": 2021}, {\"card\": \"2020040196\", \"name\": \"ماجد عبدالله يحيى عبده\", \"level\": 4, \"gender\": \"ذكر\", \"college\": 1, \"department\": 1, \"active_code\": \"2020040196\", \"qualification\": \"البكالوريوس\", \"enrollment_year\": 2021}, {\"card\": \"2021040257\", \"name\": \"محمد احمد علي محمد صالح\", \"level\": 4, \"gender\": \"ذكر\", \"college\": 1, \"department\": 1, \"active_code\": \"2021040257\", \"qualification\": \"البكالوريوس\", \"enrollment_year\": 2021}, {\"card\": \"2021040238\", \"name\": \"محمد احمد محمد الرشيدي\", \"level\": 4, \"gender\": \"ذكر\", \"college\": 1, \"department\": 1, \"active_code\": \"2021040238\", \"qualification\": \"البكالوريوس\", \"enrollment_year\": 2021}, {\"card\": \"2020030202\", \"name\": \"محمد تيسير احمد علي قاسم\", \"level\": 4, \"gender\": \"ذكر\", \"college\": 1, \"department\": 1, \"active_code\": \"2020030202\", \"qualification\": \"البكالوريوس\", \"enrollment_year\": 2021}, {\"card\": \"2021040086\", \"name\": \"محمد دحان احمد قاسم محرم\", \"level\": 4, \"gender\": \"ذكر\", \"college\": 1, \"department\": 1, \"active_code\": \"2021040086\", \"qualification\": \"البكالوريوس\", \"enrollment_year\": 2021}, {\"card\": \"2021040242\", \"name\": \"محمد عارف محمد المجهلي\", \"level\": 4, \"gender\": \"ذكر\", \"college\": 1, \"department\": 1, \"active_code\": \"2021040242\", \"qualification\": \"البكالوريوس\", \"enrollment_year\": 2021}, {\"card\": \"2021040273\", \"name\": \"محمد عبدالرحمن جزام صالح العماري\", \"level\": 4, \"gender\": \"ذكر\", \"college\": 1, \"department\": 1, \"active_code\": \"2021040273\", \"qualification\": \"البكالوريوس\", \"enrollment_year\": 2021}, {\"card\": \"2020040260\", \"name\": \"محمد عبدالعزيز صالح محمد مصلح\", \"level\": 4, \"gender\": \"ذكر\", \"college\": 1, \"department\": 1, \"active_code\": \"2020040260\", \"qualification\": \"البكالوريوس\", \"enrollment_year\": 2021}, {\"card\": \"2021040274\", \"name\": \"محمد عبدالكريم حسن ناجي السلامي\", \"level\": 4, \"gender\": \"ذكر\", \"college\": 1, \"department\": 1, \"active_code\": \"2021040274\", \"qualification\": \"البكالوريوس\", \"enrollment_year\": 2021}, {\"card\": \"2021040275\", \"name\": \"محمد عبدالكريم محمد النهاري\", \"level\": 4, \"gender\": \"ذكر\", \"college\": 1, \"department\": 1, \"active_code\": \"2021040275\", \"qualification\": \"البكالوريوس\", \"enrollment_year\": 2021}, {\"card\": \"2021040090\", \"name\": \"محمد علي عبدالله علي القرش\", \"level\": 4, \"gender\": \"ذكر\", \"college\": 1, \"department\": 1, \"active_code\": \"2021040090\", \"qualification\": \"البكالوريوس\", \"enrollment_year\": 2021}, {\"card\": \"2021040091\", \"name\": \"محمد مراد يحيى البخيتي\", \"level\": 4, \"gender\": \"ذكر\", \"college\": 1, \"department\": 1, \"active_code\": \"2021040091\", \"qualification\": \"البكالوريوس\", \"enrollment_year\": 2021}, {\"card\": \"2021040243\", \"name\": \"محمد منير مقبل عوض العيسى\", \"level\": 4, \"gender\": \"ذكر\", \"college\": 1, \"department\": 1, \"active_code\": \"2021040243\", \"qualification\": \"البكالوريوس\", \"enrollment_year\": 2021}, {\"card\": \"2021040286\", \"name\": \"مروان عادل ناصر علي شرھان\", \"level\": 4, \"gender\": \"ذكر\", \"college\": 1, \"department\": 1, \"active_code\": \"2021040286\", \"qualification\": \"البكالوريوس\", \"enrollment_year\": 2021}, {\"card\": \"2021040205\", \"name\": \"مسعد علي مسعد محمد العولقي\", \"level\": 4, \"gender\": \"ذكر\", \"college\": 1, \"department\": 1, \"active_code\": \"2021040205\", \"qualification\": \"البكالوريوس\", \"enrollment_year\": 2021}, {\"card\": \"2021040287\", \"name\": \"مطرف محمد احمد شقام\", \"level\": 4, \"gender\": \"ذكر\", \"college\": 1, \"department\": 1, \"active_code\": \"2021040287\", \"qualification\": \"البكالوريوس\", \"enrollment_year\": 2021}, {\"card\": \"2021040223\", \"name\": \"معاذ عبدالسلام حيدر علي الصالحي\", \"level\": 4, \"gender\": \"ذكر\", \"college\": 1, \"department\": 1, \"active_code\": \"2021040223\", \"qualification\": \"البكالوريوس\", \"enrollment_year\": 2021}, {\"card\": \"2021040094\", \"name\": \"معاذ محمد عبده محمد الذيب\", \"level\": 4, \"gender\": \"ذكر\", \"college\": 1, \"department\": 1, \"active_code\": \"2021040094\", \"qualification\": \"البكالوريوس\", \"enrollment_year\": 2021}, {\"card\": \"2021040096\", \"name\": \"منال محمد علي الحدي\", \"level\": 4, \"gender\": \"انثى\", \"college\": 1, \"department\": 1, \"active_code\": \"2021040096\", \"qualification\": \"البكالوريوس\", \"enrollment_year\": 2021}, {\"card\": \"2019040213\", \"name\": \"مهند وھيب حسن عبدالرحمن\", \"level\": 4, \"gender\": \"ذكر\", \"college\": 1, \"department\": 1, \"active_code\": \"2019040213\", \"qualification\": \"البكالوريوس\", \"enrollment_year\": 2021}, {\"card\": \"2021040098\", \"name\": \"موسى محروز علي صالح الجلال\", \"level\": 4, \"gender\": \"ذكر\", \"college\": 1, \"department\": 1, \"active_code\": \"2021040098\", \"qualification\": \"البكالوريوس\", \"enrollment_year\": 2021}, {\"card\": \"2021040099\", \"name\": \"ميس احمد محمد زندال\", \"level\": 4, \"gender\": \"انثى\", \"college\": 1, \"department\": 1, \"active_code\": \"2021040099\", \"qualification\": \"البكالوريوس\", \"enrollment_year\": 2021}, {\"card\": \"2021040258\", \"name\": \"ناظم قيس ناجي قايد الفحفه\", \"level\": 4, \"gender\": \"ذكر\", \"college\": 1, \"department\": 1, \"active_code\": \"2021040258\", \"qualification\": \"البكالوريوس\", \"enrollment_year\": 2021}, {\"card\": \"2021040259\", \"name\": \"نايف محمد محمد مصلح منيف\", \"level\": 4, \"gender\": \"ذكر\", \"college\": 1, \"department\": 1, \"active_code\": \"2021040259\", \"qualification\": \"البكالوريوس\", \"enrollment_year\": 2021}, {\"card\": \"2021040240\", \"name\": \"نجم الدين احمد حسين يحيى القعافي\", \"level\": 4, \"gender\": \"ذكر\", \"college\": 1, \"department\": 1, \"active_code\": \"2021040240\", \"qualification\": \"البكالوريوس\", \"enrollment_year\": 2021}, {\"card\": \"2021040101\", \"name\": \"نصر الدين محمد احمد علي قاسم\", \"level\": 4, \"gender\": \"ذكر\", \"college\": 1, \"department\": 1, \"active_code\": \"2021040101\", \"qualification\": \"البكالوريوس\", \"enrollment_year\": 2021}, {\"card\": \"2021040102\", \"name\": \"نوال عبدالواسع عبدالله النهاري\", \"level\": 4, \"gender\": \"انثى\", \"college\": 1, \"department\": 1, \"active_code\": \"2021040102\", \"qualification\": \"البكالوريوس\", \"enrollment_year\": 2021}, {\"card\": \"2021040103\", \"name\": \"نورالعين نبيل مالك العزاني\", \"level\": 4, \"gender\": \"انثى\", \"college\": 1, \"department\": 1, \"active_code\": \"2021040103\", \"qualification\": \"البكالوريوس\", \"enrollment_year\": 2021}, {\"card\": \"2021040104\", \"name\": \"هارون محمد محمد علي محمد الشويخ\", \"level\": 4, \"gender\": \"ذكر\", \"college\": 1, \"department\": 1, \"active_code\": \"2021040104\", \"qualification\": \"البكالوريوس\", \"enrollment_year\": 2021}, {\"card\": \"2021040276\", \"name\": \"هديل عبدالسلام مصلح غانم\", \"level\": 4, \"gender\": \"انثى\", \"college\": 1, \"department\": 1, \"active_code\": \"2021040276\", \"qualification\": \"البكالوريوس\", \"enrollment_year\": 2021}, {\"card\": \"2021040106\", \"name\": \"هديل يحبي محمد احمد المجهلي\", \"level\": 4, \"gender\": \"انثى\", \"college\": 1, \"department\": 1, \"active_code\": \"2021040106\", \"qualification\": \"البكالوريوس\", \"enrollment_year\": 2021}, {\"card\": \"2021040107\", \"name\": \"هلا عبده هائل سلام نعمان\", \"level\": 4, \"gender\": \"انثى\", \"college\": 1, \"department\": 1, \"active_code\": \"2021040107\", \"qualification\": \"البكالوريوس\", \"enrollment_year\": 2021}, {\"card\": \"2021040108\", \"name\": \"وجدان بسام عبدالله الهتاري\", \"level\": 4, \"gender\": \"انثى\", \"college\": 1, \"department\": 1, \"active_code\": \"2021040108\", \"qualification\": \"البكالوريوس\", \"enrollment_year\": 2021}, {\"card\": \"2021040109\", \"name\": \"وجدان نجيب مانع المقدشي\", \"level\": 4, \"gender\": \"انثى\", \"college\": 1, \"department\": 1, \"active_code\": \"2021040109\", \"qualification\": \"البكالوريوس\", \"enrollment_year\": 2021}, {\"card\": \"2021040277\", \"name\": \"وهيب علي علي سعيد الضيباني\", \"level\": 4, \"gender\": \"ذكر\", \"college\": 1, \"department\": 1, \"active_code\": \"2021040277\", \"qualification\": \"البكالوريوس\", \"enrollment_year\": 2021}, {\"card\": \"2021040278\", \"name\": \"يحيى عبدالله مانع سعد المقدشي\", \"level\": 4, \"gender\": \"ذكر\", \"college\": 1, \"department\": 1, \"active_code\": \"2021040278\", \"qualification\": \"البكالوريوس\", \"enrollment_year\": 2021}, {\"card\": \"2021040110\", \"name\": \"يحيى محمد يحبي عباش\", \"level\": 4, \"gender\": \"ذكر\", \"college\": 1, \"department\": 1, \"active_code\": \"2021040110\", \"qualification\": \"البكالوريوس\", \"enrollment_year\": 2021}, {\"card\": \"2023050001\", \"name\": \"علي محمد أحمد\", \"level\": 1, \"gender\": \"ذكر\", \"college\": 1, \"department\": 1, \"active_code\": \"2023050001\", \"qualification\": \"البكالوريوس\", \"enrollment_year\": 2023}, {\"card\": \"2022050002\", \"name\": \"فاطمة عبدالله حسن\", \"level\": 2, \"gender\": \"انثى\", \"college\": 1, \"department\": 2, \"active_code\": \"2022050002\", \"qualification\": \"البكالوريوس\", \"enrollment_year\": 2022}, {\"card\": \"2021050003\", \"name\": \"محمد خالد سعيد\", \"level\": 3, \"gender\": \"ذكر\", \"college\": 1, \"department\": 1, \"active_code\": \"2021050003\", \"qualification\": \"البكالوريوس\", \"enrollment_year\": 2021}, {\"card\": \"2020050004\", \"name\": \"سارة أحمد علي\", \"level\": 4, \"gender\": \"انثى\", \"college\": 1, \"department\": 2, \"active_code\": \"2020050004\", \"qualification\": \"البكالوريوس\", \"enrollment_year\": 2020}, {\"card\": \"2023050005\", \"name\": \"عبدالله سليمان محمد\", \"level\": 1, \"gender\": \"ذكر\", \"college\": 1, \"department\": 1, \"active_code\": \"2023050005\", \"qualification\": \"البكالوريوس\", \"enrollment_year\": 2023}, {\"card\": \"2022050006\", \"name\": \"ليلى محمود حسن\", \"level\": 2, \"gender\": \"انثى\", \"college\": 1, \"department\": 2, \"active_code\": \"2022050006\", \"qualification\": \"البكالوريوس\", \"enrollment_year\": 2022}, {\"card\": \"2021050007\", \"name\": \"خالد أحمد علي\", \"level\": 3, \"gender\": \"ذكر\", \"college\": 1, \"department\": 1, \"active_code\": \"2021050007\", \"qualification\": \"البكالوريوس\", \"enrollment_year\": 2021}, {\"card\": \"2020050008\", \"name\": \"أمل سعيد عبدالله\", \"level\": 4, \"gender\": \"انثى\", \"college\": 1, \"department\": 2, \"active_code\": \"2020050008\", \"qualification\": \"البكالوريوس\", \"enrollment_year\": 2020}, {\"card\": \"2023050009\", \"name\": \"يوسف محمد حسن\", \"level\": 1, \"gender\": \"ذكر\", \"college\": 1, \"department\": 1, \"active_code\": \"2023050009\", \"qualification\": \"البكالوريوس\", \"enrollment_year\": 2023}, {\"card\": \"2022050010\", \"name\": \"نورا علي سليمان\", \"level\": 2, \"gender\": \"انثى\", \"college\": 1, \"department\": 2, \"active_code\": \"2022050010\", \"qualification\": \"البكالوريوس\", \"enrollment_year\": 2022}]', 1, '2025-03-04 16:09:00', '2025-03-04 16:09:00'),
(2, 'اسماء عشوائية', '[{\"card\": \"2021020002\", \"name\": \"محمود حسين حسين عيسى\", \"level\": 2, \"gender\": \"ذكر\", \"college\": 1, \"department\": 3, \"active_code\": \"2021020002\", \"qualification\": \"البكالوريوس\", \"enrollment_year\": 2021}, {\"card\": \"2021030003\", \"name\": \"فاطمة إبراهيم علي المهدي\", \"level\": 3, \"gender\": \"انثى\", \"college\": 1, \"department\": 1, \"active_code\": \"2021030003\", \"qualification\": \"البكالوريوس\", \"enrollment_year\": 2021}, {\"card\": \"2021020004\", \"name\": \"أحمد مصطفى أحمد سلامه\", \"level\": 2, \"gender\": \"ذكر\", \"college\": 1, \"department\": 5, \"active_code\": \"2021020004\", \"qualification\": \"البكالوريوس\", \"enrollment_year\": 2021}, {\"card\": \"2021030005\", \"name\": \"أحمد أحمد أحمد الشريف\", \"level\": 3, \"gender\": \"ذكر\", \"college\": 1, \"department\": 3, \"active_code\": \"2021030005\", \"qualification\": \"البكالوريوس\", \"enrollment_year\": 2021}, {\"card\": \"2021010006\", \"name\": \"هبة محمد مصطفى الشريف\", \"level\": 1, \"gender\": \"انثى\", \"college\": 1, \"department\": 4, \"active_code\": \"2021010006\", \"qualification\": \"البكالوريوس\", \"enrollment_year\": 2021}, {\"card\": \"2021030007\", \"name\": \"إيمان أحمد عبده الشريف\", \"level\": 3, \"gender\": \"انثى\", \"college\": 1, \"department\": 2, \"active_code\": \"2021030007\", \"qualification\": \"البكالوريوس\", \"enrollment_year\": 2021}, {\"card\": \"2021030008\", \"name\": \"نورا نبيل إبراهيم المهدي\", \"level\": 3, \"gender\": \"انثى\", \"college\": 1, \"department\": 3, \"active_code\": \"2021030008\", \"qualification\": \"البكالوريوس\", \"enrollment_year\": 2021}, {\"card\": \"2021040009\", \"name\": \"أحمد حسين أحمد السيد\", \"level\": 4, \"gender\": \"ذكر\", \"college\": 1, \"department\": 5, \"active_code\": \"2021040009\", \"qualification\": \"البكالوريوس\", \"enrollment_year\": 2021}, {\"card\": \"2021020010\", \"name\": \"منى حسين علي الزهراني\", \"level\": 2, \"gender\": \"انثى\", \"college\": 1, \"department\": 3, \"active_code\": \"2021020010\", \"qualification\": \"البكالوريوس\", \"enrollment_year\": 2021}, {\"card\": \"2021020011\", \"name\": \"إيمان مصطفى حسين المهدي\", \"level\": 2, \"gender\": \"انثى\", \"college\": 1, \"department\": 5, \"active_code\": \"2021020011\", \"qualification\": \"البكالوريوس\", \"enrollment_year\": 2021}, {\"card\": \"2021010012\", \"name\": \"منى عبده مصطفى الشريف\", \"level\": 1, \"gender\": \"انثى\", \"college\": 1, \"department\": 5, \"active_code\": \"2021010012\", \"qualification\": \"البكالوريوس\", \"enrollment_year\": 2021}, {\"card\": \"2021040013\", \"name\": \"حسن علي إبراهيم السيد\", \"level\": 4, \"gender\": \"ذكر\", \"college\": 1, \"department\": 2, \"active_code\": \"2021040013\", \"qualification\": \"البكالوريوس\", \"enrollment_year\": 2021}, {\"card\": \"2021030014\", \"name\": \"محمد أحمد أحمد عيسى\", \"level\": 3, \"gender\": \"ذكر\", \"college\": 1, \"department\": 1, \"active_code\": \"2021030014\", \"qualification\": \"البكالوريوس\", \"enrollment_year\": 2021}, {\"card\": \"2021040015\", \"name\": \"خالد إبراهيم إبراهيم السيد\", \"level\": 4, \"gender\": \"ذكر\", \"college\": 1, \"department\": 5, \"active_code\": \"2021040015\", \"qualification\": \"البكالوريوس\", \"enrollment_year\": 2021}, {\"card\": \"2021040016\", \"name\": \"منى محمد نبيل عيسى\", \"level\": 4, \"gender\": \"انثى\", \"college\": 1, \"department\": 2, \"active_code\": \"2021040016\", \"qualification\": \"البكالوريوس\", \"enrollment_year\": 2021}, {\"card\": \"2021030017\", \"name\": \"إبراهيم أحمد علي السيد\", \"level\": 3, \"gender\": \"ذكر\", \"college\": 1, \"department\": 2, \"active_code\": \"2021030017\", \"qualification\": \"البكالوريوس\", \"enrollment_year\": 2021}, {\"card\": \"2021030018\", \"name\": \"سعيد محمد نبيل مراد\", \"level\": 3, \"gender\": \"ذكر\", \"college\": 1, \"department\": 1, \"active_code\": \"2021030018\", \"qualification\": \"البكالوريوس\", \"enrollment_year\": 2021}, {\"card\": \"2021040019\", \"name\": \"حسن مصطفى محمد مراد\", \"level\": 4, \"gender\": \"ذكر\", \"college\": 1, \"department\": 5, \"active_code\": \"2021040019\", \"qualification\": \"البكالوريوس\", \"enrollment_year\": 2021}, {\"card\": \"2021010020\", \"name\": \"سعاد حسين عبده السيد\", \"level\": 1, \"gender\": \"انثى\", \"college\": 1, \"department\": 2, \"active_code\": \"2021010020\", \"qualification\": \"البكالوريوس\", \"enrollment_year\": 2021}, {\"card\": \"2021010021\", \"name\": \"سعاد مصطفى علي السيد\", \"level\": 1, \"gender\": \"انثى\", \"college\": 1, \"department\": 4, \"active_code\": \"2021010021\", \"qualification\": \"البكالوريوس\", \"enrollment_year\": 2021}, {\"card\": \"2021010022\", \"name\": \"محمد محمد مصطفى الزهراني\", \"level\": 1, \"gender\": \"ذكر\", \"college\": 1, \"department\": 3, \"active_code\": \"2021010022\", \"qualification\": \"البكالوريوس\", \"enrollment_year\": 2021}, {\"card\": \"2021010023\", \"name\": \"منى حسين علي سلامه\", \"level\": 1, \"gender\": \"انثى\", \"college\": 1, \"department\": 1, \"active_code\": \"2021010023\", \"qualification\": \"البكالوريوس\", \"enrollment_year\": 2021}, {\"card\": \"2021020024\", \"name\": \"فاطمة نبيل مصطفى عيسى\", \"level\": 2, \"gender\": \"انثى\", \"college\": 1, \"department\": 1, \"active_code\": \"2021020024\", \"qualification\": \"البكالوريوس\", \"enrollment_year\": 2021}, {\"card\": \"2021010025\", \"name\": \"مريم عبده مصطفى الزهراني\", \"level\": 1, \"gender\": \"انثى\", \"college\": 1, \"department\": 3, \"active_code\": \"2021010025\", \"qualification\": \"البكالوريوس\", \"enrollment_year\": 2021}, {\"card\": \"2021030026\", \"name\": \"هبة عبده حسين السيد\", \"level\": 3, \"gender\": \"انثى\", \"college\": 1, \"department\": 2, \"active_code\": \"2021030026\", \"qualification\": \"البكالوريوس\", \"enrollment_year\": 2021}, {\"card\": \"2021040027\", \"name\": \"حسن حسين عبده الأنصاري\", \"level\": 4, \"gender\": \"ذكر\", \"college\": 1, \"department\": 5, \"active_code\": \"2021040027\", \"qualification\": \"البكالوريوس\", \"enrollment_year\": 2021}, {\"card\": \"2021040028\", \"name\": \"نورا علي أحمد عيسى\", \"level\": 4, \"gender\": \"انثى\", \"college\": 1, \"department\": 2, \"active_code\": \"2021040028\", \"qualification\": \"البكالوريوس\", \"enrollment_year\": 2021}, {\"card\": \"2021010029\", \"name\": \"نورا أحمد حسين الزهراني\", \"level\": 1, \"gender\": \"انثى\", \"college\": 1, \"department\": 1, \"active_code\": \"2021010029\", \"qualification\": \"البكالوريوس\", \"enrollment_year\": 2021}, {\"card\": \"2021020030\", \"name\": \"محمد نبيل حسين الشريف\", \"level\": 2, \"gender\": \"ذكر\", \"college\": 1, \"department\": 3, \"active_code\": \"2021020030\", \"qualification\": \"البكالوريوس\", \"enrollment_year\": 2021}, {\"card\": \"2021010031\", \"name\": \"ابتسام عبده عبده مراد\", \"level\": 1, \"gender\": \"انثى\", \"college\": 1, \"department\": 5, \"active_code\": \"2021010031\", \"qualification\": \"البكالوريوس\", \"enrollment_year\": 2021}, {\"card\": \"2021020032\", \"name\": \"إيمان مصطفى نبيل المهدي\", \"level\": 2, \"gender\": \"انثى\", \"college\": 1, \"department\": 5, \"active_code\": \"2021020032\", \"qualification\": \"البكالوريوس\", \"enrollment_year\": 2021}, {\"card\": \"2021010033\", \"name\": \"سعاد حسين أحمد المهدي\", \"level\": 1, \"gender\": \"انثى\", \"college\": 1, \"department\": 2, \"active_code\": \"2021010033\", \"qualification\": \"البكالوريوس\", \"enrollment_year\": 2021}, {\"card\": \"2021040034\", \"name\": \"مريم إبراهيم حسين مراد\", \"level\": 4, \"gender\": \"انثى\", \"college\": 1, \"department\": 4, \"active_code\": \"2021040034\", \"qualification\": \"البكالوريوس\", \"enrollment_year\": 2021}, {\"card\": \"2021030035\", \"name\": \"خالد محمد علي المهدي\", \"level\": 3, \"gender\": \"ذكر\", \"college\": 1, \"department\": 3, \"active_code\": \"2021030035\", \"qualification\": \"البكالوريوس\", \"enrollment_year\": 2021}, {\"card\": \"2021020036\", \"name\": \"ابتسام مصطفى محمد مراد\", \"level\": 2, \"gender\": \"انثى\", \"college\": 1, \"department\": 2, \"active_code\": \"2021020036\", \"qualification\": \"البكالوريوس\", \"enrollment_year\": 2021}, {\"card\": \"2021040037\", \"name\": \"يوسف علي عبده السيد\", \"level\": 4, \"gender\": \"ذكر\", \"college\": 1, \"department\": 3, \"active_code\": \"2021040037\", \"qualification\": \"البكالوريوس\", \"enrollment_year\": 2021}, {\"card\": \"2021040038\", \"name\": \"حسن نبيل إبراهيم الزهراني\", \"level\": 4, \"gender\": \"ذكر\", \"college\": 1, \"department\": 2, \"active_code\": \"2021040038\", \"qualification\": \"البكالوريوس\", \"enrollment_year\": 2021}, {\"card\": \"2021030039\", \"name\": \"حسن أحمد محمد السيد\", \"level\": 3, \"gender\": \"ذكر\", \"college\": 1, \"department\": 3, \"active_code\": \"2021030039\", \"qualification\": \"البكالوريوس\", \"enrollment_year\": 2021}, {\"card\": \"2021020040\", \"name\": \"إبراهيم علي نبيل عيسى\", \"level\": 2, \"gender\": \"ذكر\", \"college\": 1, \"department\": 3, \"active_code\": \"2021020040\", \"qualification\": \"البكالوريوس\", \"enrollment_year\": 2021}, {\"card\": \"2021010041\", \"name\": \"يوسف مصطفى محمد مراد\", \"level\": 1, \"gender\": \"ذكر\", \"college\": 1, \"department\": 1, \"active_code\": \"2021010041\", \"qualification\": \"البكالوريوس\", \"enrollment_year\": 2021}, {\"card\": \"2021010042\", \"name\": \"حسن أحمد محمد المهدي\", \"level\": 1, \"gender\": \"ذكر\", \"college\": 1, \"department\": 4, \"active_code\": \"2021010042\", \"qualification\": \"البكالوريوس\", \"enrollment_year\": 2021}, {\"card\": \"2021020043\", \"name\": \"إبراهيم علي محمد الشريف\", \"level\": 2, \"gender\": \"ذكر\", \"college\": 1, \"department\": 2, \"active_code\": \"2021020043\", \"qualification\": \"البكالوريوس\", \"enrollment_year\": 2021}, {\"card\": \"2021020044\", \"name\": \"فاطمة علي محمد الزهراني\", \"level\": 2, \"gender\": \"انثى\", \"college\": 1, \"department\": 4, \"active_code\": \"2021020044\", \"qualification\": \"البكالوريوس\", \"enrollment_year\": 2021}, {\"card\": \"2021010045\", \"name\": \"مريم عبده عبده عيسى\", \"level\": 1, \"gender\": \"انثى\", \"college\": 1, \"department\": 5, \"active_code\": \"2021010045\", \"qualification\": \"البكالوريوس\", \"enrollment_year\": 2021}, {\"card\": \"2021030046\", \"name\": \"محمود أحمد نبيل سلامه\", \"level\": 3, \"gender\": \"ذكر\", \"college\": 1, \"department\": 4, \"active_code\": \"2021030046\", \"qualification\": \"البكالوريوس\", \"enrollment_year\": 2021}, {\"card\": \"2021040047\", \"name\": \"سعيد علي إبراهيم عيسى\", \"level\": 4, \"gender\": \"ذكر\", \"college\": 1, \"department\": 4, \"active_code\": \"2021040047\", \"qualification\": \"البكالوريوس\", \"enrollment_year\": 2021}, {\"card\": \"2021020048\", \"name\": \"سعيد إبراهيم نبيل السيد\", \"level\": 2, \"gender\": \"ذكر\", \"college\": 1, \"department\": 1, \"active_code\": \"2021020048\", \"qualification\": \"البكالوريوس\", \"enrollment_year\": 2021}, {\"card\": \"2021010049\", \"name\": \"يوسف أحمد أحمد مراد\", \"level\": 1, \"gender\": \"ذكر\", \"college\": 1, \"department\": 1, \"active_code\": \"2021010049\", \"qualification\": \"البكالوريوس\", \"enrollment_year\": 2021}, {\"card\": \"2021020050\", \"name\": \"سعيد عبده نبيل عيسى\", \"level\": 2, \"gender\": \"ذكر\", \"college\": 1, \"department\": 4, \"active_code\": \"2021020050\", \"qualification\": \"البكالوريوس\", \"enrollment_year\": 2021}, {\"card\": \"2021030051\", \"name\": \"إبراهيم مصطفى إبراهيم مراد\", \"level\": 3, \"gender\": \"ذكر\", \"college\": 1, \"department\": 5, \"active_code\": \"2021030051\", \"qualification\": \"البكالوريوس\", \"enrollment_year\": 2021}]', 1, '2025-03-30 16:50:11', '2025-03-30 16:50:11');
INSERT INTO `students_data` (`id`, `name`, `data`, `status`, `created_at`, `updated_at`) VALUES
(3, 'طلاب كلية الطب البيطري', '[{\"card\": \"2024010001\", \"name\": \"ليان أحمد عبد القادر العلي\", \"level\": 1, \"gender\": \"انثى\", \"college\": 7, \"department\": 6, \"active_code\": \"2024010001\", \"qualification\": \"الدبلوم\", \"enrollment_year\": 2024}, {\"card\": \"2024010002\", \"name\": \"رهف محمد عبد الباسط درويش\", \"level\": 1, \"gender\": \"انثى\", \"college\": 7, \"department\": 6, \"active_code\": \"2024010002\", \"qualification\": \"الدبلوم\", \"enrollment_year\": 2024}, {\"card\": \"2024010003\", \"name\": \"ميساء حاتم صالح الجرمي\", \"level\": 1, \"gender\": \"انثى\", \"college\": 7, \"department\": 6, \"active_code\": \"2024010003\", \"qualification\": \"الدبلوم\", \"enrollment_year\": 2024}, {\"card\": \"2024010004\", \"name\": \"وسن عبد الحليم سامي عاشور\", \"level\": 1, \"gender\": \"انثى\", \"college\": 7, \"department\": 6, \"active_code\": \"2024010004\", \"qualification\": \"الدبلوم\", \"enrollment_year\": 2024}, {\"card\": \"2024010005\", \"name\": \"مرح مازن عبد اللطيف نوفل\", \"level\": 1, \"gender\": \"انثى\", \"college\": 7, \"department\": 6, \"active_code\": \"2024010005\", \"qualification\": \"الدبلوم\", \"enrollment_year\": 2024}, {\"card\": \"2024010006\", \"name\": \"ريهام يوسف عبد الناصر سلامة\", \"level\": 1, \"gender\": \"انثى\", \"college\": 7, \"department\": 6, \"active_code\": \"2024010006\", \"qualification\": \"الدبلوم\", \"enrollment_year\": 2024}, {\"card\": \"2024010007\", \"name\": \"شهد بسام عبد الرحمن خطاب\", \"level\": 1, \"gender\": \"انثى\", \"college\": 7, \"department\": 6, \"active_code\": \"2024010007\", \"qualification\": \"الدبلوم\", \"enrollment_year\": 2024}, {\"card\": \"2024010008\", \"name\": \"ربى سامر يوسف مقداد\", \"level\": 1, \"gender\": \"انثى\", \"college\": 7, \"department\": 6, \"active_code\": \"2024010008\", \"qualification\": \"الدبلوم\", \"enrollment_year\": 2024}, {\"card\": \"2024010009\", \"name\": \"جنى سليم محمد شاهين\", \"level\": 1, \"gender\": \"انثى\", \"college\": 7, \"department\": 6, \"active_code\": \"2024010009\", \"qualification\": \"الدبلوم\", \"enrollment_year\": 2024}, {\"card\": \"2024010010\", \"name\": \"سناء عادل حمد القاضي\", \"level\": 1, \"gender\": \"انثى\", \"college\": 7, \"department\": 6, \"active_code\": \"2024010010\", \"qualification\": \"الدبلوم\", \"enrollment_year\": 2024}, {\"card\": \"2024010011\", \"name\": \"هالة عبد الرحيم ناصر خطاب\", \"level\": 1, \"gender\": \"انثى\", \"college\": 7, \"department\": 6, \"active_code\": \"2024010011\", \"qualification\": \"الدبلوم\", \"enrollment_year\": 2024}, {\"card\": \"2024010012\", \"name\": \"يمنى نبيل أحمد القاسم\", \"level\": 1, \"gender\": \"انثى\", \"college\": 7, \"department\": 6, \"active_code\": \"2024010012\", \"qualification\": \"الدبلوم\", \"enrollment_year\": 2024}, {\"card\": \"2024010013\", \"name\": \"بيان عيسى عبد القادر الخطيب\", \"level\": 1, \"gender\": \"انثى\", \"college\": 7, \"department\": 6, \"active_code\": \"2024010013\", \"qualification\": \"الدبلوم\", \"enrollment_year\": 2024}, {\"card\": \"2024010014\", \"name\": \"أدهم يحيى عبد الرحمن حسين\", \"level\": 1, \"gender\": \"ذكر\", \"college\": 7, \"department\": 6, \"active_code\": \"2024010014\", \"qualification\": \"الدبلوم\", \"enrollment_year\": 2024}, {\"card\": \"2024010015\", \"name\": \"سليم خالد يونس المدهون\", \"level\": 1, \"gender\": \"ذكر\", \"college\": 7, \"department\": 6, \"active_code\": \"2024010015\", \"qualification\": \"الدبلوم\", \"enrollment_year\": 2024}, {\"card\": \"2024010016\", \"name\": \"أمير فهد حسين المدهون\", \"level\": 1, \"gender\": \"ذكر\", \"college\": 7, \"department\": 6, \"active_code\": \"2024010016\", \"qualification\": \"الدبلوم\", \"enrollment_year\": 2024}, {\"card\": \"2023030001\", \"name\": \"باسل سامي عبد السلام يوسف\", \"level\": 2, \"gender\": \"ذكر\", \"college\": 7, \"department\": 6, \"active_code\": \"2023030001\", \"qualification\": \"الدبلوم\", \"enrollment_year\": 2023}, {\"card\": \"2023030002\", \"name\": \"محمد جمال نبيل الكحلوت\", \"level\": 2, \"gender\": \"ذكر\", \"college\": 7, \"department\": 6, \"active_code\": \"2023030002\", \"qualification\": \"الدبلوم\", \"enrollment_year\": 2023}, {\"card\": \"2023030003\", \"name\": \"طارق فؤاد عدنان حمدان\", \"level\": 2, \"gender\": \"ذكر\", \"college\": 7, \"department\": 6, \"active_code\": \"2023030003\", \"qualification\": \"الدبلوم\", \"enrollment_year\": 2023}, {\"card\": \"2023030004\", \"name\": \"خالد أحمد ناصر العمري\", \"level\": 2, \"gender\": \"ذكر\", \"college\": 7, \"department\": 6, \"active_code\": \"2023030004\", \"qualification\": \"الدبلوم\", \"enrollment_year\": 2023}, {\"card\": \"2023030005\", \"name\": \"عبد الله سفيان نمر المصري\", \"level\": 2, \"gender\": \"ذكر\", \"college\": 7, \"department\": 6, \"active_code\": \"2023030005\", \"qualification\": \"الدبلوم\", \"enrollment_year\": 2023}, {\"card\": \"2023030006\", \"name\": \"أحمد حسام عبد الله العطار\", \"level\": 2, \"gender\": \"ذكر\", \"college\": 7, \"department\": 6, \"active_code\": \"2023030006\", \"qualification\": \"الدبلوم\", \"enrollment_year\": 2023}, {\"card\": \"2023030007\", \"name\": \"ياسر وليد ناصر أبو شعبان\", \"level\": 2, \"gender\": \"ذكر\", \"college\": 7, \"department\": 6, \"active_code\": \"2023030007\", \"qualification\": \"الدبلوم\", \"enrollment_year\": 2023}, {\"card\": \"2023030008\", \"name\": \"رامي حسن سليمان عوض\", \"level\": 2, \"gender\": \"ذكر\", \"college\": 7, \"department\": 6, \"active_code\": \"2023030008\", \"qualification\": \"الدبلوم\", \"enrollment_year\": 2023}, {\"card\": \"2023030009\", \"name\": \"باسل عمر كمال رضوان\", \"level\": 2, \"gender\": \"ذكر\", \"college\": 7, \"department\": 6, \"active_code\": \"2023030009\", \"qualification\": \"الدبلوم\", \"enrollment_year\": 2023}, {\"card\": \"2023030010\", \"name\": \"جواد محمود عبد الحي الأسطل\", \"level\": 2, \"gender\": \"ذكر\", \"college\": 7, \"department\": 6, \"active_code\": \"2023030010\", \"qualification\": \"الدبلوم\", \"enrollment_year\": 2023}, {\"card\": \"2023030011\", \"name\": \"طالب 2-11\", \"level\": 2, \"gender\": \"ذكر\", \"college\": 7, \"department\": 6, \"active_code\": \"2023030011\", \"qualification\": \"الدبلوم\", \"enrollment_year\": 2023}, {\"card\": \"2023030012\", \"name\": \"طالب 2-12\", \"level\": 2, \"gender\": \"انثى\", \"college\": 7, \"department\": 6, \"active_code\": \"2023030012\", \"qualification\": \"الدبلوم\", \"enrollment_year\": 2023}, {\"card\": \"2023030013\", \"name\": \"طالب 2-13\", \"level\": 2, \"gender\": \"ذكر\", \"college\": 7, \"department\": 6, \"active_code\": \"2023030013\", \"qualification\": \"الدبلوم\", \"enrollment_year\": 2023}, {\"card\": \"2023030014\", \"name\": \"طالب 2-14\", \"level\": 2, \"gender\": \"انثى\", \"college\": 7, \"department\": 6, \"active_code\": \"2023030014\", \"qualification\": \"الدبلوم\", \"enrollment_year\": 2023}, {\"card\": \"2023030015\", \"name\": \"طالب 2-15\", \"level\": 2, \"gender\": \"ذكر\", \"college\": 7, \"department\": 6, \"active_code\": \"2023030015\", \"qualification\": \"الدبلوم\", \"enrollment_year\": 2023}, {\"card\": \"2023030016\", \"name\": \"طالب 2-16\", \"level\": 2, \"gender\": \"انثى\", \"college\": 7, \"department\": 6, \"active_code\": \"2023030016\", \"qualification\": \"الدبلوم\", \"enrollment_year\": 2023}, {\"card\": \"2022040002\", \"name\": \"طالب 3-1\", \"level\": 3, \"gender\": \"ذكر\", \"college\": 7, \"department\": 6, \"active_code\": \"2022040002\", \"qualification\": \"الدبلوم\", \"enrollment_year\": 2022}, {\"card\": \"2022040003\", \"name\": \"طالب 3-2\", \"level\": 3, \"gender\": \"انثى\", \"college\": 7, \"department\": 6, \"active_code\": \"2022040003\", \"qualification\": \"الدبلوم\", \"enrollment_year\": 2022}, {\"card\": \"2022040004\", \"name\": \"طالب 3-3\", \"level\": 3, \"gender\": \"ذكر\", \"college\": 7, \"department\": 6, \"active_code\": \"2022040004\", \"qualification\": \"الدبلوم\", \"enrollment_year\": 2022}, {\"card\": \"2022040005\", \"name\": \"طالب 3-4\", \"level\": 3, \"gender\": \"انثى\", \"college\": 7, \"department\": 6, \"active_code\": \"2022040005\", \"qualification\": \"الدبلوم\", \"enrollment_year\": 2022}, {\"card\": \"2022040006\", \"name\": \"طالب 3-5\", \"level\": 3, \"gender\": \"ذكر\", \"college\": 7, \"department\": 6, \"active_code\": \"2022040006\", \"qualification\": \"الدبلوم\", \"enrollment_year\": 2022}, {\"card\": \"2022040007\", \"name\": \"طالب 3-6\", \"level\": 3, \"gender\": \"انثى\", \"college\": 7, \"department\": 6, \"active_code\": \"2022040007\", \"qualification\": \"الدبلوم\", \"enrollment_year\": 2022}, {\"card\": \"2022040008\", \"name\": \"طالب 3-7\", \"level\": 3, \"gender\": \"ذكر\", \"college\": 7, \"department\": 6, \"active_code\": \"2022040008\", \"qualification\": \"الدبلوم\", \"enrollment_year\": 2022}, {\"card\": \"2022040009\", \"name\": \"طالب 3-8\", \"level\": 3, \"gender\": \"انثى\", \"college\": 7, \"department\": 6, \"active_code\": \"2022040009\", \"qualification\": \"الدبلوم\", \"enrollment_year\": 2022}, {\"card\": \"2022040010\", \"name\": \"طالب 3-9\", \"level\": 3, \"gender\": \"ذكر\", \"college\": 7, \"department\": 6, \"active_code\": \"2022040010\", \"qualification\": \"الدبلوم\", \"enrollment_year\": 2022}, {\"card\": \"2022040011\", \"name\": \"طالب 3-10\", \"level\": 3, \"gender\": \"انثى\", \"college\": 7, \"department\": 6, \"active_code\": \"2022040011\", \"qualification\": \"الدبلوم\", \"enrollment_year\": 2022}, {\"card\": \"2022040012\", \"name\": \"طالب 3-11\", \"level\": 3, \"gender\": \"ذكر\", \"college\": 7, \"department\": 6, \"active_code\": \"2022040012\", \"qualification\": \"الدبلوم\", \"enrollment_year\": 2022}, {\"card\": \"2022040013\", \"name\": \"طالب 3-12\", \"level\": 3, \"gender\": \"انثى\", \"college\": 7, \"department\": 6, \"active_code\": \"2022040013\", \"qualification\": \"الدبلوم\", \"enrollment_year\": 2022}, {\"card\": \"2022040014\", \"name\": \"طالب 3-13\", \"level\": 3, \"gender\": \"ذكر\", \"college\": 7, \"department\": 6, \"active_code\": \"2022040014\", \"qualification\": \"الدبلوم\", \"enrollment_year\": 2022}, {\"card\": \"2022040015\", \"name\": \"طالب 3-14\", \"level\": 3, \"gender\": \"انثى\", \"college\": 7, \"department\": 6, \"active_code\": \"2022040015\", \"qualification\": \"الدبلوم\", \"enrollment_year\": 2022}, {\"card\": \"2022040016\", \"name\": \"طالب 3-15\", \"level\": 3, \"gender\": \"ذكر\", \"college\": 7, \"department\": 6, \"active_code\": \"2022040016\", \"qualification\": \"الدبلوم\", \"enrollment_year\": 2022}, {\"card\": \"2022040017\", \"name\": \"طالب 3-16\", \"level\": 3, \"gender\": \"انثى\", \"college\": 7, \"department\": 6, \"active_code\": \"2022040017\", \"qualification\": \"الدبلوم\", \"enrollment_year\": 2022}, {\"card\": \"2022040018\", \"name\": \"طالب 3-17\", \"level\": 3, \"gender\": \"ذكر\", \"college\": 7, \"department\": 6, \"active_code\": \"2022040018\", \"qualification\": \"الدبلوم\", \"enrollment_year\": 2022}, {\"card\": \"2022040019\", \"name\": \"طالب 3-18\", \"level\": 3, \"gender\": \"انثى\", \"college\": 7, \"department\": 6, \"active_code\": \"2022040019\", \"qualification\": \"الدبلوم\", \"enrollment_year\": 2022}]', 1, '2025-04-04 20:10:12', '2025-04-04 20:10:12'),
(4, 'طلاب كلية الطب البيطري', '[{\"card\": \"2024010001\", \"name\": \"ليان أحمد عبد القادر العلي\", \"level\": 1, \"gender\": \"انثى\", \"college\": 7, \"department\": 6, \"active_code\": \"2024010001\", \"qualification\": \"الدبلوم\", \"enrollment_year\": 2024}, {\"card\": \"2024010002\", \"name\": \"رهف محمد عبد الباسط درويش\", \"level\": 1, \"gender\": \"انثى\", \"college\": 7, \"department\": 6, \"active_code\": \"2024010002\", \"qualification\": \"الدبلوم\", \"enrollment_year\": 2024}, {\"card\": \"2024010003\", \"name\": \"ميساء حاتم صالح الجرمي\", \"level\": 1, \"gender\": \"انثى\", \"college\": 7, \"department\": 6, \"active_code\": \"2024010003\", \"qualification\": \"الدبلوم\", \"enrollment_year\": 2024}, {\"card\": \"2024010004\", \"name\": \"وسن عبد الحليم سامي عاشور\", \"level\": 1, \"gender\": \"انثى\", \"college\": 7, \"department\": 6, \"active_code\": \"2024010004\", \"qualification\": \"الدبلوم\", \"enrollment_year\": 2024}, {\"card\": \"2024010005\", \"name\": \"مرح مازن عبد اللطيف نوفل\", \"level\": 1, \"gender\": \"انثى\", \"college\": 7, \"department\": 6, \"active_code\": \"2024010005\", \"qualification\": \"الدبلوم\", \"enrollment_year\": 2024}, {\"card\": \"2024010006\", \"name\": \"ريهام يوسف عبد الناصر سلامة\", \"level\": 1, \"gender\": \"انثى\", \"college\": 7, \"department\": 6, \"active_code\": \"2024010006\", \"qualification\": \"الدبلوم\", \"enrollment_year\": 2024}, {\"card\": \"2024010007\", \"name\": \"شهد بسام عبد الرحمن خطاب\", \"level\": 1, \"gender\": \"انثى\", \"college\": 7, \"department\": 6, \"active_code\": \"2024010007\", \"qualification\": \"الدبلوم\", \"enrollment_year\": 2024}, {\"card\": \"2024010008\", \"name\": \"ربى سامر يوسف مقداد\", \"level\": 1, \"gender\": \"انثى\", \"college\": 7, \"department\": 6, \"active_code\": \"2024010008\", \"qualification\": \"الدبلوم\", \"enrollment_year\": 2024}, {\"card\": \"2024010009\", \"name\": \"جنى سليم محمد شاهين\", \"level\": 1, \"gender\": \"انثى\", \"college\": 7, \"department\": 6, \"active_code\": \"2024010009\", \"qualification\": \"الدبلوم\", \"enrollment_year\": 2024}, {\"card\": \"2024010010\", \"name\": \"سناء عادل حمد القاضي\", \"level\": 1, \"gender\": \"انثى\", \"college\": 7, \"department\": 6, \"active_code\": \"2024010010\", \"qualification\": \"الدبلوم\", \"enrollment_year\": 2024}, {\"card\": \"2024010011\", \"name\": \"هالة عبد الرحيم ناصر خطاب\", \"level\": 1, \"gender\": \"انثى\", \"college\": 7, \"department\": 6, \"active_code\": \"2024010011\", \"qualification\": \"الدبلوم\", \"enrollment_year\": 2024}, {\"card\": \"2024010012\", \"name\": \"يمنى نبيل أحمد القاسم\", \"level\": 1, \"gender\": \"انثى\", \"college\": 7, \"department\": 6, \"active_code\": \"2024010012\", \"qualification\": \"الدبلوم\", \"enrollment_year\": 2024}, {\"card\": \"2024010013\", \"name\": \"بيان عيسى عبد القادر الخطيب\", \"level\": 1, \"gender\": \"انثى\", \"college\": 7, \"department\": 6, \"active_code\": \"2024010013\", \"qualification\": \"الدبلوم\", \"enrollment_year\": 2024}, {\"card\": \"2024010014\", \"name\": \"أدهم يحيى عبد الرحمن حسين\", \"level\": 1, \"gender\": \"ذكر\", \"college\": 7, \"department\": 6, \"active_code\": \"2024010014\", \"qualification\": \"الدبلوم\", \"enrollment_year\": 2024}, {\"card\": \"2024010015\", \"name\": \"سليم خالد يونس المدهون\", \"level\": 1, \"gender\": \"ذكر\", \"college\": 7, \"department\": 6, \"active_code\": \"2024010015\", \"qualification\": \"الدبلوم\", \"enrollment_year\": 2024}, {\"card\": \"2024010016\", \"name\": \"أمير فهد حسين المدهون\", \"level\": 1, \"gender\": \"ذكر\", \"college\": 7, \"department\": 6, \"active_code\": \"2024010016\", \"qualification\": \"الدبلوم\", \"enrollment_year\": 2024}, {\"card\": \"2023030001\", \"name\": \"باسل سامي عبد السلام يوسف\", \"level\": 2, \"gender\": \"ذكر\", \"college\": 7, \"department\": 6, \"active_code\": \"2023030001\", \"qualification\": \"الدبلوم\", \"enrollment_year\": 2023}, {\"card\": \"2023030002\", \"name\": \"محمد جمال نبيل الكحلوت\", \"level\": 2, \"gender\": \"ذكر\", \"college\": 7, \"department\": 6, \"active_code\": \"2023030002\", \"qualification\": \"الدبلوم\", \"enrollment_year\": 2023}, {\"card\": \"2023030003\", \"name\": \"طارق فؤاد عدنان حمدان\", \"level\": 2, \"gender\": \"ذكر\", \"college\": 7, \"department\": 6, \"active_code\": \"2023030003\", \"qualification\": \"الدبلوم\", \"enrollment_year\": 2023}, {\"card\": \"2023030004\", \"name\": \"خالد أحمد ناصر العمري\", \"level\": 2, \"gender\": \"ذكر\", \"college\": 7, \"department\": 6, \"active_code\": \"2023030004\", \"qualification\": \"الدبلوم\", \"enrollment_year\": 2023}, {\"card\": \"2023030005\", \"name\": \"عبد الله سفيان نمر المصري\", \"level\": 2, \"gender\": \"ذكر\", \"college\": 7, \"department\": 6, \"active_code\": \"2023030005\", \"qualification\": \"الدبلوم\", \"enrollment_year\": 2023}, {\"card\": \"2023030006\", \"name\": \"أحمد حسام عبد الله العطار\", \"level\": 2, \"gender\": \"ذكر\", \"college\": 7, \"department\": 6, \"active_code\": \"2023030006\", \"qualification\": \"الدبلوم\", \"enrollment_year\": 2023}, {\"card\": \"2023030007\", \"name\": \"ياسر وليد ناصر أبو شعبان\", \"level\": 2, \"gender\": \"ذكر\", \"college\": 7, \"department\": 6, \"active_code\": \"2023030007\", \"qualification\": \"الدبلوم\", \"enrollment_year\": 2023}, {\"card\": \"2023030008\", \"name\": \"رامي حسن سليمان عوض\", \"level\": 2, \"gender\": \"ذكر\", \"college\": 7, \"department\": 6, \"active_code\": \"2023030008\", \"qualification\": \"الدبلوم\", \"enrollment_year\": 2023}, {\"card\": \"2023030009\", \"name\": \"باسل عمر كمال رضوان\", \"level\": 2, \"gender\": \"ذكر\", \"college\": 7, \"department\": 6, \"active_code\": \"2023030009\", \"qualification\": \"الدبلوم\", \"enrollment_year\": 2023}, {\"card\": \"2023030010\", \"name\": \"جواد محمود عبد الحي الأسطل\", \"level\": 2, \"gender\": \"ذكر\", \"college\": 7, \"department\": 6, \"active_code\": \"2023030010\", \"qualification\": \"الدبلوم\", \"enrollment_year\": 2023}]', 1, '2025-04-04 20:12:08', '2025-04-04 20:12:08'),
(5, 'طلاب كلية الطب البشري', '{\"data\": [{\"card\": \"2021010001\", \"name\": \"أحمد علي محمد حسن\", \"level\": 1, \"gender\": \"ذكر\", \"college\": 8, \"department\": 9, \"active_code\": \"2021010001\", \"qualification\": \"البكالوريوس\", \"enrollment_year\": 2021}, {\"card\": \"2021010002\", \"name\": \"سارة خالد عبد الرحمن\", \"level\": 1, \"gender\": \"انثى\", \"college\": 8, \"department\": 10, \"active_code\": \"2021010002\", \"qualification\": \"البكالوريوس\", \"enrollment_year\": 2021}, {\"card\": \"2021010003\", \"name\": \"خالد وليد محمود\", \"level\": 1, \"gender\": \"ذكر\", \"college\": 8, \"department\": 11, \"active_code\": \"2021010003\", \"qualification\": \"البكالوريوس\", \"enrollment_year\": 2021}, {\"card\": \"2021010004\", \"name\": \"نورا سعد عبد الله\", \"level\": 1, \"gender\": \"انثى\", \"college\": 8, \"department\": 12, \"active_code\": \"2021010004\", \"qualification\": \"البكالوريوس\", \"enrollment_year\": 2021}, {\"card\": \"2021010005\", \"name\": \"ياسر عماد فاروق\", \"level\": 1, \"gender\": \"ذكر\", \"college\": 8, \"department\": 13, \"active_code\": \"2021010005\", \"qualification\": \"البكالوريوس\", \"enrollment_year\": 2021}, {\"card\": \"2021010006\", \"name\": \"هناء رامي سليم\", \"level\": 1, \"gender\": \"انثى\", \"college\": 8, \"department\": 14, \"active_code\": \"2021010006\", \"qualification\": \"البكالوريوس\", \"enrollment_year\": 2021}, {\"card\": \"2021010007\", \"name\": \"عمر محمد ناصر\", \"level\": 1, \"gender\": \"ذكر\", \"college\": 8, \"department\": 15, \"active_code\": \"2021010007\", \"qualification\": \"البكالوريوس\", \"enrollment_year\": 2021}, {\"card\": \"2021010008\", \"name\": \"لمى وائل كمال\", \"level\": 1, \"gender\": \"انثى\", \"college\": 8, \"department\": 16, \"active_code\": \"2021010008\", \"qualification\": \"البكالوريوس\", \"enrollment_year\": 2021}, {\"card\": \"2021010009\", \"name\": \"باسم رفعت سامي\", \"level\": 1, \"gender\": \"ذكر\", \"college\": 8, \"department\": 9, \"active_code\": \"2021010009\", \"qualification\": \"البكالوريوس\", \"enrollment_year\": 2021}, {\"card\": \"2021010010\", \"name\": \"آية عمرو حازم\", \"level\": 1, \"gender\": \"انثى\", \"college\": 8, \"department\": 10, \"active_code\": \"2021010010\", \"qualification\": \"البكالوريوس\", \"enrollment_year\": 2021}, {\"card\": \"2022010011\", \"name\": \"محمود خليل أسامة\", \"level\": 2, \"gender\": \"ذكر\", \"college\": 8, \"department\": 11, \"active_code\": \"2022010011\", \"qualification\": \"البكالوريوس\", \"enrollment_year\": 2022}, {\"card\": \"2022010012\", \"name\": \"جنى وليد رامي\", \"level\": 2, \"gender\": \"انثى\", \"college\": 8, \"department\": 12, \"active_code\": \"2022010012\", \"qualification\": \"البكالوريوس\", \"enrollment_year\": 2022}, {\"card\": \"2022010013\", \"name\": \"ياسين أحمد نبيل\", \"level\": 2, \"gender\": \"ذكر\", \"college\": 8, \"department\": 13, \"active_code\": \"2022010013\", \"qualification\": \"البكالوريوس\", \"enrollment_year\": 2022}, {\"card\": \"2022010014\", \"name\": \"سلمى حازم محمد\", \"level\": 2, \"gender\": \"انثى\", \"college\": 8, \"department\": 14, \"active_code\": \"2022010014\", \"qualification\": \"البكالوريوس\", \"enrollment_year\": 2022}, {\"card\": \"2022010015\", \"name\": \"كريم أسامة خالد\", \"level\": 2, \"gender\": \"ذكر\", \"college\": 8, \"department\": 15, \"active_code\": \"2022010015\", \"qualification\": \"البكالوريوس\", \"enrollment_year\": 2022}, {\"card\": \"2022010016\", \"name\": \"رنا عمرو ياسر\", \"level\": 2, \"gender\": \"انثى\", \"college\": 8, \"department\": 16, \"active_code\": \"2022010016\", \"qualification\": \"البكالوريوس\", \"enrollment_year\": 2022}, {\"card\": \"2022010017\", \"name\": \"أيمن سعيد حمدي\", \"level\": 2, \"gender\": \"ذكر\", \"college\": 8, \"department\": 9, \"active_code\": \"2022010017\", \"qualification\": \"البكالوريوس\", \"enrollment_year\": 2022}, {\"card\": \"2022010018\", \"name\": \"هبة نادر كريم\", \"level\": 2, \"gender\": \"انثى\", \"college\": 8, \"department\": 10, \"active_code\": \"2022010018\", \"qualification\": \"البكالوريوس\", \"enrollment_year\": 2022}, {\"card\": \"2022010019\", \"name\": \"صلاح عبد الرحمن وائل\", \"level\": 2, \"gender\": \"ذكر\", \"college\": 8, \"department\": 11, \"active_code\": \"2022010019\", \"qualification\": \"البكالوريوس\", \"enrollment_year\": 2022}, {\"card\": \"2022010020\", \"name\": \"فاطمة زاهر رضا\", \"level\": 2, \"gender\": \"انثى\", \"college\": 8, \"department\": 12, \"active_code\": \"2022010020\", \"qualification\": \"البكالوريوس\", \"enrollment_year\": 2022}, {\"card\": \"2023010021\", \"name\": \"طارق هشام عادل\", \"level\": 3, \"gender\": \"ذكر\", \"college\": 8, \"department\": 13, \"active_code\": \"2023010021\", \"qualification\": \"البكالوريوس\", \"enrollment_year\": 2023}, {\"card\": \"2023010022\", \"name\": \"مريم أسعد سليم\", \"level\": 3, \"gender\": \"انثى\", \"college\": 8, \"department\": 14, \"active_code\": \"2023010022\", \"qualification\": \"البكالوريوس\", \"enrollment_year\": 2023}, {\"card\": \"2023010023\", \"name\": \"وسيم رامي نبيل\", \"level\": 3, \"gender\": \"ذكر\", \"college\": 8, \"department\": 15, \"active_code\": \"2023010023\", \"qualification\": \"البكالوريوس\", \"enrollment_year\": 2023}, {\"card\": \"2023010024\", \"name\": \"يارا باسل ماهر\", \"level\": 3, \"gender\": \"انثى\", \"college\": 8, \"department\": 16, \"active_code\": \"2023010024\", \"qualification\": \"البكالوريوس\", \"enrollment_year\": 2023}, {\"card\": \"2023010025\", \"name\": \"عماد حسين سمير\", \"level\": 3, \"gender\": \"ذكر\", \"college\": 8, \"department\": 9, \"active_code\": \"2023010025\", \"qualification\": \"البكالوريوس\", \"enrollment_year\": 2023}, {\"card\": \"2023010026\", \"name\": \"دنيا وليد هشام\", \"level\": 3, \"gender\": \"انثى\", \"college\": 8, \"department\": 10, \"active_code\": \"2023010026\", \"qualification\": \"البكالوريوس\", \"enrollment_year\": 2023}, {\"card\": \"2023010027\", \"name\": \"مازن ربيع سامح\", \"level\": 3, \"gender\": \"ذكر\", \"college\": 8, \"department\": 11, \"active_code\": \"2023010027\", \"qualification\": \"البكالوريوس\", \"enrollment_year\": 2023}, {\"card\": \"2023010028\", \"name\": \"جهاد كمال ناصر\", \"level\": 3, \"gender\": \"ذكر\", \"college\": 8, \"department\": 12, \"active_code\": \"2023010028\", \"qualification\": \"البكالوريوس\", \"enrollment_year\": 2023}, {\"card\": \"2023010029\", \"name\": \"نادين عصام حازم\", \"level\": 3, \"gender\": \"انثى\", \"college\": 8, \"department\": 13, \"active_code\": \"2023010029\", \"qualification\": \"البكالوريوس\", \"enrollment_year\": 2023}, {\"card\": \"2023010030\", \"name\": \"هاني رفعت عاطف\", \"level\": 3, \"gender\": \"ذكر\", \"college\": 8, \"department\": 14, \"active_code\": \"2023010030\", \"qualification\": \"البكالوريوس\", \"enrollment_year\": 2023}, {\"card\": \"2024010031\", \"name\": \"إيناس سامي رامي\", \"level\": 4, \"gender\": \"انثى\", \"college\": 8, \"department\": 15, \"active_code\": \"2024010031\", \"qualification\": \"البكالوريوس\", \"enrollment_year\": 2024}, {\"card\": \"2024010032\", \"name\": \"عبد الله ماهر حمدي\", \"level\": 4, \"gender\": \"ذكر\", \"college\": 8, \"department\": 16, \"active_code\": \"2024010032\", \"qualification\": \"البكالوريوس\", \"enrollment_year\": 2024}, {\"card\": \"2024010033\", \"name\": \"ريماس نادر كمال\", \"level\": 4, \"gender\": \"انثى\", \"college\": 8, \"department\": 9, \"active_code\": \"2024010033\", \"qualification\": \"البكالوريوس\", \"enrollment_year\": 2024}, {\"card\": \"2024010034\", \"name\": \"خالد أسامة فاروق\", \"level\": 4, \"gender\": \"ذكر\", \"college\": 8, \"department\": 10, \"active_code\": \"2024010034\", \"qualification\": \"البكالوريوس\", \"enrollment_year\": 2024}, {\"card\": \"2024010035\", \"name\": \"سهام وائل عماد\", \"level\": 4, \"gender\": \"انثى\", \"college\": 8, \"department\": 11, \"active_code\": \"2024010035\", \"qualification\": \"البكالوريوس\", \"enrollment_year\": 2024}, {\"card\": \"2024010036\", \"name\": \"ناصر رضا سعد\", \"level\": 4, \"gender\": \"ذكر\", \"college\": 8, \"department\": 12, \"active_code\": \"2024010036\", \"qualification\": \"البكالوريوس\", \"enrollment_year\": 2024}, {\"card\": \"2024010037\", \"name\": \"دعاء هاني محسن\", \"level\": 4, \"gender\": \"انثى\", \"college\": 8, \"department\": 13, \"active_code\": \"2024010037\", \"qualification\": \"البكالوريوس\", \"enrollment_year\": 2024}, {\"card\": \"2024010038\", \"name\": \"بسام كريم حاتم\", \"level\": 4, \"gender\": \"ذكر\", \"college\": 8, \"department\": 14, \"active_code\": \"2024010038\", \"qualification\": \"البكالوريوس\", \"enrollment_year\": 2024}, {\"card\": \"2024010039\", \"name\": \"آدم علي يوسف\", \"level\": 4, \"gender\": \"ذكر\", \"college\": 8, \"department\": 15, \"active_code\": \"2024010039\", \"qualification\": \"البكالوريوس\", \"enrollment_year\": 2024}, {\"card\": \"2024010040\", \"name\": \"لينا سليم رامز\", \"level\": 4, \"gender\": \"انثى\", \"college\": 8, \"department\": 16, \"active_code\": \"2024010040\", \"qualification\": \"البكالوريوس\", \"enrollment_year\": 2024}, {\"card\": \"2025010041\", \"name\": \"ياسر نبيل حازم\", \"level\": 5, \"gender\": \"ذكر\", \"college\": 8, \"department\": 9, \"active_code\": \"2025010041\", \"qualification\": \"البكالوريوس\", \"enrollment_year\": 2025}, {\"card\": \"2025010042\", \"name\": \"مها عمرو خليل\", \"level\": 5, \"gender\": \"انثى\", \"college\": 8, \"department\": 10, \"active_code\": \"2025010042\", \"qualification\": \"البكالوريوس\", \"enrollment_year\": 2025}, {\"card\": \"2025010043\", \"name\": \"أشرف سامح رضا\", \"level\": 5, \"gender\": \"ذكر\", \"college\": 8, \"department\": 11, \"active_code\": \"2025010043\", \"qualification\": \"البكالوريوس\", \"enrollment_year\": 2025}, {\"card\": \"2025010044\", \"name\": \"جمانة وليد نادر\", \"level\": 5, \"gender\": \"انثى\", \"college\": 8, \"department\": 12, \"active_code\": \"2025010044\", \"qualification\": \"البكالوريوس\", \"enrollment_year\": 2025}, {\"card\": \"2025010045\", \"name\": \"صلاح الدين حمدي كامل\", \"level\": 5, \"gender\": \"ذكر\", \"college\": 8, \"department\": 13, \"active_code\": \"2025010045\", \"qualification\": \"البكالوريوس\", \"enrollment_year\": 2025}, {\"card\": \"2025010046\", \"name\": \"سمر هشام رامي\", \"level\": 5, \"gender\": \"انثى\", \"college\": 8, \"department\": 14, \"active_code\": \"2025010046\", \"qualification\": \"البكالوريوس\", \"enrollment_year\": 2025}, {\"card\": \"2025010047\", \"name\": \"محمود سعيد عادل\", \"level\": 5, \"gender\": \"ذكر\", \"college\": 8, \"department\": 15, \"active_code\": \"2025010047\", \"qualification\": \"البكالوريوس\", \"enrollment_year\": 2025}, {\"card\": \"2025010048\", \"name\": \"فيروز كمال أسعد\", \"level\": 5, \"gender\": \"انثى\", \"college\": 8, \"department\": 16, \"active_code\": \"2025010048\", \"qualification\": \"البكالوريوس\", \"enrollment_year\": 2025}, {\"card\": \"2025010049\", \"name\": \"أيمن رامز نبيل\", \"level\": 5, \"gender\": \"ذكر\", \"college\": 8, \"department\": 9, \"active_code\": \"2025010049\", \"qualification\": \"البكالوريوس\", \"enrollment_year\": 2025}, {\"card\": \"2025010050\", \"name\": \"هبة الله سليم ماهر\", \"level\": 5, \"gender\": \"انثى\", \"college\": 8, \"department\": 10, \"active_code\": \"2025010050\", \"qualification\": \"البكالوريوس\", \"enrollment_year\": 2025}, {\"card\": \"2021010051\", \"name\": \"علي حسين محمد\", \"level\": 1, \"gender\": \"ذكر\", \"college\": 8, \"department\": 11, \"active_code\": \"2021010051\", \"qualification\": \"البكالوريوس\", \"enrollment_year\": 2021}, {\"card\": \"2021010052\", \"name\": \"نورين خالد أسامة\", \"level\": 1, \"gender\": \"انثى\", \"college\": 8, \"department\": 12, \"active_code\": \"2021010052\", \"qualification\": \"البكالوريوس\", \"enrollment_year\": 2021}, {\"card\": \"2021010053\", \"name\": \"مصطفى رامي سامح\", \"level\": 1, \"gender\": \"ذكر\", \"college\": 8, \"department\": 13, \"active_code\": \"2021010053\", \"qualification\": \"البكالوريوس\", \"enrollment_year\": 2021}, {\"card\": \"2021010054\", \"name\": \"شيماء عماد ناصر\", \"level\": 1, \"gender\": \"انثى\", \"college\": 8, \"department\": 14, \"active_code\": \"2021010054\", \"qualification\": \"البكالوريوس\", \"enrollment_year\": 2021}, {\"card\": \"2021010055\", \"name\": \"أحمد سعد حاتم\", \"level\": 1, \"gender\": \"ذكر\", \"college\": 8, \"department\": 15, \"active_code\": \"2021010055\", \"qualification\": \"البكالوريوس\", \"enrollment_year\": 2021}, {\"card\": \"2021010056\", \"name\": \"رغد وائل كريم\", \"level\": 1, \"gender\": \"انثى\", \"college\": 8, \"department\": 16, \"active_code\": \"2021010056\", \"qualification\": \"البكالوريوس\", \"enrollment_year\": 2021}, {\"card\": \"2021010057\", \"name\": \"أسامة محمود رضا\", \"level\": 1, \"gender\": \"ذكر\", \"college\": 8, \"department\": 9, \"active_code\": \"2021010057\", \"qualification\": \"البكالوريوس\", \"enrollment_year\": 2021}, {\"card\": \"2021010058\", \"name\": \"لمياء هاني سمير\", \"level\": 1, \"gender\": \"انثى\", \"college\": 8, \"department\": 10, \"active_code\": \"2021010058\", \"qualification\": \"البكالوريوس\", \"enrollment_year\": 2021}, {\"card\": \"2021010059\", \"name\": \"كريم زاهر عاطف\", \"level\": 1, \"gender\": \"ذكر\", \"college\": 8, \"department\": 11, \"active_code\": \"2021010059\", \"qualification\": \"البكالوريوس\", \"enrollment_year\": 2021}, {\"card\": \"2021010060\", \"name\": \"سارة ماهر حازم\", \"level\": 1, \"gender\": \"انثى\", \"college\": 8, \"department\": 12, \"active_code\": \"2021010060\", \"qualification\": \"البكالوريوس\", \"enrollment_year\": 2021}, {\"card\": \"2022010061\", \"name\": \"عمر أحمد نادر\", \"level\": 2, \"gender\": \"ذكر\", \"college\": 8, \"department\": 13, \"active_code\": \"2022010061\", \"qualification\": \"البكالوريوس\", \"enrollment_year\": 2022}, {\"card\": \"2022010062\", \"name\": \"ياسمين رامي سليم\", \"level\": 2, \"gender\": \"انثى\", \"college\": 8, \"department\": 14, \"active_code\": \"2022010062\", \"qualification\": \"البكالوريوس\", \"enrollment_year\": 2022}, {\"card\": \"2022010063\", \"name\": \"محمود خالد أسعد\", \"level\": 2, \"gender\": \"ذكر\", \"college\": 8, \"department\": 15, \"active_code\": \"2022010063\", \"qualification\": \"البكالوريوس\", \"enrollment_year\": 2022}, {\"card\": \"2022010064\", \"name\": \"آية عمرو نبيل\", \"level\": 2, \"gender\": \"انثى\", \"college\": 8, \"department\": 16, \"active_code\": \"2022010064\", \"qualification\": \"البكالوريوس\", \"enrollment_year\": 2022}, {\"card\": \"2022010065\", \"name\": \"أيمن سامي رامز\", \"level\": 2, \"gender\": \"ذكر\", \"college\": 8, \"department\": 9, \"active_code\": \"2022010065\", \"qualification\": \"البكالوريوس\", \"enrollment_year\": 2022}, {\"card\": \"2022010066\", \"name\": \"جنى وائل كمال\", \"level\": 2, \"gender\": \"انثى\", \"college\": 8, \"department\": 10, \"active_code\": \"2022010066\", \"qualification\": \"البكالوريوس\", \"enrollment_year\": 2022}, {\"card\": \"2022010067\", \"name\": \"باسم حمدي فاروق\", \"level\": 2, \"gender\": \"ذكر\", \"college\": 8, \"department\": 11, \"active_code\": \"2022010067\", \"qualification\": \"البكالوريوس\", \"enrollment_year\": 2022}, {\"card\": \"2022010068\", \"name\": \"سلمى ناصر رامي\", \"level\": 2, \"gender\": \"انثى\", \"college\": 8, \"department\": 12, \"active_code\": \"2022010068\", \"qualification\": \"البكالوريوس\", \"enrollment_year\": 2022}, {\"card\": \"2022010069\", \"name\": \"طارق كريم حاتم\", \"level\": 2, \"gender\": \"ذكر\", \"college\": 8, \"department\": 13, \"active_code\": \"2022010069\", \"qualification\": \"البكالوريوس\", \"enrollment_year\": 2022}, {\"card\": \"2022010070\", \"name\": \"هند أسامة سعد\", \"level\": 2, \"gender\": \"انثى\", \"college\": 8, \"department\": 14, \"active_code\": \"2022010070\", \"qualification\": \"البكالوريوس\", \"enrollment_year\": 2022}, {\"card\": \"2023010071\", \"name\": \"خالد محسن ياسر\", \"level\": 3, \"gender\": \"ذكر\", \"college\": 8, \"department\": 15, \"active_code\": \"2023010071\", \"qualification\": \"البكالوريوس\", \"enrollment_year\": 2023}, {\"card\": \"2023010072\", \"name\": \"رنا هشام عماد\", \"level\": 3, \"gender\": \"انثى\", \"college\": 8, \"department\": 16, \"active_code\": \"2023010072\", \"qualification\": \"البكالوريوس\", \"enrollment_year\": 2023}, {\"card\": \"2023010073\", \"name\": \"مازن سمير نبيل\", \"level\": 3, \"gender\": \"ذكر\", \"college\": 8, \"department\": 9, \"active_code\": \"2023010073\", \"qualification\": \"البكالوريوس\", \"enrollment_year\": 2023}, {\"card\": \"2023010074\", \"name\": \"ليلى وليد حازم\", \"level\": 3, \"gender\": \"انثى\", \"college\": 8, \"department\": 10, \"active_code\": \"2023010074\", \"qualification\": \"البكالوريوس\", \"enrollment_year\": 2023}, {\"card\": \"2023010075\", \"name\": \"نادر رامي سامح\", \"level\": 3, \"gender\": \"ذكر\", \"college\": 8, \"department\": 11, \"active_code\": \"2023010075\", \"qualification\": \"البكالوريوس\", \"enrollment_year\": 2023}, {\"card\": \"2023010076\", \"name\": \"سارة خليل ناصر\", \"level\": 3, \"gender\": \"انثى\", \"college\": 8, \"department\": 12, \"active_code\": \"2023010076\", \"qualification\": \"البكالوريوس\", \"enrollment_year\": 2023}, {\"card\": \"2023010077\", \"name\": \"أحمد عادل رضا\", \"level\": 3, \"gender\": \"ذكر\", \"college\": 8, \"department\": 13, \"active_code\": \"2023010077\", \"qualification\": \"البكالوريوس\", \"enrollment_year\": 2023}, {\"card\": \"2023010078\", \"name\": \"مريم كمال أسامة\", \"level\": 3, \"gender\": \"انثى\", \"college\": 8, \"department\": 14, \"active_code\": \"2023010078\", \"qualification\": \"البكالوريوس\", \"enrollment_year\": 2023}, {\"card\": \"2023010079\", \"name\": \"عمرو سعد حمدي\", \"level\": 3, \"gender\": \"ذكر\", \"college\": 8, \"department\": 15, \"active_code\": \"2023010079\", \"qualification\": \"البكالوريوس\", \"enrollment_year\": 2023}, {\"card\": \"2023010080\", \"name\": \"نورا رامز هاني\", \"level\": 3, \"gender\": \"انثى\", \"college\": 8, \"department\": 16, \"active_code\": \"2023010080\", \"qualification\": \"البكالوريوس\", \"enrollment_year\": 2023}, {\"card\": \"2024010081\", \"name\": \"ياسين ماهر سمير\", \"level\": 4, \"gender\": \"ذكر\", \"college\": 8, \"department\": 9, \"active_code\": \"2024010081\", \"qualification\": \"البكالوريوس\", \"enrollment_year\": 2024}, {\"card\": \"2024010082\", \"name\": \"جهاد وائل كريم\", \"level\": 4, \"gender\": \"انثى\", \"college\": 8, \"department\": 10, \"active_code\": \"2024010082\", \"qualification\": \"البكالوريوس\", \"enrollment_year\": 2024}, {\"card\": \"2024010083\", \"name\": \"رامي نادر حازم\", \"level\": 4, \"gender\": \"ذكر\", \"college\": 8, \"department\": 11, \"active_code\": \"2024010083\", \"qualification\": \"البكالوريوس\", \"enrollment_year\": 2024}, {\"card\": \"2024010084\", \"name\": \"سما عمرو رامي\", \"level\": 4, \"gender\": \"انثى\", \"college\": 8, \"department\": 12, \"active_code\": \"2024010084\", \"qualification\": \"البكالوريوس\", \"enrollment_year\": 2024}, {\"card\": \"2024010085\", \"name\": \"محمود خليل أسعد\", \"level\": 4, \"gender\": \"ذكر\", \"college\": 8, \"department\": 13, \"active_code\": \"2024010085\", \"qualification\": \"البكالوريوس\", \"enrollment_year\": 2024}, {\"card\": \"2024010086\", \"name\": \"هبة سامي نبيل\", \"level\": 4, \"gender\": \"انثى\", \"college\": 8, \"department\": 14, \"active_code\": \"2024010086\", \"qualification\": \"البكالوريوس\", \"enrollment_year\": 2024}, {\"card\": \"2024010087\", \"name\": \"أيمن رضا عاطف\", \"level\": 4, \"gender\": \"ذكر\", \"college\": 8, \"department\": 15, \"active_code\": \"2024010087\", \"qualification\": \"البكالوريوس\", \"enrollment_year\": 2024}, {\"card\": \"2024010088\", \"name\": \"فاطمة زكريا سليم\", \"level\": 4, \"gender\": \"انثى\", \"college\": 8, \"department\": 16, \"active_code\": \"2024010088\", \"qualification\": \"البكالوريوس\", \"enrollment_year\": 2024}, {\"card\": \"2024010089\", \"name\": \"عبد الرحمن حمدي كامل\", \"level\": 4, \"gender\": \"ذكر\", \"college\": 8, \"department\": 9, \"active_code\": \"2024010089\", \"qualification\": \"البكالوريوس\", \"enrollment_year\": 2024}, {\"card\": \"2024010090\", \"name\": \"لمى أسامة نادر\", \"level\": 4, \"gender\": \"انثى\", \"college\": 8, \"department\": 10, \"active_code\": \"2024010090\", \"qualification\": \"البكالوريوس\", \"enrollment_year\": 2024}, {\"card\": \"2025010091\", \"name\": \"كريم هشام رامز\", \"level\": 5, \"gender\": \"ذكر\", \"college\": 8, \"department\": 11, \"active_code\": \"2025010091\", \"qualification\": \"البكالوريوس\", \"enrollment_year\": 2025}, {\"card\": \"2025010092\", \"name\": \"ياسمين عماد سعد\", \"level\": 5, \"gender\": \"انثى\", \"college\": 8, \"department\": 12, \"active_code\": \"2025010092\", \"qualification\": \"البكالوريوس\", \"enrollment_year\": 2025}, {\"card\": \"2025010093\", \"name\": \"أحمد نبيل حاتم\", \"level\": 5, \"gender\": \"ذكر\", \"college\": 8, \"department\": 13, \"active_code\": \"2025010093\", \"qualification\": \"البكالوريوس\", \"enrollment_year\": 2025}, {\"card\": \"2025010094\", \"name\": \"سارة ماهر كمال\", \"level\": 5, \"gender\": \"انثى\", \"college\": 8, \"department\": 14, \"active_code\": \"2025010094\", \"qualification\": \"البكالوريوس\", \"enrollment_year\": 2025}, {\"card\": \"2025010095\", \"name\": \"محمد وليد سمير\", \"level\": 5, \"gender\": \"ذكر\", \"college\": 8, \"department\": 15, \"active_code\": \"2025010095\", \"qualification\": \"البكالوريوس\", \"enrollment_year\": 2025}, {\"card\": \"2025010096\", \"name\": \"رنا رامي ناصر\", \"level\": 5, \"gender\": \"انثى\", \"college\": 8, \"department\": 16, \"active_code\": \"2025010096\", \"qualification\": \"البكالوريوس\", \"enrollment_year\": 2025}, {\"card\": \"2025010097\", \"name\": \"عمرو خالد أسعد\", \"level\": 5, \"gender\": \"ذكر\", \"college\": 8, \"department\": 9, \"active_code\": \"2025010097\", \"qualification\": \"البكالوريوس\", \"enrollment_year\": 2025}, {\"card\": \"2025010098\", \"name\": \"جنى سامح رضا\", \"level\": 5, \"gender\": \"انثى\", \"college\": 8, \"department\": 10, \"active_code\": \"2025010098\", \"qualification\": \"البكالوريوس\", \"enrollment_year\": 2025}]}', 1, '2025-04-08 11:08:17', '2025-04-08 11:08:17');

-- --------------------------------------------------------

--
-- Table structure for table `student_grades`
--

DROP TABLE IF EXISTS `student_grades`;
CREATE TABLE IF NOT EXISTS `student_grades` (
  `id` bigint UNSIGNED NOT NULL AUTO_INCREMENT,
  `teacher_id` bigint UNSIGNED NOT NULL,
  `course_id` bigint UNSIGNED NOT NULL,
  `notes` text COLLATE utf8mb4_unicode_ci,
  `department_id` bigint UNSIGNED NOT NULL,
  `level` enum('المستوى الاول','المستوى الثاني','المستوى الثالث','المستوى الرابع','المستوى الخامس','المستوى السادس','المستوى السابع') COLLATE utf8mb4_unicode_ci NOT NULL,
  `grades` json NOT NULL,
  `created_at` timestamp NULL DEFAULT NULL,
  `updated_at` timestamp NULL DEFAULT NULL,
  PRIMARY KEY (`id`),
  KEY `student_grades_teacher_id_foreign` (`teacher_id`),
  KEY `student_grades_course_id_foreign` (`course_id`),
  KEY `student_grades_department_id_foreign` (`department_id`)
) ENGINE=MyISAM DEFAULT CHARSET=utf8mb4 COLLATE=utf8mb4_unicode_ci;

-- --------------------------------------------------------

--
-- Table structure for table `teachers`
--

DROP TABLE IF EXISTS `teachers`;
CREATE TABLE IF NOT EXISTS `teachers` (
  `id` bigint UNSIGNED NOT NULL AUTO_INCREMENT,
  `code` varchar(191) COLLATE utf8mb4_unicode_ci NOT NULL,
  `name` varchar(191) COLLATE utf8mb4_unicode_ci NOT NULL,
  `gender` enum('ذكر','انثى') COLLATE utf8mb4_unicode_ci DEFAULT NULL,
  `college_id` bigint UNSIGNED NOT NULL,
  `department_id` bigint UNSIGNED NOT NULL,
  `academic_degree` enum('أستاذ دكتور','أستاذ مشارك','أستاذ مساعد','مدرس','معيد') COLLATE utf8mb4_unicode_ci NOT NULL,
  `specialization` varchar(191) COLLATE utf8mb4_unicode_ci DEFAULT NULL,
  `is_used` tinyint(1) NOT NULL DEFAULT '0',
  `is_login` tinyint(1) NOT NULL DEFAULT '0',
  `timeout` datetime DEFAULT NULL,
  `created_at` timestamp NULL DEFAULT NULL,
  `updated_at` timestamp NULL DEFAULT NULL,
  PRIMARY KEY (`id`),
  UNIQUE KEY `teachers_code_unique` (`code`),
  KEY `teachers_college_id_foreign` (`college_id`),
  KEY `teachers_department_id_foreign` (`department_id`)
) ENGINE=MyISAM AUTO_INCREMENT=18 DEFAULT CHARSET=utf8mb4 COLLATE=utf8mb4_unicode_ci;

--
-- Dumping data for table `teachers`
--

INSERT INTO `teachers` (`id`, `code`, `name`, `gender`, `college_id`, `department_id`, `academic_degree`, `specialization`, `is_used`, `is_login`, `timeout`, `created_at`, `updated_at`) VALUES
(1, '6853557', 'بشير محمد احمد المقالح', 'ذكر', 1, 1, 'أستاذ دكتور', 'تنقيب البيانات والنظم الذكية', 0, 1, '0000-00-00 00:00:00', '2025-03-04 15:00:50', '2025-03-04 15:00:50'),
(2, '4062865', 'العباس منذر وردي الالوسي', 'ذكر', 1, 1, 'أستاذ مساعد', 'اخفاء المعلومات', 0, 1, '0000-00-00 00:00:00', '2025-03-04 15:01:41', '2025-03-04 15:01:41'),
(3, '9862258', 'خالد طاهر محمد الحسيني', 'ذكر', 1, 2, 'أستاذ مشارك', 'تكنولوجيا المعلومات والاتصالات', 0, 0, '0000-00-00 00:00:00', '2025-03-04 15:02:26', '2025-03-04 15:02:26'),
(4, '8941693', 'منير عبد الله سعيد هزاع المخلافي', 'ذكر', 1, 2, 'أستاذ مشارك', 'هندسة برمجيات', 0, 0, '0000-00-00 00:00:00', '2025-03-04 15:03:13', '2025-03-04 15:03:13'),
(5, '8733888', 'زاهر حميد صالح الطيري', 'ذكر', 1, 1, 'مدرس', 'الوسائط المتعددة', 0, 0, '0000-00-00 00:00:00', '2025-03-04 15:09:58', '2025-03-04 15:09:58'),
(6, '5903373', 'محمد عبدالقادر احمد الوجيه', 'ذكر', 1, 1, 'معيد', 'علوم الحاسوب', 0, 0, '0000-00-00 00:00:00', '2025-03-04 15:10:50', '2025-03-04 15:10:50'),
(7, '3284822', 'افتكار عبدالعزيز', 'انثى', 1, 1, 'مدرس', 'علم البيانات', 0, 0, '0000-00-00 00:00:00', '2025-03-07 14:38:18', '2025-03-07 14:38:18'),
(8, '1917339', 'المعتصم بالله الوسماني', 'ذكر', 1, 1, 'أستاذ دكتور', 'تنقيب بيانات', 1, 1, '0000-00-00 00:00:00', '2025-03-07 14:38:53', '2025-04-10 19:39:41'),
(9, '6800004', 'عمار عصيوران', 'ذكر', 1, 1, 'أستاذ مساعد', 'هندسة البرمجيات-طرق رسمية', 1, 1, '0000-00-00 00:00:00', '2025-03-07 14:40:12', '2025-04-02 21:02:24'),
(10, '6910234', 'امال عزيز', 'انثى', 1, 1, 'مدرس', 'تطوير تطبيقات الموبايل', 0, 0, '0000-00-00 00:00:00', '2025-03-08 05:59:42', '2025-03-08 05:59:42'),
(11, '3613584', 'حفصة الفاطمي', 'انثى', 1, 1, 'معيد', 'وسائط متعددة', 0, 0, '0000-00-00 00:00:00', '2025-03-08 06:00:15', '2025-03-08 06:00:15'),
(12, '8572460', 'صالح العمدي', 'ذكر', 1, 1, 'أستاذ مساعد', 'ادارة تكنولوجيا المعلومات', 0, 0, '0000-00-00 00:00:00', '2025-03-08 06:01:12', '2025-03-08 06:01:12'),
(13, '3423305', 'محمد الجنيد', 'ذكر', 1, 1, 'أستاذ مساعد', 'تفاعل الانسان و الحاسوب', 0, 0, '0000-00-00 00:00:00', '2025-03-08 06:01:38', '2025-03-08 06:01:38'),
(14, '6746787', 'احمد ربيد', 'ذكر', 1, 1, 'أستاذ مساعد', 'شبكات', 0, 0, '0000-00-00 00:00:00', '2025-03-08 06:08:42', '2025-03-08 06:08:42'),
(15, '6909921', 'عباد محمد عبدربه البراق', 'ذكر', 5, 4, 'أستاذ مشارك', 'الجغرافيا السياسية', 1, 1, '0000-00-00 00:00:00', '2025-03-09 04:53:04', '2025-04-08 21:21:53'),
(16, '7596062', 'عبد القادر عساج محمد إسماعيل', 'ذكر', 5, 4, 'أستاذ مشارك', 'جغرافية المناخ والموارد البيئية', 0, 0, '0000-00-00 00:00:00', '2025-03-09 04:53:23', '2025-03-09 04:53:23'),
(17, '1520758', 'عبد الله أحمد ناصر الجرفي', 'ذكر', 5, 4, 'أستاذ مشارك', 'جغرافية المدن', 1, 1, '0000-00-00 00:00:00', '2025-03-09 04:53:43', '2025-03-31 21:14:55');

-- --------------------------------------------------------

--
-- Table structure for table `universities`
--

DROP TABLE IF EXISTS `universities`;
CREATE TABLE IF NOT EXISTS `universities` (
  `id` bigint UNSIGNED NOT NULL AUTO_INCREMENT,
  `name` varchar(191) COLLATE utf8mb4_unicode_ci NOT NULL,
  `logo_url` varchar(191) COLLATE utf8mb4_unicode_ci DEFAULT NULL,
  `contact_info` varchar(191) COLLATE utf8mb4_unicode_ci DEFAULT NULL,
  `email` varchar(191) COLLATE utf8mb4_unicode_ci DEFAULT NULL,
  `description` text COLLATE utf8mb4_unicode_ci,
  `website` varchar(191) COLLATE utf8mb4_unicode_ci DEFAULT NULL,
  `created_at` timestamp NULL DEFAULT NULL,
  `updated_at` timestamp NULL DEFAULT NULL,
  PRIMARY KEY (`id`)
) ENGINE=MyISAM AUTO_INCREMENT=2 DEFAULT CHARSET=utf8mb4 COLLATE=utf8mb4_unicode_ci;

--
-- Dumping data for table `universities`
--

INSERT INTO `universities` (`id`, `name`, `logo_url`, `contact_info`, `email`, `description`, `website`, `created_at`, `updated_at`) VALUES
(1, 'جامعة ذمار', 'images/logo/969675.png', '777000666', 'superadmin@gmail.com', 'جامعة ذمار هي جامعة يمنية حكومية حديثة تقع في مدينة ذمار في اليمن. تأسست في 24/8/1996م وهي تعمل منذ نشأتها على رفع المستوى العلمي والثقافي والفكري في عموم الجمهورية وفي محافظة ذمار على وجه خاص ويبلغ عدد الطلاب المسجلين في الجامعة 20 ألف طالبا وطالبة. وتضم الجامعة العديد من الكليات العلمية والإنسانية وتشمل كل كلية على مجموعة من الأقسام المتخصصة وفقاً لأولويات البحث العلمي والتنمية وعلى ضوء برامج تعد لكل تخصص.', 'https://www.tu.edu.ye/', '2025-04-05 17:45:35', '2025-04-05 17:45:35');

-- --------------------------------------------------------

--
-- Table structure for table `users`
--

DROP TABLE IF EXISTS `users`;
CREATE TABLE IF NOT EXISTS `users` (
  `id` bigint UNSIGNED NOT NULL AUTO_INCREMENT,
  `code` varchar(191) COLLATE utf8mb4_unicode_ci NOT NULL,
  `name` varchar(191) COLLATE utf8mb4_unicode_ci NOT NULL,
  `password` varchar(191) COLLATE utf8mb4_unicode_ci NOT NULL,
  `email` varchar(191) COLLATE utf8mb4_unicode_ci NOT NULL,
  `image_url` varchar(191) COLLATE utf8mb4_unicode_ci DEFAULT NULL,
  `last_login` datetime DEFAULT NULL,
  `last_logout` datetime DEFAULT NULL,
  `status` enum('متصل','غير متصل') COLLATE utf8mb4_unicode_ci NOT NULL DEFAULT 'متصل',
  `role_id` bigint UNSIGNED NOT NULL,
  `phone_number` varchar(191) COLLATE utf8mb4_unicode_ci DEFAULT NULL,
  `gender` enum('ذكر','انثى') COLLATE utf8mb4_unicode_ci DEFAULT NULL,
  `user` enum('مشرف','معلم','طالب') COLLATE utf8mb4_unicode_ci NOT NULL DEFAULT 'مشرف',
  `user_id` int DEFAULT NULL,
  `is_active` tinyint(1) DEFAULT '1',
  `created_at` timestamp NULL DEFAULT NULL,
  `updated_at` timestamp NULL DEFAULT NULL,
  PRIMARY KEY (`id`),
  UNIQUE KEY `users_code_unique` (`code`),
  UNIQUE KEY `users_email_unique` (`email`),
  KEY `users_role_id_foreign` (`role_id`)
) ENGINE=MyISAM AUTO_INCREMENT=31 DEFAULT CHARSET=utf8mb4 COLLATE=utf8mb4_unicode_ci;

--
-- Dumping data for table `users`
--

INSERT INTO `users` (`id`, `code`, `name`, `password`, `email`, `image_url`, `last_login`, `last_logout`, `status`, `role_id`, `phone_number`, `gender`, `user`, `user_id`, `is_active`, `created_at`, `updated_at`) VALUES
(1, '1874521', 'عرفات حوشبة', '$2y$12$BB8G1kueCYvPuv2HjuxNG.Gz3hYNHDesNauboZo6Y0WpWcSjltDIK', 'superadmin@gmail.com', 'images/profiles/1.jpg', '2025-04-14 10:13:10', '2025-04-14 10:12:11', 'متصل', 1, '777150086', 'ذكر', 'مشرف', NULL, 1, '2025-03-03 12:53:10', '2025-04-14 07:13:10'),
(2, '2954871', 'ابراهيم عيسى', '$2y$12$A/doDEWaG05e6SXBk7I.q.A7BifxXMaWz5b9gK6Vwwsg7q9YY.Gha', 'admin7731545641@gmail.com', 'images/profiles/2.jpg', '2025-03-26 16:57:25', NULL, 'متصل', 1, '773154561', 'ذكر', 'مشرف', NULL, 1, '2025-03-06 03:06:17', '2025-03-26 10:57:25'),
(3, '3011254', 'ايمن القاسمي', '$2y$12$aG4UJvPHtZDbY91fFfQwS.tFht6D51Dgq5f/V64kv2LQqt7jL1Qme', 'admin774451200@gmail.com', 'images/profiles/3.jpg', '2025-03-20 17:53:17', NULL, 'متصل', 1, '774451200', 'ذكر', 'مشرف', NULL, 1, '2025-03-06 05:41:24', '2025-03-20 11:53:17'),
(4, '4000587', 'داوود محمد', '$2y$12$8RTulPsMIUoBG758kx3PaefwEK/rZlib9wrTLRcDE/x6s4rtiFMpW', 'admin404@gmail.com', 'images/profiles/4.jpg', '2025-03-20 02:49:17', NULL, 'غير متصل', 1, '777404777', 'ذكر', 'مشرف', NULL, 1, '2025-03-10 15:42:05', '2025-03-19 20:54:32'),
(5, '5877410', 'محمد جلال', '$2y$12$AuZTfg3SoccO2aQjTZexJen4Ic2uXN.ZqW3s/zxcY46z1U9CSidyS', 'mohammed1233@yotta.com', 'images/profiles/5.jpg', '2025-03-19 17:37:12', NULL, 'متصل', 6, '778899445', 'ذكر', 'مشرف', NULL, 0, '2025-03-19 11:37:12', '2025-04-06 10:28:48'),
(6, '6541230', 'بلال محمد', '$2y$12$rY031R8Y0ZCj18lFLJiDX.67Fvgwwn/1PeVPZGgaTYMm.yXZHldIa', 'belal@gmail.com', 'images/profiles/6.jpg', '2025-03-20 03:02:12', NULL, 'غير متصل', 2, '0777404777', 'ذكر', 'مشرف', NULL, 1, '2025-03-19 11:38:11', '2025-03-19 21:52:08'),
(7, '7885420', 'رضوان قائد', '$2y$12$1fuAS6U7BecaptwNgpBkruVgvJf0m3oYpNOEhUzwei8e6gC0QEvte', 'rad@gamil.com', 'images/profiles/7.jpg', '2025-03-19 17:39:47', NULL, 'متصل', 2, '078107366', 'ذكر', 'مشرف', NULL, 1, '2025-03-19 11:39:47', '2025-03-19 11:39:47'),
(8, '8885412', 'بشير المقالح', '$2y$12$8hFUO0TYHO/8n4Z7DoU3ue8K0ipQKserqWaqXCyRdPe5WW8yicrtW', 'basheer777@gmail.com', 'images/profiles/8.jpg', '2025-04-14 10:00:08', '2025-04-14 09:56:20', 'متصل', 2, '777888454', 'ذكر', 'معلم', 1, 1, '2025-03-24 21:45:00', '2025-04-14 07:00:08'),
(9, '9874522', 'العباس الالوسي', '$2y$12$Vf06UABzgkqRij3xwFStNuPpoeX1eBKKo.Qjh/PjJp98Vz3iEqHZC', 'arafat71@yotta.com', 'images/profiles/9.jpg', '2025-04-14 09:56:33', '2025-04-14 09:57:07', 'غير متصل', 2, '781000222', 'ذكر', 'معلم', 2, 1, '2025-03-30 13:17:54', '2025-04-14 06:57:07'),
(10, '9874525', 'عرفات عارف', '$2y$12$cyawx4oyECnv/1Rch2Wv3.4qhFR11dluMSD9Y2J4onQeggGmqVO2S', 'arafat773154561@yotta.com', 'images/profiles/10.jpg', '2025-04-13 12:26:29', '2025-04-11 00:58:15', 'متصل', 9, '773154561', 'ذكر', 'طالب', 85, 1, '2025-03-30 17:27:52', '2025-04-13 09:26:29'),
(11, '9877722', 'ابراهيم عيسى', '$2y$12$kq4FNVXIY673k3mdD/h/8e.BbupNoUrx/1.Ohf6DG7aiTqOjXkpqG', 'ebraheem123@gamil.com', 'images/profiles/11.jpg', '2025-04-03 23:24:00', '2025-04-03 23:24:14', 'غير متصل', 4, '777414141', 'ذكر', 'طالب', 2, 1, '2025-03-31 13:59:37', '2025-04-05 22:29:50'),
(12, '7894561', 'مريم عبدة', '$2y$12$o9mWosXQ.VQRnz3bx.zPmOWYRBzASBDq6jyD32wn.UeB3/NiY7w9.', 'mar789@gamil.com', 'images/profiles/12.jpg', '2025-04-08 00:16:45', '2025-04-08 00:45:30', 'غير متصل', 4, '777747701', 'انثى', 'طالب', 193, 1, '2025-03-31 17:14:26', '2025-04-07 21:45:30'),
(13, '6655441', 'عبدالله احمد', '$2y$12$D6BIPc1S2TcR8YsFw.8E4ek7R5iAKcBUamfHO6O380g3dT93/tZly', 'abdulla777@gmail.com', 'images/profiles/13.jpg', '2025-04-02 00:00:05', NULL, 'متصل', 2, '777899445', 'ذكر', 'معلم', 17, 1, '2025-03-31 21:14:55', '2025-04-01 18:00:05'),
(14, '4445210', 'سلطان الخيل', '$2y$12$/gK71xKXdTtIqrkvA3org.0m2QnA6Wb73pCw/rgLz2Ej370EAh7tq', 'sultan77@gmail.com', 'images/profiles/14.jpg', '2025-04-03 23:24:37', '2025-04-03 23:47:41', 'غير متصل', 4, '789456123', 'ذكر', 'طالب', 55, 1, '2025-04-01 15:02:46', '2025-04-03 17:47:41'),
(15, '8740022', 'معاذ الصالحي', '$2y$12$O4ABZzwIXWj8tN4h0fo3TuAyoE7zZmDjTLWIK59ucvDL3G2my9NXm', 'superadmin5@gmail.com', 'images/profiles/15.jpg', '2025-04-14 09:42:50', '2025-04-14 09:44:06', 'غير متصل', 4, '781650222', 'ذكر', 'طالب', 126, 1, '2025-04-01 15:10:32', '2025-04-14 06:44:06'),
(16, '7894560', 'عماد الدين', '$2y$12$cUd5shpXSDpO7rpkVowa/OdbeG4M/A8rwqzeaR6UM4I/ftGkS5zVW', 'superadmin9@gmail.com', 'images/profiles/16.jpg', '2025-04-08 00:13:53', '2025-04-08 00:14:31', 'غير متصل', 4, '781650922', 'ذكر', 'طالب', 95, 1, '2025-04-01 15:11:46', '2025-04-07 21:14:31'),
(17, '7784510', 'عمار عصيوران', '$2y$12$927.O.GJYZik8VvVvqlILe/ofnxxU.UbVugSWuYCO4JyMpVY72Ug2', 'amaradmin@gmail.com', 'images/profiles/17.jpg', '2025-04-14 09:57:23', '2025-04-14 09:59:38', 'غير متصل', 2, '777000222', 'ذكر', 'معلم', 9, 1, '2025-04-02 21:02:24', '2025-04-14 06:59:38'),
(18, '6380851', 'نورا علي', '$2y$12$LdSQKU.US4X/ZRu8a9zkwe64/X6wHSg7G9MJO6RwBf5g8LXdK.W0u', 'noraAli7777@gmail.com', 'images/profiles/18.jpg', '2025-04-04 00:58:11', '2025-04-04 01:53:09', 'غير متصل', 4, '778844520', 'انثى', 'طالب', 179, 1, '2025-04-03 18:58:04', '2025-04-03 19:53:09'),
(19, '6883430', 'نورا نبيل', '$2y$12$b/dRZ6cOVQHo3jgYXKs5AeYUKAgu2zecAXsVyFoEEgASaWx10sLsW', 'noura7777@gmail.com', 'images/profiles/19.jpg', '2025-04-05 23:02:05', NULL, 'متصل', 4, '777744410', 'انثى', 'طالب', 163, 1, '2025-04-05 16:58:15', '2025-04-05 17:02:05'),
(20, '9639323', 'محمد محمد', '$2y$12$LIAeunmgN.tpgRaKpcrGZO4wTXuWov2J/IvdI9wZH8yj33kvhSKQa', 'mohammed33303@yotta.com', 'images/profiles/20.jpg', '2025-04-05 23:05:02', NULL, 'متصل', 4, '777817366', 'ذكر', 'طالب', 174, 1, '2025-04-05 17:04:52', '2025-04-05 17:05:02'),
(21, '6914758', 'شهد بسام', '$2y$12$16x3NlY2AEo8eCSvFDwGt.T24l/UpayTZMAcoi4Oj/PCIeq/lccpm', 'shl771@gmail.com', 'images/profiles/21.jpg', '2025-04-08 00:18:14', '2025-04-06 01:04:46', 'متصل', 3, '777555220', 'انثى', 'طالب', 205, 1, '2025-04-05 21:48:19', '2025-04-07 21:18:14'),
(22, '5404515', 'سيف بركات', '$2y$12$wgBeVy6lA8/i.4nUnXQ2SO2gJw/P5YofklT2ZsFX.os6ERqYT3n9W', 'saif771@gmail.com', 'images/profiles/22.png', '2025-04-14 09:59:16', '2025-04-14 10:06:31', 'غير متصل', 7, '777551155', 'ذكر', 'طالب', 58, 1, '2025-04-05 22:18:25', '2025-04-14 07:06:31'),
(23, '3351931', 'حاتم محمد', '$2y$12$t2/aNLHQTnviEoLOAhB33eYYfMbgSjP2rsk6FQDDT9oR2BTlznkVa', 'hatem101@gmail.com', 'images/profiles/23.jpg', '2025-04-06 12:22:25', '2025-04-06 12:22:16', 'متصل', 8, '777501155', 'ذكر', 'طالب', 32, 0, '2025-04-06 09:21:03', '2025-04-10 22:16:23'),
(24, '6325753', 'محمد خالد', '$2y$12$I52JKkJ9I71VamfcroqYAOtESnIsRaMGVLhtIOLgLeoRXohRDYIaC', 'admin102@gmail.com', 'images/profiles/24.png', '2025-04-11 00:58:28', '2025-04-11 02:39:54', 'غير متصل', 4, '778802445', 'ذكر', 'طالب', 149, 1, '2025-04-07 22:09:11', '2025-04-10 23:39:54'),
(25, '7682738', 'علي محمد', '$2y$12$WnXrXRshdeg8fuCEYIuCjuXiT/mBeOgD8KMEEnUhJbAYYfeyO9XT6', 'mohammed0021@yotta.com', 'images/profiles/25.webp', '2025-04-10 22:38:22', '2025-04-10 23:02:44', 'غير متصل', 4, '787810254', 'ذكر', 'طالب', 147, 1, '2025-04-08 09:26:56', '2025-04-10 20:02:44'),
(26, '7514484', 'منى حسين', '$2y$12$DA7vhX99ushi81TGbTK2Ae.3h.QGZtsb5oLboJUE5EYikdFCXgFeG', 'arafat71@gmail.com', 'images/profiles/26.jpg', '2025-04-10 22:57:05', '2025-04-10 23:01:22', 'غير متصل', 7, '778899440', 'انثى', 'طالب', 175, 1, '2025-04-08 09:34:18', '2025-04-10 20:01:22'),
(27, '1916234', 'حسن أحمد', '$2y$12$5zfz4WDviZfQnezhUJo.uO429keA90u/Sr9ygjoZvpWCSZlVOsln.', 'hasan71@gmail.com', 'images/profiles/default.png', '2025-04-14 09:55:04', '2025-04-14 09:58:58', 'غير متصل', 7, '778854100', 'ذكر', 'طالب', 190, 1, '2025-04-08 19:58:47', '2025-04-14 06:58:58'),
(28, '2665134', 'عباد محمد', '$2y$12$j0bCPX54ulcVB6LScTcjjuK99Iv4/Q3r8AXIBmRsw8szzVHH/M2c2', 'Obad773154561@gmail.com', 'images/profiles/default.png', '2025-04-12 01:43:02', '2025-04-10 01:49:30', 'متصل', 3, '7774777410', 'ذكر', 'معلم', 15, 1, '2025-04-08 21:21:53', '2025-04-11 22:43:02'),
(29, '1069653', 'المعتصم بالله', '$2y$12$iMzf68vNFXQN8BDfjK0QQeGSd/41Dt2oekU8.1q3uSET6GI20byBS', 'moatsem000@gmail.com', 'images/profiles/default.png', '2025-04-13 12:27:19', '2025-04-11 00:28:21', 'متصل', 3, '777777410', 'ذكر', 'معلم', 8, 0, '2025-04-10 19:39:41', '2025-04-14 06:50:27'),
(30, '3041146', 'سعيد محمد', '$2y$12$jhQa2R1SttiSBAVVuSS7NulvSi1r8L0Z244ib5xYGCHuBX897Vi.W', 'saidmohammed000@gmail.com', 'images/profiles/default.png', '2025-04-11 23:20:00', '2025-04-12 01:15:15', 'غير متصل', 7, '777888555', 'ذكر', 'طالب', 170, 1, '2025-04-10 22:07:07', '2025-04-11 22:15:15');
COMMIT;

/*!40101 SET CHARACTER_SET_CLIENT=@OLD_CHARACTER_SET_CLIENT */;
/*!40101 SET CHARACTER_SET_RESULTS=@OLD_CHARACTER_SET_RESULTS */;
/*!40101 SET COLLATION_CONNECTION=@OLD_COLLATION_CONNECTION */;
