[
    {
        "option_1": "MQTT",
        "option_2": "HTTP",
        "option_3": "CoAP",
        "option_4": "WebSocket",
        "question": "ما هو البروتوكول الأكثر استخدامًا في تطبيقات الويب لإنترنت الأشياء؟",
        "correct_answer": "HTTP"
    },
    {
        "option_1": "",
        "option_2": "",
        "option_3": "",
        "option_4": "",
        "question": "",
        "correct_answer": ""
    },
    {
        "option_1": "توفير أمان عالي",
        "option_2": "تقليل استهلاك البيانات والطاقة",
        "option_3": "سرعة نقل البيانات",
        "option_4": "سهولة التشفير",
        "question": "ما الفائدة الأساسية من استخدام بروتوكول MQTT في إنترنت الأشياء؟",
        "correct_answer": "تقليل استهلاك البيانات والطاقة"
    },
    {
        "option_1": "طبقة النقل",
        "option_2": "طبقة التطبيق",
        "option_3": "طبقة الربط البيانات",
        "option_4": "طبقة الجلسة",
        "question": "أي من الطبقات التالية لا تنتمي إلى نموذج TCP/IP؟",
        "correct_answer": "طبقة الجلسة"
    }
]